segment,start,target,spacer,strand,antitag,GC_content,A_content,has_crRNA_hairpin,crRNA_spacer_basepairs,gRNA_MFE,specificity,match_against_hg38,match_against_bosTau9,label,exon_only,dbSNP153,guide_id,bed_chrEnd,bed_chrStart,crRNA_seq
hg38_knownGene_ENST00000675515.1,35222,TGCTATCCAGGCTGTGCTAT,AUAGCACAGCCUGGAUAGCA,+,CCCU,0.5,0.35,TRUE,0,-6.1,1,0,0,exon4,TRUE,0,actb_35222,5528681,5528662,uagaccaccccaaaaaugaaggggacuaaaacAUAGCACAGCCUGGAUAGCA
hg38_knownGene_ENST00000675515.1,35494,AAGAGATGGCCACGGCTGCT,AGCAGCCGUGGCCAUCUCUU,+,UCCA,0.6,0.15,TRUE,0,-6.1,1,0,0,exon4,TRUE,0,actb_35494,5528409,5528390,uagaccaccccaaaaaugaaggggacuaaaacAGCAGCCGUGGCCAUCUCUU
hg38_knownGene_ENST00000675515.1,36374,TGATTGCACATTGTTGTTTT,AAAACAACAAUGUGCAAUCA,+,UUUA,0.3,0.55,TRUE,0,-6.1,1,0,0,exon6,TRUE,0,actb_36374,5527529,5527510,uagaccaccccaaaaaugaaggggacuaaaacAAAACAACAAUGUGCAAUCA
hg38_knownGene_ENST00000675515.1,36375,GATTGCACATTGTTGTTTTT,AAAAACAACAAUGUGCAAUC,+,UUAA,0.3,0.55,TRUE,0,-6.1,1,0,0,exon6,TRUE,0,actb_36375,5527528,5527509,uagaccaccccaaaaaugaaggggacuaaaacAAAAACAACAAUGUGCAAUC
hg38_knownGene_ENST00000675515.1,36376,ATTGCACATTGTTGTTTTTT,AAAAAACAACAAUGUGCAAU,+,UAAU,0.25,0.6,TRUE,0,-6.1,1,0,2,exon6,TRUE,0,actb_36376,5527527,5527508,uagaccaccccaaaaaugaaggggacuaaaacAAAAAACAACAAUGUGCAAU
hg38_knownGene_ENST00000675515.1,36378,TGCACATTGTTGTTTTTTTA,UAAAAAAACAACAAUGUGCA,+,AUAG,0.25,0.6,TRUE,0,-6.1,1,0,3,exon6,TRUE,0,actb_36378,5527525,5527506,uagaccaccccaaaaaugaaggggacuaaaacUAAAAAAACAACAAUGUGCA
hg38_knownGene_ENST00000675515.1,36379,GCACATTGTTGTTTTTTTAA,UUAAAAAAACAACAAUGUGC,+,UAGU,0.25,0.55,TRUE,0,-6.1,1,0,21,exon6,TRUE,0,actb_36379,5527524,5527505,uagaccaccccaaaaaugaaggggacuaaaacUUAAAAAAACAACAAUGUGC
hg38_knownGene_ENST00000675515.1,36386,GTTGTTTTTTTAATAGTCAT,AUGACUAUUAAAAAAACAAC,+,UCCA,0.2,0.6,TRUE,0,-6.1,1,0,4,exon6,TRUE,0,actb_36386,5527517,5527498,uagaccaccccaaaaaugaaggggacuaaaacAUGACUAUUAAAAAAACAAC
hg38_knownGene_ENST00000401707.7,6108,TCTGTCCTCTGGCTTTGTGG,CCACAAAGCCAGAGGACAGA,+,CUGA,0.55,0.45,TRUE,0,-6.1,1,0,2,exon2,TRUE,0,pop1_6108,98123419,98123400,uagaccaccccaaaaaugaaggggacuaaaacCCACAAAGCCAGAGGACAGA
hg38_knownGene_ENST00000401707.7,6122,TTGTGGCTGACAGAGGTGTA,UACACCUCUGUCAGCCACAA,+,AAGC,0.5,0.3,TRUE,0,-6.1,1,0,2,exon2,TRUE,0,pop1_6122,98123433,98123414,uagaccaccccaaaaaugaaggggacuaaaacUACACCUCUGUCAGCCACAA
hg38_knownGene_ENST00000401707.7,6166,CCTTTCCAAGCTCAAAAACA,UGUUUUUGAGCUUGGAAAGG,+,AGGU,0.4,0.2,TRUE,0,-6.1,1,0,1,exon2,TRUE,0,pop1_6166,98123477,98123458,uagaccaccccaaaaaugaaggggacuaaaacUGUUUUUGAGCUUGGAAAGG
hg38_knownGene_ENST00000401707.7,10365,CCTGAAGTGAATGAGCAGTC,GACUGCUCAUUCACUUCAGG,+,UUCC,0.5,0.2,TRUE,0,-6.1,1,0,0,exon3,TRUE,0,pop1_10365,98127676,98127657,uagaccaccccaaaaaugaaggggacuaaaacGACUGCUCAUUCACUUCAGG
hg38_knownGene_ENST00000401707.7,10412,GGGAGGATGGAAAGCAGGTC,GACCUGCUUUCCAUCCUCCC,+,CCGA,0.6,0.1,TRUE,0,-6.1,1,0,9,exon3,TRUE,0,pop1_10412,98127723,98127704,uagaccaccccaaaaaugaaggggacuaaaacGACCUGCUUUCCAUCCUCCC
hg38_knownGene_ENST00000401707.7,11102,GAAATCAGTGCTATGTTAAA,UUUAACAUAGCACUGAUUUC,+,AGCU,0.3,0.3,TRUE,0,-6.1,1,0,2,exon4,TRUE,0,pop1_11102,98128413,98128394,uagaccaccccaaaaaugaaggggacuaaaacUUUAACAUAGCACUGAUUUC
hg38_knownGene_ENST00000401707.7,11136,AGTCTTCGAATTCACTGGTT,AACCAGUGAAUUCGAAGACU,+,UUUC,0.4,0.4,TRUE,0,-6.1,1,0,0,exon4,TRUE,0,pop1_11136,98128447,98128428,uagaccaccccaaaaaugaaggggacuaaaacAACCAGUGAAUUCGAAGACU
hg38_knownGene_ENST00000401707.7,12689,GAGAAAGCCGTACATCAGAA,UUCUGAUGUACGGCUUUCUC,+,AAAA,0.45,0.1,TRUE,0,-6.1,1,0,6,exon5,TRUE,0,pop1_12689,98130000,98129981,uagaccaccccaaaaaugaaggggacuaaaacUUCUGAUGUACGGCUUUCUC
