"","target","spacer","start","PAM","match_against_hg38","viral_genome_5prime","viral_genome_3prime","IVT_window"
"1","CTTGGTACACGGAACGTTCT","AGAACGUUCCGUGUACCAAG",981,"TTTC",0,"TGAACATGAGCATGAAATTG","GAAAAGAGCTATGAATTGCA","TGAACATGAGCATGAAATTGCTTGGTACACGGAACGTTCTGAAAAGAGCTATGAATTGCA"
"2","TGGCAGACGGGCGATTTTGT","ACAAAAUCGCCCGUCUGCCA",1256,"TTTA",1,"ATCATTGTGGTGAAACTTCA","TAAAGCCACTTGCGAATTTT","ATCATTGTGGTGAAACTTCATGGCAGACGGGCGATTTTGTTAAAGCCACTTGCGAATTTT"
"3","AGTTTCTTAGAGACGGTTGG","CCAACCGUCUCUAAGAAACU",2184,"TTTC",2,"GAAGTTTAAGGAAGGTGTAG","GAAATTGTTAAATTTATCTC","GAAGTTTAAGGAAGGTGTAGAGTTTCTTAGAGACGGTTGGGAAATTGTTAAATTTATCTC"
"4","CAAAAGATCGCTGAGATTCC","GGAAUCUCAGCGAUCUUUUG",3866,"TTTA",3,"AGAGTGAAAAGCAAGTTGAA","TAAAGAGGAAGTTAAGCCAT","AGAGTGAAAAGCAAGTTGAACAAAAGATCGCTGAGATTCCTAAAGAGGAAGTTAAGCCAT"
"5","AGAGTCTTGAACGTGGTGTG","CACACCACGUUCAAGACUCU",5501,"TTTA",3,"CCAATTTAGATTCTTGCAAA","TAAAACTTGTGGACAACAGC","CCAATTTAGATTCTTGCAAAAGAGTCTTGAACGTGGTGTGTAAAACTTGTGGACAACAGC"
"6","GTTGTAGGAGACATTATACT","AGUAUAAUGUCUCCUACAAC",6476,"TTTA",5,"GTAATGTGAAAACTACCGAA","TAAACCAGCAAATAATAGTT","GTAATGTGAAAACTACCGAAGTTGTAGGAGACATTATACTTAAACCAGCAAATAATAGTT"
"7","AGAGACTTGTCACTACAGTT","AACUGUAGUGACAAGUCUCU",7676,"TTTA",5,"TTATTAGTGATGAAGTTGCG","TAAAAGACCAATAAATCCTA","TTATTAGTGATGAAGTTGCGAGAGACTTGTCACTACAGTTTAAAAGACCAATAAATCCTA"
"8","TTGGTTGTACGCTGCTGTTA","UAACAGCAGCGUACAACCAA",10672,"TTTA",2,"ATTACAGTTAATGTTTTAGC","TAAATGGAGACAGGTGGTTT","ATTACAGTTAATGTTTTAGCTTGGTTGTACGCTGCTGTTATAAATGGAGACAGGTGGTTT"
"9","CTAATTGTTGTCGCTTCCAA","UUGGAAGCGACAACAAUUAG",13592,"TTTC",4,"TTTTGCTAAATTCCTAAAAA","GAAAAGGACGAAGATGACAA","TTTTGCTAAATTCCTAAAAACTAATTGTTGTCGCTTCCAAGAAAAGGACGAAGATGACAA"
"10","GTCAAACCCGGTAATTTTAA","UUAAAAUUACCGGGUUUGAC",14668,"TTTG",5,"ACAATGTTGCTTTTCAAACT","CAAAGACTTCTATGACTTTG","ACAATGTTGCTTTTCAAACTGTCAAACCCGGTAATTTTAACAAAGACTTCTATGACTTTG"
"11","GTCATCGTCAACAACCTAGA","UCUAGGUUGUUGACGAUGAC",14917,"TTTG",2,"GCTGTATTAATGCTAACCAA","CAAATCAGCTGGTTTTCCAT","GCTGTATTAATGCTAACCAAGTCATCGTCAACAACCTAGACAAATCAGCTGGTTTTCCAT"
"12","ACCTAGACCACCACTTAACC","GGUUAAGUGGUGGUCUAGGU",16749,"TTTC",2,"CTTTCATGGGAAGTTGGTAA","GAAATTATGTCTTTACTGGT","CTTTCATGGGAAGTTGGTAAACCTAGACCACCACTTAACCGAAATTATGTCTTTACTGGT"
"13","TAGTGCGTATAAAGATTGTA","UACAAUCUUUAUACGCACUA",18521,"TTTG",3,"CAAAGGACTTCCTTGGAATG","CAAATGTTAAGTGACACACT","CAAAGGACTTCCTTGGAATGTAGTGCGTATAAAGATTGTACAAATGTTAAGTGACACACT"
"14","GAAGATTAATGCGGCTTGTA","UACAAGCCGCAUUAAUCUUC",18948,"TTTC",2,"CCTATAATTGGTGATGAACT","GAAAGGTTCAACACATGGTT","CCTATAATTGGTGATGAACTGAAGATTAATGCGGCTTGTAGAAAGGTTCAACACATGGTT"
"15","AGGCATAATGATGAATGTCG","CGACAUUCAUCAUUAUGCCU",20772,"TTTG",5,"GATAGTGCAACATTACCTAA","CAAAATATACTCAACTGTGT","GATAGTGCAACATTACCTAAAGGCATAATGATGAATGTCGCAAAATATACTCAACTGTGT"
"16","TAACTCTATTGCCATACCCA","UGGGUAUGGCAAUAGAGUUA",23689,"TTTG",3,"AATTCAGTTGCTTACTCTAA","CAAATTTTACTATTAGTGTT","AATTCAGTTGCTTACTCTAATAACTCTATTGCCATACCCACAAATTTTACTATTAGTGTT"
"17","TATTGTTAACGTGAGTCTTG","CAAGACUCACGUUAACAAUA",26379,"TTTA",4,"TTGTGTGCGTACTGCTGCAA","TAAAACCTTCTTTTTACGTT","TTGTGTGCGTACTGCTGCAATATTGTTAACGTGAGTCTTGTAAAACCTTCTTTTTACGTT"
"18","ACTATTACCGTTGAAGAGCT","AGCUCUUCAACGGUAAUAGU",26541,"TTTA",2,"CCATGGCAGATTCCAACGGT","TAAAAAGCTCCTTGAACAAT","CCATGGCAGATTCCAACGGTACTATTACCGTTGAAGAGCTTAAAAAGCTCCTTGAACAAT"
"19","CGTGGTGGTGACGGTAAAAT","AUUUUACCGUCACCACCACG",28556,"TTTC",2,"GAAGAGCTACCAGACGAATT","GAAAGATCTCAGTCCAAGAT","GAAGAGCTACCAGACGAATTCGTGGTGGTGACGGTAAAATGAAAGATCTCAGTCCAAGAT"
"20","CTGATTACAAACATTGGCCG","CGGCCAAUGUUUGUAAUCAG",29160,"TTTG",2,"GGAACTAATCAGACAAGGAA","CAAATTGCACAATTTGCCCC","GGAACTAATCAGACAAGGAACTGATTACAAACATTGGCCGCAAATTGCACAATTTGCCCC"
