"start","target","spacer","strand","antitag","GC_content","A_content","dist_to_3primeEnd","covid19_mismatch_0","covid19_mismatch_1","covid19_mismatch_2","sensitivity_0","sensitivity_01","has_crRNA_hairpin","crRNA_spacer_basepairs","target_basepairing_prob","specificity","match_against_hg38","match_against_bosTau9","no_offtarget_vir","no_offtarget_bac","shape_map","dms_map","gblock","region","to.order","guide.sequence","Notes","NCR.id","new_hairpin"
366,"CCGTGGAGGAGGTCTTATCA","UGAUAAGACCUCCUCCACGG","+","GAGG",0.55,0.25,29537,5586,22,20,0.992537313,0.99644634,TRUE,0,0.549,1,0,0,TRUE,TRUE,FALSE,FALSE,"gblock1",1,1,"uagaccagcccaaaaaugaagggcacuaaaacUGAUAAGACCUCCUCCACGG","","NCR_504",TRUE
510,"GTCATGTTATGGTTGAGCTG","CAGCUCAACCAUAACAUGAC","+","GUAG",0.45,0.4,29393,5586,22,20,0.992537313,0.99644634,TRUE,0,0.5495,1,0,0,FALSE,TRUE,TRUE,TRUE,"gblock1",2,1,"uagaccagcccaaaaaugaagggcacuaaaacCAGCUCAACCAUAACAUGAC","","NCR_505",TRUE
936,"CTAAGAGGGGTGTATACTGC","GCAGUAUACACCCCUCUUAG","+","UGCC",0.5,0.25,28967,5618,8,2,0.99822317,0.999644634,TRUE,0,0.5025,1,0,0,TRUE,TRUE,FALSE,FALSE,"gblock1",3,1,"uagaccagcccaaaaaugaagggcacuaaaacGCAGUAUACACCCCUCUUAG","","NCR_506",FALSE
1381,"ATGTCACAATTCAGAAGTAG","CUACUUCUGAAUUGUGACAU","+","GACC",0.35,0.25,28522,5528,98,2,0.982231699,0.999644634,TRUE,0,0.5795,1,0,0,TRUE,TRUE,FALSE,TRUE,"gblock1",4,1,"uagaccagcccaaaaaugaagggcacuaaaacCUACUUCUGAAUUGUGACAU","","NCR_507",TRUE
1495,"GTTCTCTTATGTTGGTTGCC","GGCAACCAACAUAAGAGAAC","+","AUAA",0.45,0.5,28408,5623,2,3,0.999111585,0.999466951,TRUE,0,0.762,1,0,1,TRUE,TRUE,FALSE,FALSE,"gblock1",5,1,"uagaccagcccaaaaaugaagggcacuaaaacGGCAACCAACAUAAGAGAAC","","NCR_508",TRUE
1545,"CTAGCGCTAACATAGGTTGT","ACAACCUAUGUUAGCGCUAG","+","AACC",0.45,0.3,28358,5617,8,3,0.998045487,0.999466951,TRUE,0,0.6885,1,0,0,TRUE,TRUE,FALSE,FALSE,"gblock1",6,1,"uagaccagcccaaaaaugaagggcacuaaaacACAACCUAUGUUAGCGCUAG","","NCR_509",TRUE
1733,"ACTGTGAAAGGTTTGGATTA","UAAUCCAAACCUUUCACAGU","+","UAAA",0.35,0.35,28170,5621,7,0,0.998756219,1,TRUE,0,0.521,1,0,15,FALSE,TRUE,TRUE,FALSE,"gblock1",7,1,"uagaccagcccaaaaaugaagggcacuaaaacUAAUCCAAACCUUUCACAGU","","NCR_510",FALSE
2439,"AAGAAACTGGCCTACTCATG","CAUGAGUAGGCCAGUUUCUU","+","CCUC",0.45,0.2,27464,5508,20,100,0.978678038,0.982231699,TRUE,0,0.3395,1,0,0,FALSE,FALSE,TRUE,TRUE,"gblock1",8,1,"uagaccagcccaaaaaugaagggcacuaaaacCAUGAGUAGGCCAGUUUCUU","","NCR_511",TRUE
2614,"TTGTATTAACGGGCTTATGT","ACAUAAGCCCGUUAAUACAA","+","UGCU",0.35,0.45,27289,5543,8,77,0.984896944,0.986318408,TRUE,0,0.4695,1,0,0,TRUE,TRUE,FALSE,FALSE,"gblock1",9,1,"uagaccagcccaaaaaugaagggcacuaaaacACAUAAGCCCGUUAAUACAA","","NCR_512",TRUE
2866,"AGTAAATGAGTTCGCCTGTG","CACAGGCGAACUCAUUUACU","+","UUGU",0.45,0.3,27037,5622,3,3,0.998933902,0.999466951,TRUE,0,0.765,1,0,0,TRUE,TRUE,FALSE,FALSE,"gblock1",10,1,"uagaccagcccaaaaaugaagggcacuaaaacCACAGGCGAACUCAUUUACU","","NCR_513",TRUE
3565,"TGGTAGTTGTGTTTTAAGCG","CGCUUAAAACACAACUACCA","+","GACA",0.4,0.45,26338,5622,2,4,0.998933902,0.999289268,TRUE,0,0.74,1,0,0,TRUE,TRUE,FALSE,FALSE,"gblock1",11,1,"uagaccagcccaaaaaugaagggcacuaaaacCGCUUAAAACACAACUACCA","","NCR_514",TRUE
3777,"CAAATGTCTACTTAGCTGTC","GACAGCUAAGUAGACAUUUG","+","UUUG",0.4,0.35,26126,5598,18,12,0.99466951,0.997867804,TRUE,0,0.489,1,0,0,FALSE,TRUE,FALSE,TRUE,"gblock1",12,1,"uagaccagcccaaaaaugaagggcacuaaaacGACAGCUAAGUAGACAUUUG","","NCR_515",TRUE
4423,"CAAATTAATGCCTGTCTGTG","CACAGACAGGCAUUAAUUUG","+","UGGA",0.4,0.35,25480,5617,3,8,0.998045487,0.998578536,TRUE,0,0.6095,1,0,0,TRUE,TRUE,FALSE,FALSE,"gblock1",13,1,"uagaccagcccaaaaaugaagggcacuaaaacCACAGACAGGCAUUAAUUUG","","NCR_516",TRUE
4475,"CGTAAATATAAGGGTATTAA","UUAAUACCCUUAUAUUUACG","+","AAUA",0.25,0.3,25428,5617,4,7,0.998045487,0.998756219,TRUE,0,0.4745,1,0,0,FALSE,TRUE,TRUE,FALSE,"gblock1",14,1,"uagaccagcccaaaaaugaagggcacuaaaacUUAAUACCCUUAUAUUUACG","","NCR_517",FALSE
4953,"GAGAAGTGAGGACTATTAAG","CUUAAUAGUCCUCACUUCUC","+","GUGU",0.4,0.2,24950,5618,4,6,0.99822317,0.998933902,TRUE,0,0.7205,1,0,0,TRUE,FALSE,TRUE,FALSE,"gblock2",15,1,"uagaccagcccaaaaaugaagggcacuaaaacCUUAAUAGUCCUCACUUCUC","","NCR_518",FALSE
4961,"AGGACTATTAAGGTGTTTAC","GUAAACACCUUAAUAGUCCU","+","AACA",0.35,0.35,24942,5617,5,6,0.998045487,0.998933902,TRUE,0,0.7275,1,0,0,FALSE,TRUE,TRUE,FALSE,"gblock2",15,1,"uagaccagcccaaaaaugaagggcacuaaaacGUAAACACCUUAAUAGUCCU","","NCR_519",FALSE
5143,"TCTACGTGTTGAGGCTTTTG","CAAAAGCCUCAACACGUAGA","+","AGUA",0.45,0.45,24760,5618,5,5,0.99822317,0.999111585,TRUE,0,0.447,1,0,0,TRUE,TRUE,FALSE,FALSE,"gblock2",16,1,"uagaccagcccaaaaaugaagggcacuaaaacCAAAAGCCUCAACACGUAGA","","NCR_520",TRUE
5461,"GAGTTACTTGTTTCAACATG","CAUGUUGAAACAAGUAACUC","+","CCAA",0.35,0.4,24442,5605,11,12,0.995913291,0.997867804,TRUE,0,0.6315,1,0,0,TRUE,TRUE,FALSE,FALSE,"gblock2",17,1,"uagaccagcccaaaaaugaagggcacuaaaacCAUGUUGAAACAAGUAACUC","","NCR_521",TRUE
6030,"ACGCAAGCTTCGATAATTTT","AAAAUUAUCGAAGCUUGCGU","+","AAGU",0.35,0.35,23873,5609,12,7,0.996624023,0.998756219,TRUE,0,0.5565,1,0,0,TRUE,TRUE,TRUE,FALSE,"gblock2",18,1,"uagaccagcccaaaaaugaagggcacuaaaacAAAAUUAUCGAAGCUUGCGU","","NCR_522",TRUE
6123,"GAGAGCTTAAAGTTACATTT","AAAUGUAACUUUAAGCUCUC","+","UUCC",0.3,0.35,23780,5625,2,1,0.999466951,0.999822317,TRUE,0,0.518,1,0,0,TRUE,TRUE,FALSE,TRUE,"gblock2",19,1,"uagaccagcccaaaaaugaagggcacuaaaacAAAUGUAACUUUAAGCUCUC","","NCR_523",TRUE
6282,"ATACCTGGTGTATACGTTGT","ACAACGUAUACACCAGGUAU","+","CUUU",0.4,0.4,23621,5612,6,10,0.997157072,0.99822317,TRUE,0,0.613,1,0,0,TRUE,TRUE,FALSE,FALSE,"gblock2",20,1,"uagaccagcccaaaaaugaagggcacuaaaacACAACGUAUACACCAGGUAU","","NCR_524",TRUE
6330,"CAAATTCGTTTGATGTACTG","CAGUACAUCAAACGAAUUUG","+","AAGU",0.35,0.4,23573,5609,4,15,0.996624023,0.997334755,TRUE,0,0.6985,1,0,1,TRUE,TRUE,FALSE,FALSE,"gblock2",21,1,"uagaccagcccaaaaaugaagggcacuaaaacCAGUACAUCAAACGAAUUUG","","NCR_525",TRUE
6501,"CAGCAAATAATAGTTTAAAA","UUUUAAACUAUUAUUUGCUG","+","AUUA",0.2,0.25,23402,5599,11,18,0.994847193,0.996801706,TRUE,0,0.3045,1,0,0,TRUE,FALSE,TRUE,FALSE,"gblock2",22,1,"uagaccagcccaaaaaugaagggcacuaaaacUUUUAAACUAUUAUUUGCUG","","NCR_526",TRUE
6883,"CGGTAAATTTTGTCTAGAGG","CCUCUAGACAAAAUUUACCG","+","CUUC",0.4,0.35,23020,5541,10,77,0.984541578,0.986318408,TRUE,0,0.587,1,0,0,TRUE,TRUE,FALSE,FALSE,"gblock2",23,1,"uagaccagcccaaaaaugaagggcacuaaaacCCUCUAGACAAAAUUUACCG","","NCR_527",TRUE
7261,"TCTTTTCACTAGGTTTTTCT","AGAAAAACCUAGUGAAAAGA","+","AUGU",0.3,0.6,22642,5614,6,8,0.997512438,0.998578536,TRUE,0,0.3865,1,0,0,TRUE,FALSE,FALSE,TRUE,"gblock2",24,1,"uagaccagcccaaaaaugaagggcacuaaaacAGAAAAACCUAGUGAAAAGA","","NCR_528",TRUE
7721,"CAGTCTTCTTACATCGTTGA","UCAACGAUGUAAGAAGACUG","+","UAGU",0.4,0.4,22182,5613,7,8,0.997334755,0.998578536,TRUE,0,0.5025,1,0,0,TRUE,TRUE,FALSE,FALSE,"gblock2",25,1,"uagaccagcccaaaaaugaagggcacuaaaacUCAACGAUGUAAGAAGACUG","","NCR_529",TRUE
7731,"ACATCGTTGATAGTGTTACA","UGUAACACUAUCAACGAUGU","+","GUGA",0.35,0.35,22172,5617,2,9,0.998045487,0.998400853,TRUE,0,0.4915,1,0,0,TRUE,TRUE,FALSE,TRUE,"gblock2",25,1,"uagaccagcccaaaaaugaagggcacuaaaacUGUAACACUAUCAACGAUGU","","NCR_530",TRUE
8910,"TGCATTTCTTACCTAGAGTT","AACUCUAGGUAAGAAAUGCA","+","UUUA",0.35,0.45,20993,5615,12,1,0.997690121,0.999822317,TRUE,0,0.525,1,0,0,FALSE,TRUE,FALSE,TRUE,"gblock2",26,1,"uagaccagcccaaaaaugaagggcacuaaaacAACUCUAGGUAAGAAAUGCA","","NCR_531",TRUE
8969,"CTTATAGAGTACACTGACTT","AAGUCAGUGUACUCUAUAAG","+","UGCA",0.35,0.35,20934,5619,9,0,0.998400853,1,TRUE,0,0.524,1,0,2,FALSE,TRUE,FALSE,TRUE,"gblock2",27,1,"uagaccagcccaaaaaugaagggcacuaaaacAAGUCAGUGUACUCUAUAAG","","NCR_532",FALSE
9093,"TTGCTTATGAAAGTTTACGC","GCGUAAACUUUCAUAAGCAA","+","CCUG",0.35,0.4,20810,5619,7,2,0.998400853,0.999644634,TRUE,4,0.49,1,0,0,TRUE,TRUE,FALSE,FALSE,"gblock2",28,1,"uagaccagcccaaaaaugaagggcacuaaaacGCGUAAACUUUCAUAAGCAA","","NCR_533",TRUE
9626,"TCTTTTTTAGCACATATTCA","UGAAUAUGUGCUAAAAAAGA","+","GUGG",0.25,0.5,20277,5610,12,6,0.996801706,0.998933902,TRUE,0,0.3475,1,0,5,TRUE,FALSE,FALSE,TRUE,"gblock2",29,1,"uagaccagcccaaaaaugaagggcacuaaaacUGAAUAUGUGCUAAAAAAGA","","NCR_534",TRUE
9637,"ACATATTCAGTGGATGGTTA","UAACCAUCCACUGAAUAUGU","+","UGUU",0.35,0.35,20266,5611,6,11,0.996979389,0.998045487,TRUE,0,0.6095,1,0,0,FALSE,TRUE,FALSE,TRUE,"gblock2",29,1,"uagaccagcccaaaaaugaagggcacuaaaacUAACCAUCCACUGAAUAUGU","","NCR_535",TRUE
9674,"CCTTTCTGGATAACAATTGC","GCAAUUGUUAUCCAGAAAGG","+","UUAU",0.4,0.35,20229,5617,6,5,0.998045487,0.999111585,TRUE,0,0.631,1,0,0,FALSE,TRUE,FALSE,TRUE,"gblock2",30,1,"uagaccagcccaaaaaugaagggcacuaaaacGCAAUUGUUAUCCAGAAAGG","","NCR_536",TRUE
9693,"CTTATATCATTTGTATTTCC","GGAAAUACAAAUGAUAUAAG","+","ACAA",0.25,0.55,20210,5617,3,8,0.998045487,0.998578536,TRUE,0,0.45,1,0,0,TRUE,FALSE,FALSE,TRUE,"gblock2",30,1,"uagaccagcccaaaaaugaagggcacuaaaacGGAAAUACAAAUGAUAUAAG","","NCR_537",TRUE
9953,"GCTTGTTGTCATCTCGCAAA","UUUGCGAGAUGACAACAAGC","+","GGCU",0.45,0.35,19950,5603,23,2,0.995557925,0.999644634,TRUE,0,0.601,1,0,0,FALSE,TRUE,FALSE,TRUE,"gblock3",31,1,"uagaccagcccaaaaaugaagggcacuaaaacUUUGCGAGAUGACAACAAGC","","NCR_538",TRUE
9963,"ATCTCGCAAAGGCTCTCAAT","AUUGAGAGCCUUUGCGAGAU","+","GACU",0.45,0.25,19940,5619,6,3,0.998400853,0.999466951,TRUE,0,0.4345,1,0,0,TRUE,FALSE,FALSE,TRUE,"gblock3",31,1,"uagaccagcccaaaaaugaagggcacuaaaacAUUGAGAGCCUUUGCGAGAU","","NCR_539",TRUE
10073,"GCATTCCCATCTGGTAAAGT","ACUUUACCAGAUGGGAAUGC","+","UGAG",0.45,0.3,19830,5622,5,1,0.998933902,0.999822317,TRUE,4,0.5525,1,0,0,FALSE,TRUE,FALSE,TRUE,"gblock3",32,1,"uagaccagcccaaaaaugaagggcacuaaaacACUUUACCAGAUGGGAAUGC","","NCR_540",FALSE
10144,"TTGGCTTGATGACGTAGTTT","AAACUACGUCAUCAAGCCAA","+","ACUG",0.4,0.45,19759,5622,4,2,0.998933902,0.999644634,TRUE,0,0.524,1,0,0,FALSE,TRUE,FALSE,TRUE,"gblock3",33,1,"uagaccagcccaaaaaugaagggcacuaaaacAAACUACGUCAUCAAGCCAA","","NCR_541",TRUE
10155,"ACGTAGTTTACTGTCCAAGA","UCUUGGACAGUAAACUACGU","+","CAUG",0.4,0.3,19748,5621,5,2,0.998756219,0.999644634,TRUE,0,0.658,1,0,0,TRUE,FALSE,FALSE,TRUE,"gblock3",33,1,"uagaccagcccaaaaaugaagggcacuaaaacUCUUGGACAGUAAACUACGU","","NCR_542",TRUE
10188,"CCTCTGAAGACATGCTTAAC","GUUAAGCAUGUCUUCAGAGG","+","CCUA",0.45,0.25,19715,5620,5,3,0.998578536,0.999466951,TRUE,0,0.479,1,0,0,FALSE,TRUE,TRUE,FALSE,"gblock3",34,1,"uagaccagcccaaaaaugaagggcacuaaaacGUUAAGCAUGUCUUCAGAGG","","NCR_543",TRUE
10314,"TTAAGCTTAAGGTTGATACA","UGUAUCAACCUUAAGCUUAA","+","GCCA",0.3,0.35,19589,5523,102,3,0.981343284,0.999466951,TRUE,0,0.629,1,0,0,TRUE,FALSE,FALSE,TRUE,"gblock3",35,1,"uagaccagcccaaaaaugaagggcacuaaaacUGUAUCAACCUUAAGCUUAA","","NCR_544",TRUE
10521,"GTGTCTCTTTTTGTTACATG","CAUGUAACAAAAAGAGACAC","+","CACC",0.35,0.55,19382,5622,4,2,0.998933902,0.999644634,TRUE,0,0.502,1,0,0,FALSE,TRUE,FALSE,TRUE,"gblock3",36,1,"uagaccagcccaaaaaugaagggcacuaaaacCAUGUAACAAAAAGAGACAC","","NCR_545",TRUE
10699,"AGACAGGTGGTTTCTCAATC","GAUUGAGAAACCACCUGUCU","+","GAUU",0.45,0.3,19204,5621,6,1,0.998756219,0.999822317,TRUE,0,0.483,1,0,0,FALSE,TRUE,TRUE,FALSE,"gblock3",37,1,"uagaccagcccaaaaaugaagggcacuaaaacGAUUGAGAAACCACCUGUCU","","NCR_546",TRUE
11051,"CAGAGTACTCAATGGTCTTT","AAAGACCAUUGAGUACUCUG","+","GUUC",0.4,0.35,18852,5625,2,1,0.999466951,0.999822317,TRUE,0,0.5755,1,0,1,FALSE,TRUE,FALSE,TRUE,"gblock3",38,1,"uagaccagcccaaaaaugaagggcacuaaaacAAAGACCAUUGAGUACUCUG","","NCR_547",TRUE
12607,"TAGTATGGACAATTCACCTA","UAGGUGAAUUGUCCAUACUA","+","AUUU",0.35,0.3,17296,5627,1,0,0.999822317,1,TRUE,4,0.6545,1,0,0,FALSE,TRUE,TRUE,FALSE,"gblock3",39,1,"uagaccagcccaaaaaugaagggcacuaaaacUAGGUGAAUUGUCCAUACUA","","NCR_548",TRUE
12766,"TGCGTTAGCTTACTACAACA","UGUUGUAGUAAGCUAACGCA","+","CAAC",0.4,0.3,17137,5617,9,2,0.998045487,0.999644634,TRUE,4,0.531,1,0,0,FALSE,TRUE,FALSE,TRUE,"gblock3",40,1,"uagaccagcccaaaaaugaagggcacuaaaacUGUUGUAGUAAGCUAACGCA","","NCR_549",FALSE
14251,"TTAAAATATGACTTCACGGA","UCCGUGAAGUCAUAUUUUAA","+","AGAG",0.3,0.3,15652,5621,6,1,0.998756219,0.999822317,TRUE,0,0.5595,1,0,0,FALSE,TRUE,TRUE,FALSE,"gblock3",41,1,"uagaccagcccaaaaaugaagggcacuaaaacUCCGUGAAGUCAUAUUUUAA","","NCR_550",TRUE
15947,"GAATCCTAGGGGCCGGCTGT","ACAGCCGGCCCCUAGGAUUC","+","UUUG",0.65,0.2,13956,5618,8,2,0.99822317,0.999644634,TRUE,4,0.6755,1,0,0,TRUE,TRUE,FALSE,FALSE,"gblock4",42,1,"uagaccagcccaaaaaugaagggcacuaaaacACAGCCGGCCCCUAGGAUUC","","NCR_551",FALSE
16420,"CAACTTTACTTAGGAGGTAT","AUACCUCCUAAGUAAAGUUG","+","GAGC",0.35,0.35,13483,5622,6,0,0.998933902,1,TRUE,0,0.528,1,0,0,FALSE,TRUE,TRUE,TRUE,"gblock4",43,1,"uagaccagcccaaaaaugaagggcacuaaaacAUACCUCCUAAGUAAAGUUG","","NCR_552",TRUE
16656,"TACTGAGGAGACATTTAAAC","GUUUAAAUGUCUCCUCAGUA","+","UGUC",0.35,0.25,13247,5616,3,9,0.997867804,0.998400853,TRUE,0,0.4615,1,0,0,FALSE,TRUE,TRUE,FALSE,"gblock4",44,1,"uagaccagcccaaaaaugaagggcacuaaaacGUUUAAAUGUCUCCUCAGUA","","NCR_553",FALSE
17658,"GTTTTATAAGGGTGTTATCA","UGAUAACACCCUUAUAAAAC","+","CGCA",0.3,0.45,12245,5603,12,13,0.995557925,0.997690121,TRUE,0,0.5535,1,0,0,FALSE,TRUE,FALSE,TRUE,"gblock4",45,1,"uagaccagcccaaaaaugaagggcacuaaaacUGAUAACACCCUUAUAAAAC","","NCR_554",TRUE
18051,"AACAGGACTCTTTAAAGATT","AAUCUUUAAAGAGUCCUGUU","+","GUAG",0.3,0.3,11852,5031,595,2,0.893923241,0.999644634,TRUE,0,0.4495,1,0,0,TRUE,FALSE,FALSE,TRUE,"gblock4",46,1,"uagaccagcccaaaaaugaagggcacuaaaacAAUCUUUAAAGAGUCCUGUU","","NCR_555",FALSE
18264,"CCGCGAAGAAGCTATAAGAC","GUCUUAUAGCUUCUUCGCGG","+","AUGU",0.5,0.1,11639,5624,2,2,0.999289268,0.999644634,TRUE,4,0.535,1,0,0,TRUE,TRUE,FALSE,FALSE,"gblock4",47,1,"uagaccagcccaaaaaugaagggcacuaaaacGUCUUAUAGCUUCUUCGCGG","","NCR_556",FALSE
18329,"CTAGAGAAGCTGTTGGTACC","GGUACCAACAGCUUCUCUAG","+","AAUU",0.5,0.25,11574,5617,8,3,0.998045487,0.999466951,TRUE,0,0.6525,1,0,0,TRUE,FALSE,FALSE,TRUE,"gblock4",48,1,"uagaccagcccaaaaaugaagggcacuaaaacGGUACCAACAGCUUCUCUAG","","NCR_557",TRUE
18460,"CCGCCTGGAGATCAATTTAA","UUAAAUUGAUCUCCAGGCGG","+","ACAC",0.45,0.25,11443,5623,2,3,0.999111585,0.999466951,TRUE,0,0.482,1,0,0,TRUE,TRUE,FALSE,FALSE,"gblock4",49,1,"uagaccagcccaaaaaugaagggcacuaaaacUUAAAUUGAUCUCCAGGCGG","","NCR_558",TRUE
18606,"CTTTGAGTTGACATCTATGA","UCAUAGAUGUCAACUCAAAG","+","AGUA",0.35,0.4,11297,5625,1,2,0.999466951,0.999644634,TRUE,0,0.4695,1,0,0,TRUE,TRUE,FALSE,FALSE,"gblock4",50,1,"uagaccagcccaaaaaugaagggcacuaaaacUCAUAGAUGUCAACUCAAAG","","NCR_559",TRUE
18816,"GTATTGTCAAGTCCATGGTA","UACCAUGGACUUGACAAUAC","+","AUGC",0.4,0.35,11087,5620,7,1,0.998578536,0.999822317,TRUE,0,0.4565,1,0,0,TRUE,TRUE,FALSE,FALSE,"gblock4",51,1,"uagaccagcccaaaaaugaagggcacuaaaacUACCAUGGACUUGACAAUAC","","NCR_560",TRUE
18966,"TAGAAAGGTTCAACACATGG","CCAUGUGUUGAACCUUUCUA","+","UUGU",0.4,0.2,10937,5617,8,3,0.998045487,0.999466951,TRUE,0,0.41,1,0,0,FALSE,FALSE,TRUE,TRUE,"gblock4",52,1,"uagaccagcccaaaaaugaagggcacuaaaacCCAUGUGUUGAACCUUUCUA","","NCR_561",FALSE
19169,"TCACAGATGGTGTATGCCTA","UAGGCAUACACCAUCUGUGA","+","UUUU",0.45,0.3,10734,5604,22,2,0.995735608,0.999644634,TRUE,4,0.5815,1,0,0,FALSE,TRUE,TRUE,FALSE,"gblock4",53,1,"uagaccagcccaaaaaugaagggcacuaaaacUAGGCAUACACCAUCUGUGA","","NCR_562",TRUE
20100,"TAGTCTTAATGGAGTCACAT","AUGUGACUCCAUUAAGACUA","+","UAAU",0.35,0.35,9803,5535,3,90,0.98347548,0.984008529,TRUE,0,0.5645,1,0,0,FALSE,TRUE,FALSE,TRUE,"gblock5",54,1,"uagaccagcccaaaaaugaagggcacuaaaacAUGUGACUCCAUUAAGACUA","","NCR_563",TRUE
20234,"CCAGGAGTCAAATGGAAATT","AAUUUCCAUUUGACUCCUGG","+","GAUU",0.4,0.2,9669,5565,6,57,0.98880597,0.989872068,TRUE,0,0.551,1,0,0,FALSE,FALSE,TRUE,TRUE,"gblock5",55,1,"uagaccagcccaaaaaugaagggcacuaaaacAAUUUCCAUUUGACUCCUGG","","NCR_564",TRUE
20716,"ATGCTATTAGAAAAGTGTGA","UCACACUUUUCUAAUAGCAU","+","CCUU",0.3,0.3,9187,5621,2,5,0.998756219,0.999111585,TRUE,0,0.4775,1,0,0,TRUE,TRUE,FALSE,FALSE,"gblock5",56,1,"uagaccagcccaaaaaugaagggcacuaaaacUCACACUUUUCUAAUAGCAU","","NCR_565",TRUE
20817,"TTTAAACACATTAACATTAG","CUAAUGUUAAUGUGUUUAAA","+","CUGU",0.2,0.35,9086,5623,3,2,0.999111585,0.999644634,TRUE,0,0.4525,1,0,0,TRUE,FALSE,TRUE,TRUE,"gblock5",57,1,"uagaccagcccaaaaaugaagggcacuaaaacCUAAUGUUAAUGUGUUUAAA","","NCR_566",FALSE
20844,"CTATAATATGAGAGTTATAC","GUAUAACUCUCAUAUUAUAG","+","AUUU",0.25,0.35,9059,5620,5,3,0.998578536,0.999466951,TRUE,0,0.5175,1,0,0,FALSE,TRUE,TRUE,FALSE,"gblock5",57,1,"uagaccagcccaaaaaugaagggcacuaaaacGUAUAACUCUCAUAUUAUAG","","NCR_567",TRUE
20846,"ATAATATGAGAGTTATACAT","AUGUAUAACUCUCAUAUUAU","+","UUUG",0.2,0.35,9057,5623,3,2,0.999111585,0.999644634,TRUE,0,0.4885,1,0,0,FALSE,FALSE,TRUE,TRUE,"gblock5",57,1,"uagaccagcccaaaaaugaagggcacuaaaacAUGUAUAACUCUCAUAUUAU","","NCR_568",TRUE
21578,"GTTTTATTGCCACTAGTCTC","GAGACUAGUGGCAAUAAAAC","+","UAGU",0.4,0.45,8325,5551,31,46,0.986318408,0.991826581,TRUE,0,0.495,1,0,0,FALSE,TRUE,FALSE,TRUE,"gblock5",58,1,"uagaccagcccaaaaaugaagggcacuaaaacGAGACUAGUGGCAAUAAAAC","","NCR_569",FALSE
21600,"GTCAGTGTGTTAATCTTACA","UGUAAGAUUAACACACUGAC","+","ACCA",0.35,0.4,8303,5581,12,35,0.991648898,0.993781095,TRUE,0,0.458,1,0,4,FALSE,TRUE,FALSE,TRUE,"gblock5",58,1,"uagaccagcccaaaaaugaagggcacuaaaacUGUAAGAUUAACACACUGAC","","NCR_570",TRUE
21626,"ACTCAATTACCCCCTGCATA","UAUGCAGGGGGUAAUUGAGU","+","CACU",0.45,0.25,8277,5583,12,33,0.992004264,0.994136461,TRUE,0,0.133,1,0,0,TRUE,TRUE,FALSE,TRUE,"gblock5",59,1,"uagaccagcccaaaaaugaagggcacuaaaacUAUGCAGGGGGUAAUUGAGU","","NCR_571",FALSE
21693,"GATCCTCAGTTTTACATTCA","UGAAUGUAAAACUGAGGAUC","+","ACUC",0.35,0.4,8210,5599,22,7,0.994847193,0.998756219,TRUE,0,0.4475,1,0,0,TRUE,TRUE,FALSE,FALSE,"gblock5",60,1,"uagaccagcccaaaaaugaagggcacuaaaacUGAAUGUAAAACUGAGGAUC","","NCR_572",TRUE
21743,"AATGTTACTTGGTTCCATGC","GCAUGGAACCAAGUAACAUU","+","UAUA",0.4,0.4,8160,5607,5,16,0.996268657,0.997157072,TRUE,0,0.5575,1,0,0,TRUE,TRUE,TRUE,FALSE,"gblock5",61,1,"uagaccagcccaaaaaugaagggcacuaaaacGCAUGGAACCAAGUAACAUU","","NCR_573",TRUE
21759,"ATGCTATACATGTCTCTGGG","CCCAGAGACAUGUAUAGCAU","+","ACCA",0.45,0.35,8144,5603,9,16,0.995557925,0.997157072,TRUE,0,0.4785,1,0,0,TRUE,TRUE,FALSE,FALSE,"gblock5",61,1,"uagaccagcccaaaaaugaagggcacuaaaacCCCAGAGACAUGUAUAGCAU","","NCR_574",FALSE
22194,"ATTTAGTGCGTGATCTCCCT","AGGGAGAUCACGCACUAAAU","+","CAGG",0.45,0.4,7709,5608,9,11,0.99644634,0.998045487,TRUE,0,0.579,1,0,0,TRUE,TRUE,FALSE,FALSE,"gblock5",62,1,"uagaccagcccaaaaaugaagggcacuaaaacAGGGAGAUCACGCACUAAAU","","NCR_575",TRUE
22659,"CTGTCCTATATAATTCCGCA","UGCGGAAUUAUAUAGGACAG","+","UCAU",0.4,0.35,7244,5595,12,21,0.994136461,0.996268657,TRUE,0,0.4575,1,0,0,TRUE,TRUE,FALSE,FALSE,"gblock5",63,1,"uagaccagcccaaaaaugaagggcacuaaaacUGCGGAAUUAUAUAGGACAG","","NCR_576",TRUE
22914,"ACCTGTATAGATTGTTTAGG","CCUAAACAAUCUAUACAGGU","+","AAGU",0.35,0.4,6989,5589,5,34,0.993070362,0.993958778,TRUE,0,0.517,1,0,0,TRUE,TRUE,FALSE,FALSE,"gblock5",64,1,"uagaccagcccaaaaaugaagggcacuaaaacCCUAAACAAUCUAUACAGGU","","NCR_577",FALSE
23013,"AAGGTTTTAATTGTTACTTT","AAAGUAACAAUUAAAACCUU","+","CCUU",0.2,0.55,6890,5592,7,29,0.993603412,0.994847193,TRUE,0,0.466,1,0,2,TRUE,FALSE,FALSE,TRUE,"gblock5",65,1,"uagaccagcccaaaaaugaagggcacuaaaacAAAGUAACAAUUAAAACCUU","","NCR_578",TRUE
23185,"CAACTTCAATGGTTTAACAG","CUGUUAAACCAUUGAAGUUG","+","GCAC",0.35,0.3,6718,5614,11,3,0.997512438,0.999466951,TRUE,0,0.498,1,0,0,TRUE,FALSE,TRUE,FALSE,"gblock5",66,1,"uagaccagcccaaaaaugaagggcacuaaaacCUGUUAAACCAUUGAAGUUG","","NCR_579",TRUE
23206,"CACAGGTGTTCTTACTGAGT","ACUCAGUAAGAACACCUGUG","+","CUAA",0.45,0.35,6697,5623,4,1,0.999111585,0.999822317,TRUE,0,0.619,1,0,0,TRUE,TRUE,FALSE,FALSE,"gblock5",66,1,"uagaccagcccaaaaaugaagggcacuaaaacACUCAGUAAGAACACCUGUG","","NCR_580",TRUE
23214,"TTCTTACTGAGTCTAACAAA","UUUGUUAGACUCAGUAAGAA","+","AAGU",0.3,0.35,6689,5623,3,2,0.999111585,0.999644634,TRUE,0,0.4,1,0,0,TRUE,TRUE,FALSE,TRUE,"gblock5",66,1,"uagaccagcccaaaaaugaagggcacuaaaacUUUGUUAGACUCAGUAAGAA","","NCR_581",TRUE
23217,"TTACTGAGTCTAACAAAAAG","CUUUUUGUUAGACUCAGUAA","+","UUUC",0.3,0.25,6686,5622,4,2,0.998933902,0.999644634,TRUE,0,0.3755,1,0,0,TRUE,FALSE,FALSE,TRUE,"gblock5",67,1,"uagaccagcccaaaaaugaagggcacuaaaacCUUUUUGUUAGACUCAGUAA","","NCR_582",FALSE
23418,"AAGTCCCTGTTGCTATTCAT","AUGAAUAGCAACAGGGACUU","+","GCAG",0.4,0.4,6485,5620,8,0,0.998578536,1,TRUE,0,0.464,1,0,4,FALSE,TRUE,FALSE,TRUE,"gblock5",68,1,"uagaccagcccaaaaaugaagggcacuaaaacAUGAAUAGCAACAGGGACUU","","NCR_583",TRUE
23440,"AGATCAACTTACTCCTACTT","AAGUAGGAGUAAGUUGAUCU","+","GGCG",0.35,0.35,6463,5622,4,2,0.998933902,0.999644634,TRUE,0,0.291,1,0,6,TRUE,TRUE,FALSE,FALSE,"gblock5",68,1,"uagaccagcccaaaaaugaagggcacuaaaacAAGUAGGAGUAAGUUGAUCU","","NCR_584",TRUE
23461,"GCGTGTTTATTCTACAGGTT","AACCUGUAGAAUAAACACGC","+","CUAA",0.4,0.45,6442,5626,0,2,0.999644634,0.999644634,TRUE,0,0.5415,1,0,0,TRUE,TRUE,FALSE,FALSE,"gblock5",69,1,"uagaccagcccaaaaaugaagggcacuaaaacAACCUGUAGAAUAAACACGC","","NCR_585",TRUE
23615,"CGTAGTGTAGCTAGTCAATC","GAUUGACUAGCUACACUACG","+","CAUC",0.45,0.3,6288,5621,5,2,0.998756219,0.999644634,TRUE,0,0.656,1,0,0,TRUE,TRUE,FALSE,FALSE,"gblock6",70,1,"uagaccagcccaaaaaugaagggcacuaaaacGAUUGACUAGCUACACUACG","","NCR_586",TRUE
23833,"CAGTTTTTGTACACAATTAA","UUAAUUGUGUACAAAAACUG","+","ACCG",0.25,0.4,6070,5624,2,2,0.999289268,0.999644634,TRUE,0,0.4015,1,0,0,TRUE,TRUE,FALSE,FALSE,"gblock6",71,1,"uagaccagcccaaaaaugaagggcacuaaaacUUAAUUGUGUACAAAAACUG","","NCR_587",TRUE
24087,"GTGATATTGCTGCTAGAGAC","GUCUCUAGCAGCAAUAUCAC","+","CUCA",0.45,0.3,5816,5612,12,4,0.997157072,0.999289268,TRUE,0,0.4775,1,0,0,TRUE,TRUE,FALSE,FALSE,"gblock6",72,1,"uagaccagcccaaaaaugaagggcacuaaaacGUCUCUAGCAGCAAUAUCAC","","NCR_588",FALSE
24124,"GTTTAACGGCCTTACTGTTT","AAACAGUAAGGCCGUUAAAC","+","UGCC",0.4,0.45,5779,5619,3,6,0.998400853,0.998933902,TRUE,0,0.5255,1,0,0,TRUE,TRUE,FALSE,FALSE,"gblock6",73,1,"uagaccagcccaaaaaugaagggcacuaaaacAAACAGUAAGGCCGUUAAAC","","NCR_589",TRUE
24180,"ACACTTCTGCACTGTTAGCG","CGCUAACAGUGCAGAAGUGU","+","GGUA",0.5,0.3,5723,5608,15,5,0.99644634,0.999111585,TRUE,4,0.5715,1,0,0,TRUE,TRUE,FALSE,FALSE,"gblock6",74,1,"uagaccagcccaaaaaugaagggcacuaaaacCGCUAACAGUGCAGAAGUGU","","NCR_590",FALSE
25406,"TGAGAATCTTCACAATTGGA","UCCAAUUGUGAAGAUUCUCA","+","ACUG",0.35,0.3,4497,5618,7,3,0.99822317,0.999466951,TRUE,0,0.431,1,0,0,TRUE,TRUE,FALSE,FALSE,"gblock6",75,1,"uagaccagcccaaaaaugaagggcacuaaaacUCCAAUUGUGAAGAUUCUCA","","NCR_591",TRUE
25709,"TCTATCTTTATGCTTTAGTC","GACUAAAGCAUAAAGAUAGA","+","UACU",0.3,0.55,4194,5613,4,11,0.997334755,0.998045487,TRUE,0,0.336,1,0,1,TRUE,TRUE,FALSE,TRUE,"gblock6",76,1,"uagaccagcccaaaaaugaagggcacuaaaacGACUAAAGCAUAAAGAUAGA","","NCR_592",TRUE
25715,"TTTATGCTTTAGTCTACTTC","GAAGUAGACUAAAGCAUAAA","+","UUGC",0.3,0.55,4188,5612,6,10,0.997157072,0.99822317,TRUE,0,0.4515,1,0,0,TRUE,TRUE,FALSE,FALSE,"gblock6",76,1,"uagaccagcccaaaaaugaagggcacuaaaacGAAGUAGACUAAAGCAUAAA","","NCR_593",TRUE
26689,"TGTTATGGCCAGTAACTTTA","UAAAGUUACUGGCCAUAACA","+","GCUU",0.35,0.4,3214,5625,1,2,0.999466951,0.999644634,TRUE,0,0.4755,1,0,0,TRUE,TRUE,FALSE,FALSE,"gblock6",77,1,"uagaccagcccaaaaaugaagggcacuaaaacUAAAGUUACUGGCCAUAACA","","NCR_594",TRUE
26738,"AATAAATTGGATCACCGGTG","CACCGGUGAUCCAAUUUAUU","+","GAAU",0.4,0.25,3165,5621,3,4,0.998756219,0.999289268,TRUE,4,0.5795,1,0,0,TRUE,TRUE,FALSE,FALSE,"gblock6",78,1,"uagaccagcccaaaaaugaagggcacuaaaacCACCGGUGAUCCAAUUUAUU","","NCR_595",TRUE
27911,"CTTAGGAATCATCACAACTG","CAGUUGUGAUGAUUCCUAAG","+","UAGC",0.4,0.25,1992,5615,10,3,0.997690121,0.999466951,TRUE,0,0.4985,1,0,0,TRUE,TRUE,TRUE,FALSE,"gblock7",79,1,"uagaccagcccaaaaaugaagggcacuaaaacCAGUUGUGAUGAUUCCUAAG","","NCR_596",TRUE
28370,"AGTGGGGCGCGATCAAAACA","UGUUUUGAUCGCGCCCCACU","+","ACGU",0.55,0.1,1533,5607,19,2,0.996268657,0.999644634,TRUE,0,0.506,1,0,0,TRUE,TRUE,FALSE,FALSE,"gblock7",80,1,"uagaccagcccaaaaaugaagggcacuaaaacUGUUUUGAUCGCGCCCCACU","","NCR_597",TRUE
29072,"GCATACAATGTAACACAAGC","GCUUGUGUUACAUUGUAUGC","+","UUUC",0.4,0.15,831,5624,1,3,0.999289268,0.999466951,TRUE,0,0.246,1,0,0,TRUE,TRUE,TRUE,FALSE,"gblock7",81,1,"uagaccagcccaaaaaugaagggcacuaaaacGCUUGUGUUACAUUGUAUGC","","NCR_598",TRUE
29270,"TACACAGGTGCCATCAAATT","AAUUUGAUGGCACCUGUGUA","+","GGAU",0.4,0.25,633,5624,3,1,0.999289268,0.999822317,TRUE,0,0.4295,1,0,0,TRUE,TRUE,FALSE,FALSE,"gblock7",82,1,"uagaccagcccaaaaaugaagggcacuaaaacAAUUUGAUGGCACCUGUGUA","","NCR_599",TRUE
13342,"CCCTGTGGGTTTTACACTTA","UAAGUGUAAAACCCACAGGG","+","AAAA",0.45,0.4,16561,5624,1,3,0.999289268,0.999466951,TRUE,6,0.584,0.833333333,0,0,NA,NA,FALSE,FALSE,"gblock3",NA,1,"uagaccagcccaaaaaugaagggcacuaaaacUAAGUGUAAAACCCACAGGG","PF042_crLbu_nCoV_4","NCR_600",TRUE
13382,"TGCGGTATGTGGAAAGGTTA","UAACCUUUCCACAUACCGCA","+","UGGC",0.45,0.3,16521,5611,2,15,0.996979389,0.997334755,TRUE,0,0.6565,0.833333333,0,0,NA,NA,FALSE,FALSE,"gblock3",NA,1,"uagaccagcccaaaaaugaagggcacuaaaacUAACCUUUCCACAUACCGCA","PF043_crLbu_nCoV_5","NCR_601",TRUE
13442,"TCAGCTGATGCACAATCGTT","AACGAUUGUGCAUCAGCUGA","+","UUUA",0.45,0.3,16461,5617,3,8,0.998045487,0.998578536,FALSE,11,0.532,1,0,0,NA,NA,FALSE,FALSE,"gblock3",NA,1,"uagaccagcccaaaaaugaagggcacuaaaacAACGAUUGUGCAUCAGCUGA","PF044_crLbu_nCoV_6","NCR_602",TRUE
28286,"GGACCCCAAAATCAGCGAAA","UUUCGCUGAUUUUGGGGUCC","+","UGCA",0.5,0.05,1617,5616,11,1,0.997867804,0.999822317,FALSE,11,0.568,1,11,0,NA,NA,FALSE,FALSE,"gblock7",NA,1,"uagaccagcccaaaaaugaagggcacuaaaacUUUCGCUGAUUUUGGGGUCC","PF051_crLbu_nCoV_13","NCR_603",FALSE
28313,"CGCATTACGTTTGGTGGACC","GGUCCACCAAACGUAAUGCG","+","CUCA",0.55,0.3,1590,5617,11,0,0.998045487,1,FALSE,4,0.727,0.833333333,0,0,NA,NA,FALSE,FALSE,"gblock7",NA,1,"uagaccagcccaaaaaugaagggcacuaaaacGGUCCACCAAACGUAAUGCG","PF052_crLbu_nCoV_14","NCR_604",FALSE
28339,"TTCAACTGGCAGTAACCAGA","UCUGGUUACUGCCAGUUGAA","+","AUGG",0.45,0.2,1564,5605,23,0,0.995913291,1,TRUE,10,0.49,0.833333333,0,0,NA,NA,FALSE,FALSE,"gblock7",NA,1,"uagaccagcccaaaaaugaagggcacuaaaacUCUGGUUACUGCCAGUUGAA","PF053_crLbu_nCoV_15","NCR_605",TRUE
28681,"GGGAGCCTTGAATACACCAA","UUGGUGUAUUCAAGGCUCCC","+","AAGA",0.5,0.15,1222,5523,105,0,0.981343284,1,FALSE,15,0.3225,0.833333333,0,0,NA,NA,FALSE,FALSE,"gblock7",NA,1,"uagaccagcccaaaaaugaagggcacuaaaacUUGGUGUAUUCAAGGCUCCC","PF045_crLbu_nCoV_7","NCR_606",FALSE
28706,"CACATTGGCACCCGCAATCC","GGAUUGCGGGUGCCAAUGUG","+","UGCU",0.6,0.15,1197,5612,16,0,0.997157072,1,FALSE,13,0.5,0.833333333,8,0,NA,NA,FALSE,FALSE,"gblock7",NA,1,"uagaccagcccaaaaaugaagggcacuaaaacGGAUUGCGGGUGCCAAUGUG","PF046_crLbu_nCoV_8","NCR_607",FALSE
28733,"AATGCTGCAATCGTGCTACA","UGUAGCACGAUUGCAGCAUU","+","ACUU",0.45,0.25,1170,5612,16,0,0.997157072,1,FALSE,11,0.453,0.833333333,0,0,NA,NA,FALSE,TRUE,"gblock7",NA,1,"uagaccagcccaaaaaugaagggcacuaaaacUGUAGCACGAUUGCAGCAUU","PF047_crLbu_nCoV_9","NCR_608",FALSE
28881,"GGGGAACTTCTCCTGCTAGA","UCUAGCAGGAGAAGUUCCCC","+","AUGG",0.55,0.25,1022,4590,36,1002,0.815565032,0.82196162,FALSE,7,0.714,0.833333333,0,0,NA,NA,FALSE,FALSE,"gblock7",NA,1,"uagaccagcccaaaaaugaagggcacuaaaacUCUAGCAGGAGAAGUUCCCC","PF039_crLbu_nCoV_1","NCR_609",FALSE
28932,"CTTTGCTGCTGCTTGACAGA","UCUGUCAAGCAGCAGCAAAG","+","UUGA",0.5,0.35,971,5625,2,1,0.999466951,0.999822317,FALSE,11,0.628,1,6,2,NA,NA,FALSE,FALSE,"gblock7",NA,1,"uagaccagcccaaaaaugaagggcacuaaaacUCUGUCAAGCAGCAGCAAAG","PF040_crLbu_nCoV_2","NCR_610",FALSE
28958,"CAGCTTGAGAGCAAAATGTC","GACAUUUUGCUCUCAAGCUG","+","UGGU",0.45,0.2,945,5618,9,1,0.99822317,0.999822317,TRUE,6,0.434,0.833333333,0,0,NA,NA,FALSE,FALSE,"gblock7",NA,1,"uagaccagcccaaaaaugaagggcacuaaaacGACAUUUUGCUCUCAAGCUG","PF041_crLbu_nCoV_3","NCR_611",TRUE
29164,"TTACAAACATTGGCCGCAAA","UUUGCGGCCAAUGUUUGUAA","+","UUGC",0.4,0.2,739,5618,10,0,0.99822317,1,FALSE,10,0.5205,0.833333333,0,0,NA,NA,FALSE,FALSE,"gblock7",NA,1,"uagaccagcccaaaaaugaagggcacuaaaacUUUGCGGCCAAUGUUUGUAA","PF048_crLbu_nCoV_10","NCR_612",FALSE
29189,"CAATTTGCCCCCAGCGCTTC","GAAGCGCUGGGGGCAAAUUG","+","AGCG",0.6,0.25,714,5618,7,3,0.99822317,0.999466951,FALSE,8,0.645,1,1,5,NA,NA,FALSE,FALSE,"gblock7",NA,1,"uagaccagcccaaaaaugaagggcacuaaaacGAAGCGCUGGGGGCAAAUUG","PF049_crLbu_nCoV_11","NCR_613",TRUE
29213,"TTCTTCGGAATGTCGCGCAT","AUGCGCGACAUUCCGAAGAA","+","UGGC",0.5,0.35,690,5624,4,0,0.999289268,1,FALSE,8,0.604,0.833333333,0,0,NA,NA,FALSE,FALSE,"gblock7",NA,1,"uagaccagcccaaaaaugaagggcacuaaaacAUGCGCGACAUUCCGAAGAA","PF050_crLbu_nCoV_12","NCR_614",TRUE
367,"CGTGGAGGAGGTCTTATCAG","CUGAUAAGACCUCCUCCACG","+","AGGC",0.55,0.25,29536,5586,21,21,0.992537313,0.996268657,TRUE,0,0.5485,1,0,0,TRUE,TRUE,FALSE,FALSE,"gblock1",1,NA,"","","",TRUE
507,"ATGGTCATGTTATGGTTGAG","CUCAACCAUAACAUGACCAU","+","CUGG",0.4,0.4,29396,5587,21,20,0.992714996,0.99644634,TRUE,0,0.515,1,0,0,FALSE,FALSE,TRUE,TRUE,"gblock1",2,NA,"","","",TRUE
508,"TGGTCATGTTATGGTTGAGC","GCUCAACCAUAACAUGACCA","+","UGGU",0.45,0.4,29395,5586,22,20,0.992537313,0.99644634,TRUE,0,0.548,1,0,0,FALSE,FALSE,TRUE,TRUE,"gblock1",2,NA,"","","",TRUE
509,"GGTCATGTTATGGTTGAGCT","AGCUCAACCAUAACAUGACC","+","GGUA",0.45,0.4,29394,5586,22,20,0.992537313,0.99644634,TRUE,0,0.5565,1,0,0,FALSE,FALSE,TRUE,TRUE,"gblock1",2,NA,"","","",TRUE
935,"ACTAAGAGGGGTGTATACTG","CAGUAUACACCCCUCUUAGU","+","CUGC",0.45,0.25,28968,5619,7,2,0.998400853,0.999644634,TRUE,0,0.495,1,0,2,TRUE,TRUE,FALSE,FALSE,"gblock1",3,NA,"","","",FALSE
937,"TAAGAGGGGTGTATACTGCT","AGCAGUAUACACCCCUCUUA","+","GCCG",0.45,0.3,28966,5619,6,3,0.998400853,0.999466951,TRUE,0,0.4915,1,0,0,TRUE,TRUE,FALSE,FALSE,"gblock1",3,NA,"","","",FALSE
1382,"TGTCACAATTCAGAAGTAGG","CCUACUUCUGAAUUGUGACA","+","ACCU",0.4,0.25,28521,5524,102,2,0.981520967,0.999644634,TRUE,0,0.571,1,0,0,TRUE,TRUE,FALSE,FALSE,"gblock1",4,NA,"","","",FALSE
1383,"GTCACAATTCAGAAGTAGGA","UCCUACUUCUGAAUUGUGAC","+","CCUG",0.4,0.2,28520,5524,102,2,0.981520967,0.999644634,TRUE,0,0.574,1,0,0,TRUE,TRUE,FALSE,FALSE,"gblock1",4,NA,"","","",FALSE
1734,"CTGTGAAAGGTTTGGATTAT","AUAAUCCAAACCUUUCACAG","+","AAAG",0.35,0.4,28169,5621,7,0,0.998756219,1,TRUE,0,0.53,1,0,15,FALSE,TRUE,TRUE,FALSE,"gblock1",7,NA,"","","",FALSE
2611,"AGTTTGTATTAACGGGCTTA","UAAGCCCGUUAAUACAAACU","+","UGUU",0.35,0.4,27292,5545,4,79,0.98525231,0.985963042,TRUE,0,0.544,1,0,0,TRUE,TRUE,FALSE,FALSE,"gblock1",9,NA,"","","",TRUE
2626,"GCTTATGTTGCTCGAAATCA","UGAUUUCGAGCAACAUAAGC","+","AAGA",0.4,0.35,27277,5549,9,70,0.985963042,0.987562189,TRUE,0,0.3885,1,0,0,TRUE,TRUE,FALSE,FALSE,"gblock1",9,NA,"","","",TRUE
2864,"GAAGTAAATGAGTTCGCCTG","CAGGCGAACUCAUUUACUUC","+","UGUU",0.45,0.25,27039,5622,3,3,0.998933902,0.999466951,TRUE,0,0.6785,1,0,0,TRUE,TRUE,FALSE,FALSE,"gblock1",10,NA,"","","",TRUE
2867,"GTAAATGAGTTCGCCTGTGT","ACACAGGCGAACUCAUUUAC","+","UGUG",0.45,0.35,27036,5622,3,3,0.998933902,0.999466951,TRUE,0,0.7965,1,0,0,TRUE,TRUE,FALSE,FALSE,"gblock1",10,NA,"","","",TRUE
2868,"TAAATGAGTTCGCCTGTGTT","AACACAGGCGAACUCAUUUA","+","GUGG",0.4,0.4,27035,5622,3,3,0.998933902,0.999466951,TRUE,0,0.773,1,0,0,TRUE,TRUE,FALSE,FALSE,"gblock1",10,NA,"","","",TRUE
3566,"GGTAGTTGTGTTTTAAGCGG","CCGCUUAAAACACAACUACC","+","ACAC",0.45,0.4,26337,5622,2,4,0.998933902,0.999289268,TRUE,0,0.7395,1,0,0,TRUE,TRUE,FALSE,FALSE,"gblock1",11,NA,"","","",TRUE
3781,"TGTCTACTTAGCTGTCTTTG","CAAAGACAGCUAAGUAGACA","+","AUAA",0.4,0.5,26122,5608,16,4,0.99644634,0.999289268,TRUE,0,0.4855,1,0,0,FALSE,TRUE,FALSE,TRUE,"gblock1",12,NA,"","","",TRUE
4951,"GAGAGAAGTGAGGACTATTA","UAAUAGUCCUCACUUCUCUC","+","AGGU",0.4,0.2,24952,5617,5,6,0.998045487,0.998933902,TRUE,0,0.737,1,0,0,FALSE,TRUE,TRUE,FALSE,"gblock2",15,NA,"","","",FALSE
4956,"AAGTGAGGACTATTAAGGTG","CACCUUAAUAGUCCUCACUU","+","UUUA",0.4,0.25,24947,5615,7,6,0.997690121,0.998933902,TRUE,0,0.7275,1,0,0,FALSE,TRUE,TRUE,FALSE,"gblock2",15,NA,"","","",FALSE
4957,"AGTGAGGACTATTAAGGTGT","ACACCUUAAUAGUCCUCACU","+","UUAC",0.4,0.3,24946,5616,6,6,0.997867804,0.998933902,TRUE,0,0.726,1,0,0,FALSE,TRUE,TRUE,FALSE,"gblock2",15,NA,"","","",FALSE
4958,"GTGAGGACTATTAAGGTGTT","AACACCUUAAUAGUCCUCAC","+","UACA",0.4,0.35,24945,5616,6,6,0.997867804,0.998933902,TRUE,0,0.726,1,0,0,FALSE,TRUE,TRUE,FALSE,"gblock2",15,NA,"","","",FALSE
6028,"AAACGCAAGCTTCGATAATT","AAUUAUCGAAGCUUGCGUUU","+","UUAA",0.35,0.25,23875,5608,13,7,0.99644634,0.998756219,TRUE,0,0.5285,1,0,0,TRUE,TRUE,TRUE,FALSE,"gblock2",18,NA,"","","",TRUE
6029,"AACGCAAGCTTCGATAATTT","AAAUUAUCGAAGCUUGCGUU","+","UAAG",0.35,0.3,23874,5609,13,6,0.996624023,0.998933902,TRUE,0,0.545,1,0,0,FALSE,TRUE,TRUE,FALSE,"gblock2",18,NA,"","","",TRUE
6031,"CGCAAGCTTCGATAATTTTA","UAAAAUUAUCGAAGCUUGCG","+","AGUU",0.35,0.35,23872,5609,12,7,0.996624023,0.998756219,TRUE,0,0.6035,1,0,0,TRUE,TRUE,TRUE,FALSE,"gblock2",18,NA,"","","",TRUE
6121,"AAGAGAGCTTAAAGTTACAT","AUGUAACUUUAAGCUCUCUU","+","UUUU",0.3,0.25,23782,5625,2,1,0.999466951,0.999822317,TRUE,0,0.523,1,0,0,FALSE,TRUE,FALSE,TRUE,"gblock2",19,NA,"","","",TRUE
6122,"AGAGAGCTTAAAGTTACATT","AAUGUAACUUUAAGCUCUCU","+","UUUC",0.3,0.3,23781,5625,3,0,0.999466951,1,TRUE,0,0.5185,1,0,0,FALSE,TRUE,FALSE,TRUE,"gblock2",19,NA,"","","",TRUE
6124,"AGAGCTTAAAGTTACATTTT","AAAAUGUAACUUUAAGCUCU","+","UCCC",0.25,0.4,23779,5625,2,1,0.999466951,0.999822317,TRUE,0,0.5175,1,0,0,TRUE,FALSE,FALSE,TRUE,"gblock2",19,NA,"","","",TRUE
6125,"GAGCTTAAAGTTACATTTTT","AAAAAUGUAACUUUAAGCUC","+","CCCU",0.25,0.45,23778,5625,2,1,0.999466951,0.999822317,TRUE,0,0.5255,1,0,0,TRUE,FALSE,FALSE,TRUE,"gblock2",19,NA,"","","",TRUE
6126,"AGCTTAAAGTTACATTTTTC","GAAAAAUGUAACUUUAAGCU","+","CCUG",0.25,0.45,23777,5624,2,2,0.999289268,0.999644634,TRUE,0,0.502,1,0,3,TRUE,FALSE,FALSE,TRUE,"gblock2",19,NA,"","","",TRUE
6127,"GCTTAAAGTTACATTTTTCC","GGAAAAAUGUAACUUUAAGC","+","CUGA",0.3,0.45,23776,5624,2,2,0.999289268,0.999644634,TRUE,0,0.484,1,0,0,TRUE,FALSE,FALSE,TRUE,"gblock2",19,NA,"","","",TRUE
6335,"TCGTTTGATGTACTGAAGTC","GACUUCAGUACAUCAAACGA","+","AGAG",0.4,0.4,23568,5606,7,15,0.996090974,0.997334755,TRUE,0,0.631,1,0,0,TRUE,TRUE,FALSE,FALSE,"gblock2",21,NA,"","","",TRUE
7720,"CCAGTCTTCTTACATCGTTG","CAACGAUGUAAGAAGACUGG","+","AUAG",0.45,0.4,22183,5613,7,8,0.997334755,0.998578536,TRUE,0,0.525,1,0,0,TRUE,TRUE,FALSE,FALSE,"gblock2",25,NA,"","","",TRUE
7724,"TCTTCTTACATCGTTGATAG","CUAUCAACGAUGUAAGAAGA","+","UGUU",0.35,0.45,22179,5612,7,9,0.997157072,0.998400853,TRUE,0,0.4555,1,0,0,TRUE,TRUE,FALSE,FALSE,"gblock2",25,NA,"","","",TRUE
7726,"TTCTTACATCGTTGATAGTG","CACUAUCAACGAUGUAAGAA","+","UUAC",0.35,0.45,22177,5612,7,9,0.997157072,0.998400853,TRUE,0,0.467,1,0,0,TRUE,FALSE,FALSE,TRUE,"gblock2",25,NA,"","","",TRUE
7727,"TCTTACATCGTTGATAGTGT","ACACUAUCAACGAUGUAAGA","+","UACA",0.35,0.45,22176,5612,7,9,0.997157072,0.998400853,TRUE,0,0.4705,1,0,0,TRUE,FALSE,FALSE,TRUE,"gblock2",25,NA,"","","",TRUE
7728,"CTTACATCGTTGATAGTGTT","AACACUAUCAACGAUGUAAG","+","ACAG",0.35,0.45,22175,5612,7,9,0.997157072,0.998400853,TRUE,0,0.464,1,0,0,TRUE,FALSE,FALSE,TRUE,"gblock2",25,NA,"","","",TRUE
7730,"TACATCGTTGATAGTGTTAC","GUAACACUAUCAACGAUGUA","+","AGUG",0.35,0.4,22173,5616,3,9,0.997867804,0.998400853,TRUE,0,0.472,1,0,0,TRUE,FALSE,FALSE,TRUE,"gblock2",25,NA,"","","",TRUE
8909,"TTGCATTTCTTACCTAGAGT","ACUCUAGGUAAGAAAUGCAA","+","UUUU",0.35,0.45,20994,5615,12,1,0.997690121,0.999822317,TRUE,0,0.515,1,0,0,FALSE,TRUE,FALSE,TRUE,"gblock2",26,NA,"","","",TRUE
8911,"GCATTTCTTACCTAGAGTTT","AAACUCUAGGUAAGAAAUGC","+","UUAG",0.35,0.45,20992,5615,12,1,0.997690121,0.999822317,TRUE,0,0.513,1,0,0,FALSE,TRUE,FALSE,TRUE,"gblock2",26,NA,"","","",TRUE
8965,"AAAACTTATAGAGTACACTG","CAGUGUACUCUAUAAGUUUU","+","ACUU",0.3,0.25,20938,5621,7,0,0.998756219,1,TRUE,0,0.4445,1,0,0,FALSE,TRUE,FALSE,TRUE,"gblock2",27,NA,"","","",TRUE
8971,"TATAGAGTACACTGACTTTG","CAAAGUCAGUGUACUCUAUA","+","CAAC",0.35,0.35,20932,5619,9,0,0.998400853,1,TRUE,0,0.5675,1,0,2,FALSE,TRUE,FALSE,TRUE,"gblock2",27,NA,"","","",FALSE
9627,"CTTTTTTAGCACATATTCAG","CUGAAUAUGUGCUAAAAAAG","+","UGGA",0.3,0.45,20276,5610,12,6,0.996801706,0.998933902,TRUE,0,0.3935,1,0,7,TRUE,FALSE,FALSE,TRUE,"gblock2",29,NA,"","","",TRUE
9638,"CATATTCAGTGGATGGTTAT","AUAACCAUCCACUGAAUAUG","+","GUUC",0.35,0.4,20265,5610,6,12,0.996801706,0.997867804,TRUE,0,0.612,1,0,0,FALSE,TRUE,FALSE,TRUE,"gblock2",29,NA,"","","",TRUE
9679,"CTGGATAACAATTGCTTATA","UAUAAGCAAUUGUUAUCCAG","+","UCAU",0.3,0.35,20224,5618,3,7,0.99822317,0.998756219,TRUE,0,0.5005,1,0,0,TRUE,FALSE,FALSE,TRUE,"gblock2",30,NA,"","","",TRUE
9688,"AATTGCTTATATCATTTGTA","UACAAAUGAUAUAAGCAAUU","+","UUUC",0.2,0.5,20215,5617,3,8,0.998045487,0.998578536,TRUE,0,0.5235,1,0,3,TRUE,FALSE,FALSE,TRUE,"gblock2",30,NA,"","","",TRUE
9689,"ATTGCTTATATCATTTGTAT","AUACAAAUGAUAUAAGCAAU","+","UUCC",0.2,0.55,20214,5617,3,8,0.998045487,0.998578536,TRUE,0,0.488,1,0,3,TRUE,FALSE,FALSE,TRUE,"gblock2",30,NA,"","","",TRUE
9690,"TTGCTTATATCATTTGTATT","AAUACAAAUGAUAUAAGCAA","+","UCCA",0.2,0.6,20213,5617,3,8,0.998045487,0.998578536,TRUE,0,0.4525,1,0,3,TRUE,FALSE,FALSE,TRUE,"gblock2",30,NA,"","","",TRUE
9692,"GCTTATATCATTTGTATTTC","GAAAUACAAAUGAUAUAAGC","+","CACA",0.25,0.55,20211,5617,3,8,0.998045487,0.998578536,TRUE,0,0.464,1,0,0,TRUE,FALSE,FALSE,TRUE,"gblock2",30,NA,"","","",TRUE
9954,"CTTGTTGTCATCTCGCAAAG","CUUUGCGAGAUGACAACAAG","+","GCUC",0.45,0.35,19949,5603,23,2,0.995557925,0.999644634,TRUE,0,0.5745,1,0,0,FALSE,TRUE,FALSE,TRUE,"gblock3",31,NA,"","","",TRUE
9957,"GTTGTCATCTCGCAAAGGCT","AGCCUUUGCGAGAUGACAAC","+","CUCA",0.5,0.3,19946,5603,23,2,0.995557925,0.999644634,TRUE,0,0.588,1,0,0,TRUE,FALSE,FALSE,TRUE,"gblock3",31,NA,"","","",TRUE
9964,"TCTCGCAAAGGCTCTCAATG","CAUUGAGAGCCUUUGCGAGA","+","ACUU",0.5,0.25,19939,5619,6,3,0.998400853,0.999466951,TRUE,0,0.44,1,0,0,TRUE,FALSE,FALSE,TRUE,"gblock3",31,NA,"","","",TRUE
10315,"TAAGCTTAAGGTTGATACAG","CUGUAUCAACCUUAAGCUUA","+","CCAA",0.35,0.3,19588,5523,103,2,0.981343284,0.999644634,TRUE,0,0.62,1,0,0,TRUE,FALSE,FALSE,TRUE,"gblock3",35,NA,"","","",TRUE
10504,"TAACATAGATTATGACTGTG","CACAGUCAUAAUCUAUGUUA","+","UCUC",0.3,0.35,19399,5616,11,1,0.997867804,0.999822317,TRUE,0,0.5445,1,0,0,FALSE,TRUE,FALSE,TRUE,"gblock3",36,NA,"","","",TRUE
10517,"GACTGTGTCTCTTTTTGTTA","UAACAAAAAGAGACACAGUC","+","CAUG",0.35,0.55,19386,5622,4,2,0.998933902,0.999644634,TRUE,0,0.487,1,0,0,FALSE,TRUE,FALSE,TRUE,"gblock3",36,NA,"","","",TRUE
10524,"TCTCTTTTTGTTACATGCAC","GUGCAUGUAACAAAAAGAGA","+","CAUA",0.35,0.5,19379,5625,2,1,0.999466951,0.999822317,TRUE,0,0.4585,1,0,0,FALSE,TRUE,FALSE,TRUE,"gblock3",36,NA,"","","",TRUE
12606,"TTAGTATGGACAATTCACCT","AGGUGAAUUGUCCAUACUAA","+","AAUU",0.35,0.35,17297,5627,1,0,0.999822317,1,TRUE,4,0.642,1,0,0,FALSE,TRUE,TRUE,FALSE,"gblock3",39,NA,"","","",TRUE
12609,"GTATGGACAATTCACCTAAT","AUUAGGUGAAUUGUCCAUAC","+","UUAG",0.35,0.3,17294,5627,1,0,0.999822317,1,TRUE,4,0.6685,1,0,0,FALSE,TRUE,TRUE,FALSE,"gblock3",39,NA,"","","",TRUE
15943,"TCAAGAATCCTAGGGGCCGG","CCGGCCCCUAGGAUUCUUGA","+","CUGU",0.6,0.15,13960,5619,7,2,0.998400853,0.999644634,TRUE,4,0.5485,1,0,0,TRUE,TRUE,FALSE,FALSE,"gblock4",42,NA,"","","",FALSE
15946,"AGAATCCTAGGGGCCGGCTG","CAGCCGGCCCCUAGGAUUCU","+","UUUU",0.65,0.15,13957,5618,8,2,0.99822317,0.999644634,TRUE,4,0.634,1,0,0,TRUE,TRUE,FALSE,FALSE,"gblock4",42,NA,"","","",FALSE
15949,"ATCCTAGGGGCCGGCTGTTT","AAACAGCCGGCCCCUAGGAU","+","UGUA",0.6,0.3,13954,5619,7,2,0.998400853,0.999644634,TRUE,4,0.727,1,0,0,TRUE,TRUE,FALSE,FALSE,"gblock4",42,NA,"","","",FALSE
15952,"CTAGGGGCCGGCTGTTTTGT","ACAAAACAGCCGGCCCCUAG","+","AGAU",0.6,0.35,13951,5619,7,2,0.998400853,0.999644634,TRUE,0,0.7245,1,0,0,TRUE,TRUE,FALSE,FALSE,"gblock4",42,NA,"","","",FALSE
16419,"TCAACTTTACTTAGGAGGTA","UACCUCCUAAGUAAAGUUGA","+","UGAG",0.35,0.35,13484,5621,7,0,0.998756219,1,TRUE,0,0.5415,1,0,0,FALSE,TRUE,TRUE,FALSE,"gblock4",43,NA,"","","",TRUE
18052,"ACAGGACTCTTTAAAGATTG","CAAUCUUUAAAGAGUCCUGU","+","UAGU",0.35,0.3,11851,5031,595,2,0.893923241,0.999644634,TRUE,0,0.457,1,0,0,TRUE,FALSE,FALSE,TRUE,"gblock4",46,NA,"","","",TRUE
18263,"CCCGCGAAGAAGCTATAAGA","UCUUAUAGCUUCUUCGCGGG","+","CAUG",0.5,0.1,11640,5624,2,2,0.999289268,0.999644634,TRUE,4,0.5165,1,0,0,TRUE,TRUE,FALSE,FALSE,"gblock4",47,NA,"","","",FALSE
18272,"AAGCTATAAGACATGTACGT","ACGUACAUGUCUUAUAGCUU","+","GCAU",0.35,0.25,11631,5625,0,3,0.999466951,0.999466951,TRUE,0,0.52,1,0,0,TRUE,TRUE,FALSE,FALSE,"gblock4",47,NA,"","","",TRUE
18610,"GAGTTGACATCTATGAAGTA","UACUUCAUAGAUGUCAACUC","+","UUUU",0.35,0.3,11293,5625,1,2,0.999466951,0.999644634,TRUE,0,0.431,1,0,0,TRUE,TRUE,FALSE,FALSE,"gblock4",50,NA,"","","",TRUE
20099,"CTAGTCTTAATGGAGTCACA","UGUGACUCCAUUAAGACUAG","+","UUAA",0.4,0.3,9804,5535,3,90,0.98347548,0.984008529,TRUE,0,0.568,1,0,0,FALSE,TRUE,FALSE,TRUE,"gblock5",54,NA,"","","",TRUE
20101,"AGTCTTAATGGAGTCACATT","AAUGUGACUCCAUUAAGACU","+","AAUU",0.35,0.35,9802,5535,2,91,0.98347548,0.983830846,TRUE,0,0.573,1,0,0,FALSE,TRUE,FALSE,TRUE,"gblock5",54,NA,"","","",TRUE
20717,"TGCTATTAGAAAAGTGTGAC","GUCACACUUUUCUAAUAGCA","+","CUUC",0.35,0.3,9186,5619,4,5,0.998400853,0.999111585,TRUE,0,0.5045,1,0,0,TRUE,TRUE,FALSE,FALSE,"gblock5",56,NA,"","","",TRUE
20825,"CATTAACATTAGCTGTACCC","GGGUACAGCUAAUGUUAAUG","+","UAUA",0.4,0.3,9078,5621,5,2,0.998756219,0.999644634,TRUE,0,0.562,1,0,0,TRUE,FALSE,TRUE,FALSE,"gblock5",57,NA,"","","",FALSE
20845,"TATAATATGAGAGTTATACA","UGUAUAACUCUCAUAUUAUA","+","UUUU",0.2,0.35,9058,5623,3,2,0.999111585,0.999644634,TRUE,0,0.5155,1,0,0,FALSE,FALSE,TRUE,TRUE,"gblock5",57,NA,"","","",TRUE
20847,"TAATATGAGAGTTATACATT","AAUGUAUAACUCUCAUAUUA","+","UUGG",0.2,0.4,9056,5623,3,2,0.999111585,0.999644634,TRUE,0,0.4665,1,0,0,FALSE,FALSE,TRUE,TRUE,"gblock5",57,NA,"","","",TRUE
21591,"TAGTCTCTAGTCAGTGTGTT","AACACACUGACUAGAGACUA","+","AAUC",0.4,0.45,8312,5581,7,40,0.991648898,0.992892679,TRUE,0,0.57,1,0,0,FALSE,TRUE,FALSE,TRUE,"gblock5",58,NA,"","","",TRUE
21592,"AGTCTCTAGTCAGTGTGTTA","UAACACACUGACUAGAGACU","+","AUCU",0.4,0.4,8311,5581,8,39,0.991648898,0.993070362,TRUE,0,0.5495,1,0,0,FALSE,TRUE,FALSE,TRUE,"gblock5",58,NA,"","","",TRUE
21593,"GTCTCTAGTCAGTGTGTTAA","UUAACACACUGACUAGAGAC","+","UCUU",0.4,0.4,8310,5582,9,37,0.991826581,0.993425729,TRUE,0,0.5345,1,0,0,FALSE,TRUE,FALSE,TRUE,"gblock5",58,NA,"","","",TRUE
21594,"TCTCTAGTCAGTGTGTTAAT","AUUAACACACUGACUAGAGA","+","CUUA",0.35,0.45,8309,5584,9,35,0.992181947,0.993781095,TRUE,0,0.498,1,0,0,FALSE,TRUE,FALSE,TRUE,"gblock5",58,NA,"","","",TRUE
21595,"CTCTAGTCAGTGTGTTAATC","GAUUAACACACUGACUAGAG","+","UUAC",0.4,0.4,8308,5578,16,34,0.991115849,0.993958778,TRUE,0,0.485,1,0,0,FALSE,TRUE,FALSE,TRUE,"gblock5",58,NA,"","","",TRUE
21599,"AGTCAGTGTGTTAATCTTAC","GUAAGAUUAACACACUGACU","+","AACC",0.35,0.4,8304,5581,11,36,0.991648898,0.993603412,TRUE,0,0.4655,1,0,0,FALSE,TRUE,FALSE,TRUE,"gblock5",58,NA,"","","",TRUE
21625,"AACTCAATTACCCCCTGCAT","AUGCAGGGGGUAAUUGAGUU","+","ACAC",0.45,0.25,8278,5581,14,33,0.991648898,0.994136461,TRUE,0,0.119,1,0,0,TRUE,TRUE,FALSE,TRUE,"gblock5",59,NA,"","","",FALSE
21627,"CTCAATTACCCCCTGCATAC","GUAUGCAGGGGGUAAUUGAG","+","ACUA",0.5,0.25,8276,5580,15,33,0.991471215,0.994136461,TRUE,0,0.1495,1,0,0,TRUE,FALSE,FALSE,TRUE,"gblock5",59,NA,"","","",FALSE
21647,"ACTAATTCTTTCACACGTGG","CCACGUGUGAAAGAAUUAGU","+","UGUU",0.4,0.35,8256,5587,12,29,0.992714996,0.994847193,TRUE,0,0.348,1,0,0,TRUE,TRUE,FALSE,TRUE,"gblock5",59,NA,"","","",TRUE
21742,"CAATGTTACTTGGTTCCATG","CAUGGAACCAAGUAACAUUG","+","CUAU",0.4,0.4,8161,5606,5,17,0.996090974,0.996979389,TRUE,0,0.5455,1,0,0,TRUE,FALSE,TRUE,FALSE,"gblock5",61,NA,"","","",TRUE
21744,"ATGTTACTTGGTTCCATGCT","AGCAUGGAACCAAGUAACAU","+","AUAC",0.4,0.45,8159,5608,4,16,0.99644634,0.997157072,TRUE,0,0.532,1,0,0,TRUE,FALSE,TRUE,FALSE,"gblock5",61,NA,"","","",TRUE
21745,"TGTTACTTGGTTCCATGCTA","UAGCAUGGAACCAAGUAACA","+","UACA",0.4,0.45,8158,5608,4,16,0.99644634,0.997157072,TRUE,0,0.52,1,0,0,TRUE,FALSE,TRUE,FALSE,"gblock5",61,NA,"","","",TRUE
21746,"GTTACTTGGTTCCATGCTAT","AUAGCAUGGAACCAAGUAAC","+","ACAU",0.4,0.45,8157,5609,3,16,0.996624023,0.997157072,TRUE,0,0.5185,1,0,0,TRUE,FALSE,TRUE,FALSE,"gblock5",61,NA,"","","",TRUE
21747,"TTACTTGGTTCCATGCTATA","UAUAGCAUGGAACCAAGUAA","+","CAUG",0.35,0.45,8156,5609,3,16,0.996624023,0.997157072,TRUE,0,0.506,1,0,0,TRUE,FALSE,TRUE,FALSE,"gblock5",61,NA,"","","",TRUE
21748,"TACTTGGTTCCATGCTATAC","GUAUAGCAUGGAACCAAGUA","+","AUGU",0.4,0.4,8155,5608,4,16,0.99644634,0.997157072,TRUE,0,0.5015,1,0,0,TRUE,TRUE,TRUE,FALSE,"gblock5",61,NA,"","","",TRUE
21749,"ACTTGGTTCCATGCTATACA","UGUAUAGCAUGGAACCAAGU","+","UGUC",0.4,0.35,8154,5608,5,15,0.99644634,0.997334755,TRUE,0,0.5075,1,0,0,FALSE,TRUE,TRUE,FALSE,"gblock5",61,NA,"","","",TRUE
22195,"TTTAGTGCGTGATCTCCCTC","GAGGGAGAUCACGCACUAAA","+","AGGG",0.5,0.4,7708,5607,10,11,0.996268657,0.998045487,TRUE,0,0.577,1,0,0,TRUE,TRUE,FALSE,FALSE,"gblock5",62,NA,"","","",TRUE
22661,"GTCCTATATAATTCCGCATC","GAUGCGGAAUUAUAUAGGAC","+","AUUU",0.4,0.35,7242,5595,12,21,0.994136461,0.996268657,TRUE,0,0.445,1,0,0,TRUE,TRUE,FALSE,FALSE,"gblock5",63,NA,"","","",TRUE
22662,"TCCTATATAATTCCGCATCA","UGAUGCGGAAUUAUAUAGGA","+","UUUU",0.35,0.35,7241,5606,1,21,0.996090974,0.996268657,TRUE,0,0.473,1,0,0,TRUE,TRUE,FALSE,FALSE,"gblock5",63,NA,"","","",TRUE
22921,"TAGATTGTTTAGGAAGTCTA","UAGACUUCCUAAACAAUCUA","+","AUCU",0.3,0.4,6982,5589,5,34,0.993070362,0.993958778,TRUE,0,0.618,1,0,0,TRUE,TRUE,FALSE,FALSE,"gblock5",64,NA,"","","",TRUE
23011,"TGAAGGTTTTAATTGTTACT","AGUAACAAUUAAAACCUUCA","+","UUCC",0.25,0.5,6892,5592,8,28,0.993603412,0.995024876,TRUE,0,0.4845,1,0,0,TRUE,FALSE,FALSE,TRUE,"gblock5",65,NA,"","","",TRUE
23015,"GGTTTTAATTGTTACTTTCC","GGAAAGUAACAAUUAAAACC","+","UUUA",0.3,0.55,6888,5592,8,28,0.993603412,0.995024876,TRUE,0,0.4485,1,0,0,TRUE,FALSE,FALSE,TRUE,"gblock5",65,NA,"","","",TRUE
23186,"AACTTCAATGGTTTAACAGG","CCUGUUAAACCAUUGAAGUU","+","CACA",0.35,0.3,6717,5620,5,3,0.998578536,0.999466951,TRUE,0,0.545,1,0,0,TRUE,FALSE,TRUE,FALSE,"gblock5",66,NA,"","","",FALSE
23205,"GCACAGGTGTTCTTACTGAG","CUCAGUAAGAACACCUGUGC","+","UCUA",0.5,0.3,6698,5624,3,1,0.999289268,0.999822317,TRUE,0,0.6265,1,0,0,TRUE,TRUE,FALSE,FALSE,"gblock5",66,NA,"","","",TRUE
23207,"ACAGGTGTTCTTACTGAGTC","GACUCAGUAAGAACACCUGU","+","UAAC",0.45,0.35,6696,5625,2,1,0.999466951,0.999822317,TRUE,0,0.5935,1,0,0,TRUE,TRUE,FALSE,FALSE,"gblock5",66,NA,"","","",TRUE
23462,"CGTGTTTATTCTACAGGTTC","GAACCUGUAGAAUAAACACG","+","UAAU",0.4,0.45,6441,5626,0,2,0.999644634,0.999644634,TRUE,0,0.5145,1,0,0,TRUE,TRUE,FALSE,FALSE,"gblock5",69,NA,"","","",TRUE
23612,"GCACGTAGTGTAGCTAGTCA","UGACUAGCUACACUACGUGC","+","AUCC",0.5,0.25,6291,5621,5,2,0.998756219,0.999644634,TRUE,0,0.718,1,0,0,TRUE,TRUE,FALSE,FALSE,"gblock6",70,NA,"","","",TRUE
23613,"CACGTAGTGTAGCTAGTCAA","UUGACUAGCUACACUACGUG","+","UCCA",0.45,0.25,6290,5621,5,2,0.998756219,0.999644634,TRUE,0,0.687,1,0,0,TRUE,TRUE,FALSE,FALSE,"gblock6",70,NA,"","","",TRUE
23614,"ACGTAGTGTAGCTAGTCAAT","AUUGACUAGCUACACUACGU","+","CCAU",0.4,0.3,6289,5621,5,2,0.998756219,0.999644634,TRUE,0,0.6875,1,0,0,TRUE,TRUE,FALSE,FALSE,"gblock6",70,NA,"","","",TRUE
23616,"GTAGTGTAGCTAGTCAATCC","GGAUUGACUAGCUACACUAC","+","AUCA",0.45,0.3,6287,5620,6,2,0.998578536,0.999644634,TRUE,0,0.6135,1,0,0,TRUE,TRUE,FALSE,FALSE,"gblock6",70,NA,"","","",TRUE
23618,"AGTGTAGCTAGTCAATCCAT","AUGGAUUGACUAGCUACACU","+","CAUU",0.4,0.3,6285,5620,6,2,0.998578536,0.999644634,TRUE,0,0.525,1,0,0,TRUE,TRUE,FALSE,FALSE,"gblock6",70,NA,"","","",FALSE
23619,"GTGTAGCTAGTCAATCCATC","GAUGGAUUGACUAGCUACAC","+","AUUG",0.45,0.3,6284,5617,9,2,0.998045487,0.999644634,TRUE,0,0.488,1,0,0,TRUE,TRUE,FALSE,FALSE,"gblock6",70,NA,"","","",TRUE
23620,"TGTAGCTAGTCAATCCATCA","UGAUGGAUUGACUAGCUACA","+","UUGC",0.4,0.3,6283,5617,9,2,0.998045487,0.999644634,TRUE,0,0.477,1,0,0,TRUE,TRUE,FALSE,FALSE,"gblock6",70,NA,"","","",TRUE
24126,"TTAACGGCCTTACTGTTTTG","CAAAACAGUAAGGCCGUUAA","+","CCAC",0.4,0.45,5777,5619,3,6,0.998400853,0.998933902,TRUE,0,0.4765,1,0,0,TRUE,TRUE,FALSE,FALSE,"gblock6",73,NA,"","","",TRUE
25706,"TTCTCTATCTTTATGCTTTA","UAAAGCAUAAAGAUAGAGAA","+","GUCU",0.25,0.6,4197,5614,4,10,0.997512438,0.99822317,TRUE,0,0.2965,1,0,3,TRUE,FALSE,FALSE,TRUE,"gblock6",76,NA,"","","",TRUE
25708,"CTCTATCTTTATGCTTTAGT","ACUAAAGCAUAAAGAUAGAG","+","CUAC",0.3,0.55,4195,5614,4,10,0.997512438,0.99822317,TRUE,0,0.327,1,0,5,TRUE,FALSE,FALSE,TRUE,"gblock6",76,NA,"","","",TRUE
25711,"TATCTTTATGCTTTAGTCTA","UAGACUAAAGCAUAAAGAUA","+","CUUC",0.25,0.55,4192,5614,4,10,0.997512438,0.99822317,TRUE,0,0.3385,1,0,0,TRUE,FALSE,FALSE,TRUE,"gblock6",76,NA,"","","",TRUE
25712,"ATCTTTATGCTTTAGTCTAC","GUAGACUAAAGCAUAAAGAU","+","UUCU",0.3,0.5,4191,5611,6,11,0.996979389,0.998045487,TRUE,0,0.341,1,0,0,TRUE,FALSE,FALSE,TRUE,"gblock6",76,NA,"","","",TRUE
25713,"TCTTTATGCTTTAGTCTACT","AGUAGACUAAAGCAUAAAGA","+","UCUU",0.3,0.55,4190,5611,7,10,0.996979389,0.99822317,TRUE,0,0.3775,1,0,0,TRUE,FALSE,FALSE,TRUE,"gblock6",76,NA,"","","",TRUE
25714,"CTTTATGCTTTAGTCTACTT","AAGUAGACUAAAGCAUAAAG","+","CUUG",0.3,0.55,4189,5612,6,10,0.997157072,0.99822317,TRUE,0,0.415,1,0,0,TRUE,TRUE,FALSE,FALSE,"gblock6",76,NA,"","","",TRUE
26690,"GTTATGGCCAGTAACTTTAG","CUAAAGUUACUGGCCAUAAC","+","CUUG",0.4,0.35,3213,5625,1,2,0.999466951,0.999644634,TRUE,0,0.467,1,0,0,TRUE,TRUE,FALSE,FALSE,"gblock6",77,NA,"","","",TRUE
26740,"TAAATTGGATCACCGGTGGA","UCCACCGGUGAUCCAAUUUA","+","AUUG",0.45,0.25,3163,5621,3,4,0.998756219,0.999289268,TRUE,4,0.578,1,0,0,TRUE,TRUE,FALSE,FALSE,"gblock6",78,NA,"","","",FALSE
