"start","spacer","GC_content","has_crRNA_hairpin","crRNA_spacer_basepairs","NCR.id","spacer_structure","group","class","gRNA_MFE","structure","direct_repeat","target","hybridization_MFE","manfredonia","lan","sun_invivo","sun_invitro","huston","invivo","invivo_cat","downstream_U","downstream_unstructured_U","U_context","U_context_unstructured","antitag","antitag_pos1","antitag_label","cis_cleavage_site"
366,"UGAUAAGACCUCCUCCACGG",0.55,TRUE,"0","NCR_504",0,"good guide","good",-6.6,".......((((.........))))............................",".......((((.........))))........","CCGUGGAGGAGGUCUUAUCA",-38.8,0,0,0.24065,0.16645,0.4,0.2,"SS-DS",0.2,0.0333333333333333,0.233333333333333,0.0166666666666667,"GAGG","G","G","GCGACGUGCUCGUACGUGGC"
510,"CAGCUCAACCAUAACAUGAC",0.45,TRUE,"0","NCR_505",0,"good guide","good",-6.6,".......((((.........))))............................",".......((((.........))))........","GUCAUGUUAUGGUUGAGCUG",-34,1,0.95,0.25235,0.3771,0.65,0.65,"SS-DS",0.2,0.0333333333333333,0.216666666666667,0.0166666666666667,"GUAG","G","GU","AACGUUCGGAUGCUCGAACU"
1381,"CUACUUCUGAAUUGUGACAU",0.35,TRUE,"0","NCR_506",0,"good guide","good",-6.6,".......((((.........))))............................",".......((((.........))))........","AUGUCACAAUUCAGAAGUAG",-30.1,0,0.95,0.3654,0.35435,0.7,0.75,"SS-DS",0.233333333333333,0.0666666666666667,0.316666666666667,0.0666666666666667,"GACC","G","G","AAAUGCUGUUGUUAAAAUUU"
1495,"GGCAACCAACAUAAGAGAAC",0.45,TRUE,"0","NCR_507",0,"good guide","good",-6.6,".......((((.........))))............................",".......((((.........))))........","GUUCUCUUAUGUUGGUUGCC",-33.8,0.25,0,0.073,0.07615,0.2,0.05,"SS-DS",0.3,0.0666666666666667,0.333333333333333,0.0833333333333333,"AUAA","A","A","UGGUCGCACUAUUGCCUUUG"
1545,"ACAACCUAUGUUAGCGCUAG",0.45,TRUE,"0","NCR_508",0,"good guide","good",-6.6,".......((((.........))))............................",".......((((.........))))........","CUAGCGCUAACAUAGGUUGU",-33.9,0,0,0.14675,0.26955,0.35,0.1,"SS-DS",0.266666666666667,0.1,0.283333333333333,0.0833333333333333,"AACC","A","A","AUAACAAGUGUGCCUAUUGG"
2439,"CAUGAGUAGGCCAGUUUCUU",0.45,TRUE,"0","NCR_509",0,"good guide","good",-6.6,".......((((.........))))............................",".......((((.........))))........","AAGAAACUGGCCUACUCAUG",-34.4,0,1,0.21275,0.1577,0.75,0.75,"SS-DS",0.233333333333333,0,0.25,0.0333333333333333,"CCUC","C","C","GAUUGUACAGAAAGUGUGUU"
2614,"ACAUAAGCCCGUUAAUACAA",0.35,TRUE,"0","NCR_510",0,"good guide","good",-6.6,".......((((.........))))............................",".......((((.........))))........","UUGUAUUAACGGGCUUAUGU",-30,0.35,0,0.3909,0.13755,0.65,0.35,"SS-DS",0.166666666666667,0.0333333333333333,0.25,0.0333333333333333,"UGCU","U","U","UGUUGAAGCUCCAUUGGUUG"
2626,"UGAUUUCGAGCAACAUAAGC",0.4,TRUE,"0","NCR_511",0,"good guide","good",-6.6,".......((((.........))))............................",".......((((.........))))........","GCUUAUGUUGCUCGAAAUCA",-31.6,0.95,0,0.3467,0.22155,0.65,0.3,"SS-DS",0.166666666666667,0.1,0.266666666666667,0.1,"AAGA","A","A","AUUGGUUGGUACACCAGUUU"
2866,"CACAGGCGAACUCAUUUACU",0.45,TRUE,"0","NCR_512",0,"good guide","good",-6.6,".......((((.........))))............................",".......((((.........))))........","AGUAAAUGAGUUCGCCUGUG",-33.6,0,0,0.1382,0.24445,0.2,0.05,"SS-DS",0.333333333333333,0,0.3,0.05,"UUGU","U","U","CUCUGCCUAUACAGUUGAAC"
3565,"CGCUUAAAACACAACUACCA",0.4,TRUE,"0","NCR_513",0,"good guide","good",-6.6,".......((((.........))))............................",".......((((.........))))........","UGGUAGUUGUGUUUUAAGCG",-30.9,0,0,0.0901,0.0514,0.3,0.05,"SS-DS",0.3,0,0.266666666666667,0.0166666666666667,"GACA","G","G","CAUAGCUACUAAUGGACCAC"
3777,"GACAGCUAAGUAGACAUUUG",0.4,TRUE,"0","NCR_514",0,"good guide","good",-6.6,".......((((.........))))............................",".......((((.........))))........","CAAAUGUCUACUUAGCUGUC",-31.8,0,1,0.1192,0.08785,0.25,0.3,"SS-DS",0.4,0.133333333333333,0.4,0.1,"UUUG","U","U","CUUUAAGAGUUUGUGUAGAU"
4423,"CACAGACAGGCAUUAAUUUG",0.4,TRUE,"0","NCR_515",0,"good guide","good",-6.6,".......((((.........))))............................",".......((((.........))))........","CAAAUUAAUGCCUGUCUGUG",-31.2,0,0,0.26525,0.18365,0.25,0.05,"SS-DS",0.266666666666667,0.0333333333333333,0.2,0.0166666666666667,"UGGA","U","U","AGAAAUGCUUGCACAUGCAG"
5143,"CAAAAGCCUCAACACGUAGA",0.45,TRUE,"0","NCR_516",0,"good guide","good",-6.6,".......((((.........))))............................",".......((((.........))))........","UCUACGUGUUGAGGCUUUUG",-33.4,0.3,0,0.26425,0.11225,0.3,0.1,"SS-DS",0.3,0.0333333333333333,0.35,0.05,"AGUA","A","A","AACAUUUUAUGUUUUACCUA"
5461,"CAUGUUGAAACAAGUAACUC",0.35,TRUE,"0","NCR_517",0,"good guide","good",-6.6,".......((((.........))))............................",".......((((.........))))........","GAGUUACUUGUUUCAACAUG",-29,1,0,0.3273,0.2289,0.4,0.25,"SS-DS",0.333333333333333,0,0.3,0,"CCAA","C","C","AGGUGAGUUAGGUGAUGUUA"
6030,"AAAAUUAUCGAAGCUUGCGU",0.35,TRUE,"0","NCR_518",0,"good guide","good",-6.6,".......((((.........))))............................",".......((((.........))))........","ACGCAAGCUUCGAUAAUUUU",-28.7,0,0,0.32885,0.2682,0.5,0.3,"SS-DS",0.433333333333333,0,0.35,0.0666666666666667,"AAGU","A","A","UUGAUCUUGUACCAAACCAA"
6121,"AUGUAACUUUAAGCUCUCUU",0.3,TRUE,"0","NCR_519",0,"good guide","good",-6.6,".......((((.........))))............................",".......((((.........))))........","AAGAGAGCUUAAAGUUACAU",-28.3,0,1,0.42565,0.15185,0.45,0.55,"SS-DS",0.4,0.0333333333333333,0.35,0.0333333333333333,"UUUU","U","U","CCAGUUAACUGGUUAUAAGA"
6123,"AAAUGUAACUUUAAGCUCUC",0.3,TRUE,"0","NCR_520",0,"good guide","good",-6.6,".......((((.........))))............................",".......((((.........))))........","GAGAGCUUAAAGUUACAUUU",-27.6,0,1,0.36235,0.2028,0.35,0.45,"SS-DS",0.366666666666667,0.0333333333333333,0.333333333333333,0.0333333333333333,"UUCC","U","U","AGUUAACUGGUUAUAAGAAA"
6127,"GGAAAAAUGUAACUUUAAGC",0.3,TRUE,"0","NCR_521",0,"good guide","good",-6.6,".......((((.........))))............................",".......((((.........))))........","GCUUAAAGUUACAUUUUUCC",-26.6,0,0.95,0.30415,0.28985,0.25,0.35,"SS-DS",0.366666666666667,0.0333333333333333,0.3,0.0333333333333333,"CUGA","C","C","AACUGGUUAUAAGAAACCUG"
6282,"ACAACGUAUACACCAGGUAU",0.4,TRUE,"0","NCR_522",0,"good guide","good",-6.6,".......((((.........))))............................",".......((((.........))))........","AUACCUGGUGUAUACGUUGU",-32.5,0,0,0.2076,0.223,0.4,0.2,"SS-DS",0.2,0,0.183333333333333,0,"CUUU","C","C","AUGCAACUAAUAAAGCCACG"
6330,"CAGUACAUCAAACGAAUUUG",0.35,TRUE,"0","NCR_523",0,"good guide","good",-6.6,".......((((.........))))............................",".......((((.........))))........","CAAAUUCGUUUGAUGUACUG",-28.2,0,0.15,0.04765,0.13775,0.2,0,"DS",0.133333333333333,0,0.183333333333333,0.0166666666666667,"AAGU","A","A","GUCUUUGGAGCACAAAACCA"
6501,"UUUUAAACUAUUAUUUGCUG",0.2,TRUE,"0","NCR_524",0,"good guide","good",-6.6,".......((((.........))))............................",".......((((.........))))........","CAGCAAAUAAUAGUUUAAAA",-22.8,0,0.75,0.37245,0.32925,0.7,0.65,"SS-DS",0.2,0.0333333333333333,0.233333333333333,0.05,"AUUA","A","A","CCGAAGUUGUAGGAGACAUU"
6883,"CCUCUAGACAAAAUUUACCG",0.4,TRUE,"0","NCR_525",0,"good guide","good",-6.6,".......((((.........))))............................",".......((((.........))))........","CGGUAAAUUUUGUCUAGAGG",-30.7,1,0,0.15575,0.06695,0.05,0,"DS",0.466666666666667,0.0333333333333333,0.383333333333333,0.0333333333333333,"CUUC","C","C","UACUAUAGCAAAGAAUACUG"
7261,"AGAAAAACCUAGUGAAAAGA",0.3,TRUE,"0","NCR_526",0,"good guide","good",-6.6,".......((((.........))))............................",".......((((.........))))........","UCUUUUCACUAGGUUUUUCU",-27.9,0,1,0.41575,0.32835,0.65,0.7,"SS-DS",0.333333333333333,0.0666666666666667,0.383333333333333,0.0333333333333333,"AUGU","A","A","CUUAGUUGCAGAGUGGUUUU"
7720,"CAACGAUGUAAGAAGACUGG",0.45,TRUE,"0","NCR_527",0,"good guide","good",-6.6,".......((((.........))))............................",".......((((.........))))........","CCAGUCUUCUUACAUCGUUG",-33.1,0,0.7,0.28,0.1799,0.65,0.6,"SS-DS",0.3,0.2,0.266666666666667,0.2,"AUAG","A","A","ACAGUUUAAAAGACCAAUAA"
7721,"UCAACGAUGUAAGAAGACUG",0.4,TRUE,"0","NCR_528",0,"good guide","good",-6.6,".......((((.........))))............................",".......((((.........))))........","CAGUCUUCUUACAUCGUUGA",-31.7,0,0.75,0.3188,0.2299,0.7,0.65,"SS-DS",0.3,0.2,0.266666666666667,0.2,"UAGU","U","U","CAGUUUAAAAGACCAAUAAA"
7727,"ACACUAUCAACGAUGUAAGA",0.35,TRUE,"0","NCR_529",0,"good guide","good",-6.6,".......((((.........))))............................",".......((((.........))))........","UCUUACAUCGUUGAUAGUGU",-30.4,0,1,0.45115,0.325,0.95,0.95,"SS-DS",0.333333333333333,0.1,0.266666666666667,0.1,"UACA","U","U","AAAAGACCAAUAAAUCCUAC"
7731,"UGUAACACUAUCAACGAUGU",0.35,TRUE,"0","NCR_530",0,"good guide","good",-6.6,".......((((.........))))............................",".......((((.........))))........","ACAUCGUUGAUAGUGUUACA",-30.2,0,0.95,0.48855,0.2964,0.95,0.95,"SS-DS",0.4,0.166666666666667,0.35,0.116666666666667,"GUGA","G","GU","GACCAAUAAAUCCUACUGAC"
8910,"AACUCUAGGUAAGAAAUGCA",0.35,TRUE,"0","NCR_531",0,"good guide","good",-6.6,".......((((.........))))............................",".......((((.........))))........","UGCAUUUCUUACCUAGAGUU",-30.7,0,1,0.35275,0.2286,0.7,0.75,"SS-DS",0.366666666666667,0,0.35,0.0666666666666667,"UUUA","U","U","CGAUAUUACGCACAACUAAU"
8965,"CAGUGUACUCUAUAAGUUUU",0.3,TRUE,"0","NCR_532",0,"good guide","good",-6.6,".......((((.........))))............................",".......((((.........))))........","AAAACUUAUAGAGUACACUG",-27.8,0,1,0.36185,0.2348,0.5,0.5,"SS-DS",0.4,0.0666666666666667,0.35,0.15,"ACUU","A","A","UGCAGUUGGUAACAUCUGUU"
9093,"GCGUAAACUUUCAUAAGCAA",0.35,TRUE,"4","NCR_533",0.2,"hasHairpin/4bp","good",-6.9,".......((((.........))))........((..............))..",".......((((.........))))........","UUGCUUAUGAAAGUUUACGC",-29,0,0.8,0.19085,0.1115,0.5,0.45,"SS-DS",0.266666666666667,0.0333333333333333,0.3,0.05,"CCUG","C","C","GUUAUGAUACCAAUGUACUA"
9626,"UGAAUAUGUGCUAAAAAAGA",0.25,TRUE,"0","NCR_534",0,"good guide","good",-6.6,".......((((.........))))............................",".......((((.........))))........","UCUUUUUUAGCACAUAUUCA",-26,0,1,0.3551,0.258,0.85,0.85,"SS-DS",0.366666666666667,0.266666666666667,0.433333333333333,0.233333333333333,"GUGG","G","GU","UACUUGACAUUUUAUCUUAC"
9637,"UAACCAUCCACUGAAUAUGU",0.35,TRUE,"0","NCR_535",0,"good guide","good",-6.6,".......((((.........))))............................",".......((((.........))))........","ACAUAUUCAGUGGAUGGUUA",-31.1,0,0.75,0.2982,0.0715,0.7,0.75,"SS-DS",0.4,0.433333333333333,0.483333333333333,0.3,"UGUU","U","U","UUAUCUUACUAAUGAUGUUU"
9674,"GCAAUUGUUAUCCAGAAAGG",0.4,TRUE,"0","NCR_536",0,"good guide","good",-6.6,".......((((.........))))............................",".......((((.........))))........","CCUUUCUGGAUAACAAUUGC",-31.4,0,1,0.0288,0.09145,0.3,0.3,"SS-DS",0.466666666666667,0.2,0.416666666666667,0.283333333333333,"UUAU","U","U","CAGUGGAUGGUUAUGUUCAC"
9679,"UAUAAGCAAUUGUUAUCCAG",0.3,TRUE,"0","NCR_537",0,"good guide","good",-6.6,".......((((.........))))............................",".......((((.........))))........","CUGGAUAACAAUUGCUUAUA",-28,0,1,0.1926,0.2584,0.5,0.5,"SS-DS",0.466666666666667,0.2,0.45,0.25,"UCAU","U","U","GAUGGUUAUGUUCACACCUU"
9688,"UACAAAUGAUAUAAGCAAUU",0.2,TRUE,"0","NCR_538",0,"good guide","good",-6.6,".......((((.........))))............................",".......((((.........))))........","AAUUGCUUAUAUCAUUUGUA",-24.1,0,1,0.2793,0.28475,0.5,0.55,"SS-DS",0.466666666666667,0.133333333333333,0.416666666666667,0.166666666666667,"UUUC","U","U","GUUCACACCUUUAGUACCUU"
9693,"GGAAAUACAAAUGAUAUAAG",0.25,TRUE,"0","NCR_539",0,"good guide","good",-6.6,".......((((.........))))............................",".......((((.........))))........","CUUAUAUCAUUUGUAUUUCC",-25.3,0,1,0.30375,0.30965,0.55,0.6,"SS-DS",0.433333333333333,0.166666666666667,0.4,0.15,"ACAA","A","A","CACCUUUAGUACCUUUCUGG"
9953,"UUUGCGAGAUGACAACAAGC",0.45,TRUE,"0","NCR_540",0,"good guide","good",-6.6,".......((((.........))))............................",".......((((.........))))........","GCUUGUUGUCAUCUCGCAAA",-33.6,0,1,0.17585,0.1578,0.4,0.4,"SS-DS",0.3,0.1,0.233333333333333,0.1,"GGCU","G","G","GCAAUGGAUACAACUAGCUA"
9963,"AUUGAGAGCCUUUGCGAGAU",0.45,TRUE,"0","NCR_541",0,"good guide","good",-6.6,".......((((.........))))............................",".......((((.........))))........","AUCUCGCAAAGGCUCUCAAU",-34.5,0,1,0.30175,0.2532,0.45,0.55,"SS-DS",0.4,0.1,0.333333333333333,0.1,"GACU","G","G","CAACUAGCUACAGAGAAGCU"
10144,"AAACUACGUCAUCAAGCCAA",0.4,TRUE,"0","NCR_542",0,"good guide","good",-6.6,".......((((.........))))............................",".......((((.........))))........","UUGGCUUGAUGACGUAGUUU",-32,0,1,0.229,0.18185,0.5,0.5,"SS-DS",0.266666666666667,0.0666666666666667,0.283333333333333,0.0333333333333333,"ACUG","A","A","AACUUGUGGUACAACUACAC"
10155,"UCUUGGACAGUAAACUACGU",0.4,TRUE,"0","NCR_543",0,"good guide","good",-6.6,".......((((.........))))............................",".......((((.........))))........","ACGUAGUUUACUGUCCAAGA",-32.2,0,1,0.18145,0.19965,0.3,0.3,"SS-DS",0.3,0.166666666666667,0.316666666666667,0.1,"CAUG","C","C","CAACUACACUUAACGGUCUU"
10188,"GUUAAGCAUGUCUUCAGAGG",0.45,TRUE,"0","NCR_544",0,"good guide","good",-6.6,".......((((.........))))............................",".......((((.........))))........","CCUCUGAAGACAUGCUUAAC",-34,0,0,0.21835,0.26385,0.5,0.1,"SS-DS",0.366666666666667,0.0333333333333333,0.35,0.05,"CCUA","C","C","UAGUUUACUGUCCAAGACAU"
10314,"UGUAUCAACCUUAAGCUUAA",0.3,TRUE,"0","NCR_545",0,"good guide","good",-6.6,".......((((.........))))............................",".......((((.........))))........","UUAAGCUUAAGGUUGAUACA",-28.5,0,1,0.28295,0.159,1,1,"SS",0.266666666666667,0.1,0.333333333333333,0.133333333333333,"GCCA","G","G","UUAUUGGACAUUCUAUGCAA"
10504,"CACAGUCAUAAUCUAUGUUA",0.3,TRUE,"0","NCR_546",0,"good guide","good",-6.6,".......((((.........))))............................",".......((((.........))))........","UAACAUAGAUUAUGACUGUG",-28.4,0,1,0.45205,0.2571,1,1,"SS",0.433333333333333,0.0666666666666667,0.45,0.216666666666667,"UCUC","U","U","CCUUAAUGGUUCAUGUGGUA"
10517,"UAACAAAAAGAGACACAGUC",0.35,TRUE,"0","NCR_547",0,"good guide","good",-6.6,".......((((.........))))............................",".......((((.........))))........","GACUGUGUCUCUUUUUGUUA",-29.8,0,0.7,0.28805,0.2082,1,1,"SS",0.233333333333333,0.233333333333333,0.35,0.183333333333333,"CAUG","C","C","UGUGGUAGUGUUGGUUUUAA"
10524,"GUGCAUGUAACAAAAAGAGA",0.35,TRUE,"0","NCR_548",0,"good guide","good",-6.6,".......((((.........))))............................",".......((((.........))))........","UCUCUUUUUGUUACAUGCAC",-29.7,0,0.5,0.32465,0.23295,1,0.95,"SS-DS",0.3,0.3,0.366666666666667,0.25,"CAUA","C","C","GUGUUGGUUUUAACAUAGAU"
10699,"GAUUGAGAAACCACCUGUCU",0.45,TRUE,"0","NCR_549",0,"good guide","good",-6.6,".......((((.........))))............................",".......((((.........))))........","AGACAGGUGGUUUCUCAAUC",-34.6,1,0,0.19975,0.04355,0.45,0.15,"SS-DS",0.333333333333333,0.0666666666666667,0.35,0.0666666666666667,"GAUU","G","G","AGCUUGGUUGUACGCUGCUG"
11051,"AAAGACCAUUGAGUACUCUG",0.4,TRUE,"0","NCR_550",0,"good guide","good",-6.6,".......((((.........))))............................",".......((((.........))))........","CAGAGUACUCAAUGGUCUUU",-32.3,0,1,0.3017,0.46705,0.45,0.5,"SS-DS",0.6,0.133333333333333,0.55,0.233333333333333,"GUUC","G","GUU","ACAAUUUUGACUUCACUUUU"
12607,"UAGGUGAAUUGUCCAUACUA",0.35,TRUE,"4","NCR_551",0.2,"hasHairpin/4bp","good",-7.5,".......((((.........))))..........((........))......",".......((((.........))))........","UAGUAUGGACAAUUCACCUA",-31.3,0,0.25,0.1516,0.21385,0.4,0.3,"SS-DS",0.4,0.0666666666666667,0.366666666666667,0.0833333333333333,"AUUU","A","A","AGAUAGUAAAAUUGUUCAAC"
14251,"UCCGUGAAGUCAUAUUUUAA",0.3,TRUE,"0","NCR_552",0,"good guide","good",-6.6,".......((((.........))))............................",".......((((.........))))........","UUAAAAUAUGACUUCACGGA",-27.9,0,0,0.2082,0.43315,0.2,0.1,"SS-DS",0.366666666666667,0.0666666666666667,0.35,0.05,"AGAG","A","A","UUAACAAAGCCUUACAUUAA"
16420,"AUACCUCCUAAGUAAAGUUG",0.35,TRUE,"0","NCR_553",0,"good guide","good",-6.6,".......((((.........))))............................",".......((((.........))))........","CAACUUUACUUAGGAGGUAU",-30.1,0,0.95,0.1803,0.174,0.75,0.7,"SS-DS",0.266666666666667,0.0333333333333333,0.283333333333333,0.0166666666666667,"GAGC","G","G","GCUCCAGGUUGUGAUGUCAC"
17658,"UGAUAACACCCUUAUAAAAC",0.3,TRUE,"0","NCR_554",0,"good guide","good",-6.6,".......((((.........))))............................",".......((((.........))))........","GUUUUAUAAGGGUGUUAUCA",-27.9,0.4,1,0.1966,0.1513,0.35,0.4,"SS-DS",0.3,0.0333333333333333,0.283333333333333,0.0166666666666667,"CGCA","C","C","UAAAGACAAAUCAGCUCAAU"
18052,"CAAUCUUUAAAGAGUCCUGU",0.35,TRUE,"0","NCR_555",0,"good guide","good",-6.6,".......((((.........))))............................",".......((((.........))))........","ACAGGACUCUUUAAAGAUUG",-29.8,0,0.95,0.2002,0.50125,0.3,0.3,"SS-DS",0.3,0.0666666666666667,0.283333333333333,0.05,"UAGU","U","U","AAUGUGGCAACUUUACAAGC"
18272,"ACGUACAUGUCUUAUAGCUU",0.35,TRUE,"0","NCR_556",0,"good guide","good",-6.6,".......((((.........))))............................",".......((((.........))))........","AAGCUAUAAGACAUGUACGU",-30.3,0,0,0.3042,0.3769,0.4,0.3,"SS-DS",0.3,0.2,0.283333333333333,0.116666666666667,"GCAU","G","G","GUUACCCUAACAUGUUUAUC"
18329,"GGUACCAACAGCUUCUCUAG",0.5,TRUE,"0","NCR_557",0,"good guide","good",-6.6,".......((((.........))))............................",".......((((.........))))........","CUAGAGAAGCUGUUGGUACC",-36.4,0.1,1,0.1543,0.0254,0.5,0.5,"SS-DS",0.433333333333333,0.0333333333333333,0.383333333333333,0.166666666666667,"AAUU","A","A","UUGGCUUCGAUGUCGAGGGG"
18460,"UUAAAUUGAUCUCCAGGCGG",0.45,TRUE,"0","NCR_558",0,"good guide","good",-6.6,".......((((.........))))............................",".......((((.........))))........","CCGCCUGGAGAUCAAUUUAA",-33.9,0,0.4,0.1403,0.0193,0.25,0.15,"SS-DS",0.233333333333333,0.0333333333333333,0.266666666666667,0.0833333333333333,"ACAC","A","A","ACAGAUUUUUCCAGAGUUAG"
18606,"UCAUAGAUGUCAACUCAAAG",0.35,TRUE,"0","NCR_559",0,"good guide","good",-6.6,".......((((.........))))............................",".......((((.........))))........","CUUUGAGUUGACAUCUAUGA",-30.3,0,0,0.2453,0.2131,0.15,0.05,"SS-DS",0.266666666666667,0.0666666666666667,0.3,0.0333333333333333,"AGUA","A","A","CAGAGUCGUAUUUGUCUUAU"
18816,"UACCAUGGACUUGACAAUAC",0.4,TRUE,"0","NCR_560",0,"good guide","good",-6.6,".......((((.........))))............................",".......((((.........))))........","GUAUUGUCAAGUCCAUGGUA",-32.7,0,0,0.38085,0.3138,0.6,0.3,"SS-DS",0.3,0.1,0.25,0.05,"AUGC","A","A","UACAGGUAACCUACAAAGCA"
19169,"UAGGCAUACACCAUCUGUGA",0.45,TRUE,"4","NCR_561",0.2,"hasHairpin/4bp","good",-7.1,".......((((.........))))..........((......))........",".......((((.........))))........","UCACAGAUGGUGUAUGCCUA",-35.8,0,0.7,0.23075,0.1302,0.5,0.45,"SS-DS",0.4,0.166666666666667,0.383333333333333,0.166666666666667,"UUUU","U","U","UCUAUUCUUAUGCCACACAU"
20100,"AUGUGACUCCAUUAAGACUA",0.35,TRUE,"0","NCR_562",0,"good guide","good",-6.6,".......((((.........))))............................",".......((((.........))))........","UAGUCUUAAUGGAGUCACAU",-31.2,0,1,0.1294,0.23985,0.5,0.5,"SS-DS",0.2,0.0666666666666667,0.216666666666667,0.1,"UAAU","U","U","UUUACAACCAUCUGUAGGUC"
20234,"AAUUUCCAUUUGACUCCUGG",0.4,TRUE,"0","NCR_563",0,"good guide","good",-6.6,".......((((.........))))............................",".......((((.........))))........","CCAGGAGUCAAAUGGAAAUU",-31.9,0,1,0.34505,0.11625,0.6,0.7,"SS-DS",0.4,0,0.333333333333333,0.0333333333333333,"GAUU","G","G","CUCAGAGUAGAAAUUUACAA"
20716,"UCACACUUUUCUAAUAGCAU",0.3,TRUE,"0","NCR_564",0,"good guide","good",-6.6,".......((((.........))))............................",".......((((.........))))........","AUGCUAUUAGAAAAGUGUGA",-28.5,0,0,0.34585,0.36255,0.45,0.2,"SS-DS",0.333333333333333,0.1,0.3,0.0833333333333333,"CCUU","C","C","GCUAUGCCUAAUCUUUACAA"
20844,"GUAUAACUCUCAUAUUAUAG",0.25,TRUE,"0","NCR_565",0,"good guide","good",-6.6,".......((((.........))))............................",".......((((.........))))........","CUAUAAUAUGAGAGUUAUAC",-26.2,0,0.95,0.3477,0.29815,0.8,0.8,"SS-DS",0.4,0.233333333333333,0.366666666666667,0.183333333333333,"AUUU","A","A","AUAUUUAAACACAUUAACAU"
20846,"AUGUAUAACUCUCAUAUUAU",0.2,TRUE,"0","NCR_566",0,"good guide","good",-6.6,".......((((.........))))............................",".......((((.........))))........","AUAAUAUGAGAGUUAUACAU",-25,0,1,0.37985,0.30375,0.8,0.85,"SS-DS",0.366666666666667,0.233333333333333,0.35,0.166666666666667,"UUUG","U","U","AUUUAAACACAUUAACAUUA"
21591,"AACACACUGACUAGAGACUA",0.4,TRUE,"0","NCR_567",0,"good guide","good",-6.6,".......((((.........))))............................",".......((((.........))))........","UAGUCUCUAGUCAGUGUGUU",-33.4,0,0.55,0.2598,0.10245,0.6,0.65,"SS-DS",0.233333333333333,0.233333333333333,0.4,0.2,"AAUC","A","A","CAAUGUUUGUUUUUCUUGUU"
21595,"GAUUAACACACUGACUAGAG",0.4,TRUE,"0","NCR_568",0,"good guide","good",-6.6,".......((((.........))))............................",".......((((.........))))........","CUCUAGUCAGUGUGUUAAUC",-32.1,0,0.55,0.2381,0.08225,0.75,0.75,"SS-DS",0.233333333333333,0.233333333333333,0.416666666666667,0.2,"UUAC","U","U","GUUUGUUUUUCUUGUUUUAU"
21600,"UGUAAGAUUAACACACUGAC",0.35,TRUE,"0","NCR_569",0,"good guide","good",-6.6,".......((((.........))))............................",".......((((.........))))........","GUCAGUGUGUUAAUCUUACA",-30.2,0,0.55,0.246,0.18395,0.75,0.75,"SS-DS",0.2,0.3,0.383333333333333,0.216666666666667,"ACCA","A","A","UUUUUCUUGUUUUAUUGCCA"
21647,"CCACGUGUGAAAGAAUUAGU",0.4,TRUE,"0","NCR_570",0,"good guide","good",-6.6,".......((((.........))))............................",".......((((.........))))........","ACUAAUUCUUUCACACGUGG",-31.2,0,1,0.52815,0.26785,0.8,0.95,"SS-DS",0.4,0.1,0.283333333333333,0.183333333333333,"UGUU","U","U","ACAACCAGAACUCAAUUACC"
21693,"UGAAUGUAAAACUGAGGAUC",0.35,TRUE,"0","NCR_571",0,"good guide","good",-6.6,".......((((.........))))............................",".......((((.........))))........","GAUCCUCAGUUUUACAUUCA",-30.3,0,0.1,0.2741,0.3098,0.45,0.25,"SS-DS",0.466666666666667,0.3,0.433333333333333,0.333333333333333,"ACUC","A","A","GUGGUGUUUAUUACCCUGAC"
21743,"GCAUGGAACCAAGUAACAUU",0.4,TRUE,"0","NCR_572",0,"good guide","good",-6.6,".......((((.........))))............................",".......((((.........))))........","AAUGUUACUUGGUUCCAUGC",-32,0,0.45,0.25455,0.1159,0.15,0.3,"SS-DS",0.3,0.366666666666667,0.383333333333333,0.2,"UAUA","U","U","ACUCAGGACUUGUUCUUACC"
21748,"GUAUAGCAUGGAACCAAGUA",0.4,TRUE,"0","NCR_573",0,"good guide","good",-6.6,".......((((.........))))............................",".......((((.........))))........","UACUUGGUUCCAUGCUAUAC",-32.8,0,0.2,0.2862,0.25825,0.35,0.35,"SS-DS",0.266666666666667,0.4,0.383333333333333,0.2,"AUGU","A","A","GGACUUGUUCUUACCUUUCU"
21749,"UGUAUAGCAUGGAACCAAGU",0.4,TRUE,"0","NCR_574",0,"good guide","good",-6.6,".......((((.........))))............................",".......((((.........))))........","ACUUGGUUCCAUGCUAUACA",-33.1,0,0.15,0.2659,0.26145,0.4,0.3,"SS-DS",0.3,0.433333333333333,0.416666666666667,0.216666666666667,"UGUC","U","U","GACUUGUUCUUACCUUUCUU"
22194,"AGGGAGAUCACGCACUAAAU",0.45,TRUE,"0","NCR_575",0,"good guide","good",-6.6,".......((((.........))))............................",".......((((.........))))........","AUUUAGUGCGUGAUCUCCCU",-34.7,0,0,0.16895,0.36515,0.4,0.1,"SS-DS",0.366666666666667,0.1,0.35,0.05,"CAGG","C","C","UUAAAAUAUAUUCUAAGCAC"
22659,"UGCGGAAUUAUAUAGGACAG",0.4,TRUE,"0","NCR_576",0,"good guide","good",-6.6,".......((((.........))))............................",".......((((.........))))........","CUGUCCUAUAUAAUUCCGCA",-32.2,0,0.6,0.1809,0.21055,0.6,0.55,"SS-DS",0.466666666666667,0.0666666666666667,0.4,0.0833333333333333,"UCAU","U","U","AGAGAAUCAGCAACUGUGUU"
22921,"UAGACUUCCUAAACAAUCUA",0.3,TRUE,"0","NCR_577",0,"good guide","good",-6.6,".......((((.........))))............................",".......((((.........))))........","UAGAUUGUUUAGGAAGUCUA",-28.9,0,0,0.22405,0.1736,0.3,0.15,"SS-DS",0.333333333333333,0.166666666666667,0.366666666666667,0.0833333333333333,"AUCU","A","A","UAAGGUUGGUGGUAAUUAUA"
23013,"AAAGUAACAAUUAAAACCUU",0.2,TRUE,"0","NCR_578",0,"good guide","good",-6.6,".......((((.........))))............................",".......((((.........))))........","AAGGUUUUAAUUGUUACUUU",-22.9,0,1,0.28045,0.0861,0.5,0.55,"SS-DS",0.333333333333333,0.1,0.3,0.15,"CCUU","C","C","AGGCCGGUAGCACACCUUGU"
23185,"CUGUUAAACCAUUGAAGUUG",0.35,TRUE,"0","NCR_579",0,"good guide","good",-6.6,".......((((.........))))............................",".......((((.........))))........","CAACUUCAAUGGUUUAACAG",-28.6,0,0,0.2456,0.4081,0.45,0.15,"SS-DS",0.266666666666667,0.0333333333333333,0.333333333333333,0.0833333333333333,"GCAC","G","G","UAAUUUGGUUAAAAACAAAU"
23206,"ACUCAGUAAGAACACCUGUG",0.45,TRUE,"0","NCR_580",0,"good guide","good",-6.6,".......((((.........))))............................",".......((((.........))))........","CACAGGUGUUCUUACUGAGU",-34.4,0,0.75,0.18505,0.11215,0.2,0.25,"SS-DS",0.3,0.0333333333333333,0.333333333333333,0.05,"CUAA","C","C","UGUCAAUUUCAACUUCAAUG"
23214,"UUUGUUAGACUCAGUAAGAA",0.3,TRUE,"0","NCR_581",0,"good guide","good",-6.6,".......((((.........))))............................",".......((((.........))))........","UUCUUACUGAGUCUAACAAA",-28.6,0,1,0.34235,0.1497,0.25,0.5,"SS-DS",0.333333333333333,0.0333333333333333,0.3,0.0333333333333333,"AAGU","A","A","UCAACUUCAAUGGUUUAACA"
23418,"AUGAAUAGCAACAGGGACUU",0.4,TRUE,"0","NCR_582",0,"good guide","good",-6.6,".......((((.........))))............................",".......((((.........))))........","AAGUCCCUGUUGCUAUUCAU",-32.9,0.75,1,0.22895,0.04385,0.7,0.7,"SS-DS",0.333333333333333,0.1,0.35,0.0833333333333333,"GCAG","G","G","CUGUUCUUUAUCAGGAUGUU"
23440,"AAGUAGGAGUAAGUUGAUCU",0.35,TRUE,"0","NCR_583",0,"good guide","good",-6.6,".......((((.........))))............................",".......((((.........))))........","AGAUCAACUUACUCCUACUU",-31,1,0.85,0.2938,0.31305,0.3,0.35,"SS-DS",0.466666666666667,0.166666666666667,0.383333333333333,0.15,"GGCG","G","G","CUGCACAGAAGUCCCUGUUG"
23461,"AACCUGUAGAAUAAACACGC",0.4,TRUE,"0","NCR_584",0,"good guide","good",-6.6,".......((((.........))))............................",".......((((.........))))........","GCGUGUUUAUUCUACAGGUU",-31.4,1,0,0.26965,0.21735,0.45,0.2,"SS-DS",0.366666666666667,0.1,0.366666666666667,0.116666666666667,"CUAA","C","C","UAUUCAUGCAGAUCAACUUA"
23612,"UGACUAGCUACACUACGUGC",0.5,TRUE,"0","NCR_585",0,"good guide","good",-6.6,".......((((.........))))............................",".......((((.........))))........","GCACGUAGUGUAGCUAGUCA",-36.6,0,0.25,0.1476,0.1065,0.25,0.2,"SS-DS",0.333333333333333,0.0666666666666667,0.3,0.05,"AUCC","A","A","UAUCAGACUCAGACUAAUUC"
23616,"GGAUUGACUAGCUACACUAC",0.45,TRUE,"0","NCR_586",0,"good guide","good",-6.6,".......((((.........))))............................",".......((((.........))))........","GUAGUGUAGCUAGUCAAUCC",-34.7,0,0.45,0.14845,0.12465,0.3,0.25,"SS-DS",0.333333333333333,0.0666666666666667,0.266666666666667,0.05,"AUCA","A","A","AGACUCAGACUAAUUCUCCU"
23620,"UGAUGGAUUGACUAGCUACA",0.4,TRUE,"0","NCR_587",0,"good guide","good",-6.6,".......((((.........))))............................",".......((((.........))))........","UGUAGCUAGUCAAUCCAUCA",-33.6,0,0.65,0.2697,0.19005,0.45,0.4,"SS-DS",0.3,0.0666666666666667,0.266666666666667,0.0333333333333333,"UUGC","U","U","UCAGACUAAUUCUCCUCGGC"
23833,"UUAAUUGUGUACAAAAACUG",0.25,TRUE,"0","NCR_588",0,"good guide","good",-6.6,".......((((.........))))............................",".......((((.........))))........","CAGUUUUUGUACACAAUUAA",-24.8,0,0,0.26195,0.3116,0.35,0.2,"SS-DS",0.3,0,0.333333333333333,0,"ACCG","A","A","UGAAUGCAGCAAUCUUUUGU"
24124,"AAACAGUAAGGCCGUUAAAC",0.4,TRUE,"0","NCR_589",0,"good guide","good",-6.6,".......((((.........))))............................",".......((((.........))))........","GUUUAACGGCCUUACUGUUU",-30.9,0,0,0.35065,0.3258,0.75,0.35,"SS-DS",0.3,0.1,0.283333333333333,0.0666666666666667,"UGCC","U","U","UGCUGCUAGAGACCUCAUUU"
25406,"UCCAAUUGUGAAGAUUCUCA",0.35,TRUE,"0","NCR_590",0,"good guide","good",-6.6,".......((((.........))))............................",".......((((.........))))........","UGAGAAUCUUCACAAUUGGA",-30.8,1,0.85,0.29095,0.39495,0.65,0.65,"SS-DS",0.233333333333333,0.0333333333333333,0.3,0.0833333333333333,"ACUG","A","A","UACACAUAAACGAACUUAUG"
25706,"UAAAGCAUAAAGAUAGAGAA",0.25,TRUE,"0","NCR_591",0,"good guide","good",-6.6,".......((((.........))))............................",".......((((.........))))........","UUCUCUAUCUUUAUGCUUUA",-26.7,0.45,1,0.3253,0.1802,0.85,0.85,"SS-DS",0.4,0.1,0.366666666666667,0.0833333333333333,"GUCU","G","GU","UGCUCGUUGCUGCUGGCCUU"
25709,"GACUAAAGCAUAAAGAUAGA",0.3,TRUE,"0","NCR_592",0,"good guide","good",-6.6,".......((((.........))))............................",".......((((.........))))........","UCUAUCUUUAUGCUUUAGUC",-28.4,0.6,1,0.3321,0.2924,0.7,0.8,"SS-DS",0.366666666666667,0.166666666666667,0.366666666666667,0.116666666666667,"UACU","U","U","UCGUUGCUGCUGGCCUUGAA"
25715,"GAAGUAGACUAAAGCAUAAA",0.3,TRUE,"0","NCR_593",0,"good guide","good",-6.6,".......((((.........))))............................",".......((((.........))))........","UUUAUGCUUUAGUCUACUUC",-28.1,0.9,0.85,0.3339,0.33735,0.45,0.6,"SS-DS",0.333333333333333,0.266666666666667,0.35,0.15,"UUGC","U","U","CUGCUGGCCUUGAAGCCCCU"
26689,"UAAAGUUACUGGCCAUAACA",0.35,TRUE,"0","NCR_594",0,"good guide","good",-6.6,".......((((.........))))............................",".......((((.........))))........","UGUUAUGGCCAGUAACUUUA",-30.6,0,0,0.15835,0.21495,0.4,0.1,"SS-DS",0.466666666666667,0.233333333333333,0.466666666666667,0.116666666666667,"GCUU","G","G","UGUAUAUAAUUAAGUUAAUU"
26738,"CACCGGUGAUCCAAUUUAUU",0.4,TRUE,"4","NCR_595",0.2,"hasHairpin/4bp","good",-7.4,".......((((.........))))............((....))........",".......((((.........))))........","AAUAAAUUGGAUCACCGGUG",-31.4,0,0,0.2786,0.21745,0.25,0.2,"SS-DS",0.366666666666667,0,0.416666666666667,0.05,"GAAU","G","G","AGCUUGUUUUGUGCUUGCUG"
27911,"CAGUUGUGAUGAUUCCUAAG",0.4,TRUE,"0","NCR_596",0,"good guide","good",-6.6,".......((((.........))))............................",".......((((.........))))........","CUUAGGAAUCAUCACAACUG",-31.7,0,0,0.24735,0.35825,0.55,0.15,"SS-DS",0.333333333333333,0.0666666666666667,0.35,0.0333333333333333,"UAGC","U","U","CGCCUAAACGAACAUGAAAU"
28370,"UGUUUUGAUCGCGCCCCACU",0.55,TRUE,"0","NCR_597",0,"good guide","good",-6.6,".......((((.........))))............................",".......((((.........))))........","AGUGGGGCGCGAUCAAAACA",-37.8,0,0,0.33425,0.25965,0.4,0.25,"SS-DS",0.2,0,0.166666666666667,0.0333333333333333,"ACGU","A","A","UCAACUGGCAGUAACCAGAA"
29072,"GCUUGUGUUACAUUGUAUGC",0.4,TRUE,"0","NCR_598",0,"good guide","good",-6.6,".......((((.........))))............................",".......((((.........))))........","GCAUACAAUGUAACACAAGC",-31.6,1,0.75,0.50025,0.43125,0.8,0.75,"SS-DS",0.166666666666667,0,0.15,0,"UUUC","U","U","AAGCCUCGGCAAAAACGUAC"
29270,"AAUUUGAUGGCACCUGUGUA",0.4,TRUE,"0","NCR_599",0,"good guide","good",-6.6,".......((((.........))))............................",".......((((.........))))........","UACACAGGUGCCAUCAAAUU",-32.7,0.05,0,0.30285,0.3449,0.4,0.15,"SS-DS",0.2,0.0666666666666667,0.2,0.1,"GGAU","G","G","GAAGUCACACCUUCGGGAAC"
13342,"UAAGUGUAAAACCCACAGGG",0.45,TRUE,"6","NCR_600",0.3,"hasHairpin/6bp","8plex",-8.3,".......((((.........))))...................(((...)))",".......((((.........))))........","CCCUGUGGGUUUUACACUUA",-34.1,0,0,0.30035,0.10995,0.6,0.2,"SS-DS",0.266666666666667,0,0.283333333333333,0.0333333333333333,"AAAA","A","A","UGUACAAAUACCUACAACUU"
13382,"UAACCUUUCCACAUACCGCA",0.45,TRUE,"0","NCR_601",0,"good guide","8plex",-6.6,".......((((.........))))............................",".......((((.........))))........","UGCGGUAUGUGGAAAGGUUA",-34.4,0,0,0.2165,0.2663,0.45,0.15,"SS-DS",0.266666666666667,0.0666666666666667,0.283333333333333,0.0333333333333333,"UGGC","U","U","UUUACACUUAAAAACACAGU"
13442,"AACGAUUGUGCAUCAGCUGA",0.45,FALSE,"11","NCR_602",0.55,"noHairpin/11bp","8plex",-8.5,".....((((.......(((...((((.............)))).))))))).",".....((((.......(((...((((......","UCAGCUGAUGCACAAUCGUU",-34.4,0.45,0.35,0.2764,0.1948,0.65,0.45,"SS-DS",0.3,0,0.266666666666667,0.0666666666666667,"UUUA","U","U","UGUGAUCAACUCCGCGAACC"
28286,"UUUCGCUGAUUUUGGGGUCC",0.5,FALSE,"11","NCR_603",0.55,"noHairpin/11bp","8plex",-12.2,"..((((.((((.........)))).(((((((.......).)))))))))).","..((((.((((.........)))).(((((((","GGACCCCAAAAUCAGCGAAA",-35.8,0.25,0,0.22765,0.2842,0.35,0.1,"SS-DS",0.266666666666667,0,0.25,0,"UGCA","U","U","CUAAACGAACAAACUAAAAU"
28313,"GGUCCACCAAACGUAAUGCG",0.55,FALSE,"4","NCR_604",0.2,"noHairpin/4bp","8plex",-8.6,"..((((.((((.........))))........))))................","..((((.((((.........))))........","CGCAUUACGUUUGGUGGACC",-36.6,0,0,0.18505,0.1921,0.2,0.05,"SS-DS",0.2,0,0.15,0,"CUCA","C","C","AAUGGACCCCAAAAUCAGCG"
28339,"UCUGGUUACUGCCAGUUGAA",0.45,TRUE,"10","NCR_605",0.5,"hasHairpin/10bp","8plex",-12.6,".......((((.........)))).........(((((....))))).....",".......((((.........))))........","UUCAACUGGCAGUAACCAGA",-35.1,0,0,0.12625,0.2451,0.45,0.05,"SS-DS",0.1,0,0.166666666666667,0,"AUGG","A","A","ACCCCGCAUUACGUUUGGUG"
28681,"UUGGUGUAUUCAAGGCUCCC",0.5,FALSE,"15","NCR_606",0.75,"noHairpin/15bp","8plex",-10.8,"......((((......((((..(((((((...))))))).)))).))))...","......((((......((((..(((((((...","GGGAGCCUUGAAUACACCAA",-36.9,1,0.6,0.18385,0.20825,0.7,0.6,"SS-DS",0.2,0,0.2,0.0833333333333333,"AAGA","A","A","CAAAGACGGCAUCAUAUGGG"
28706,"GGAUUGCGGGUGCCAAUGUG",0.6,FALSE,"13","NCR_607",0.65,"noHairpin/13bp","8plex",-9.4,".......((((.........)))).......((.((((.(....))))).))",".......((((.........)))).......(","CACAUUGGCACCCGCAAUCC",-39.6,0.85,0.5,0.2948,0.19015,0.35,0.35,"SS-DS",0.266666666666667,0.1,0.216666666666667,0.166666666666667,"UGCU","U","U","ACUGAGGGAGCCUUGAAUAC"
28733,"UGUAGCACGAUUGCAGCAUU",0.45,FALSE,"11","NCR_608",0.55,"noHairpin/11bp","8plex",-10.4,".......((((.........)))).......((((((.....))))))....",".......((((.........)))).......(","AAUGCUGCAAUCGUGCUACA",-34.3,0,1,0.19245,0.24795,0.7,0.7,"SS-DS",0.166666666666667,0.166666666666667,0.183333333333333,0.0833333333333333,"ACUU","A","A","GAUCACAUUGGCACCCGCAA"
28881,"UCUAGCAGGAGAAGUUCCCC",0.55,FALSE,"7","NCR_609",0.35,"noHairpin/7bp","8plex",-9.2,".......((((.........)))).......((((....)))).........",".......((((.........)))).......(","GGGGAACUUCUCCUGCUAGA",-39.5,0,0,0.28795,0.28615,0.35,0.3,"SS-DS",0.3,0.0666666666666667,0.25,0.05,"AUGG","A","A","GUUCAAGAAAUUCAACUCCA"
28932,"UCUGUCAAGCAGCAGCAAAG",0.5,FALSE,"11","NCR_610",0.55,"noHairpin/11bp","8plex",-9.2,".......((((.........)))).......((((((...)))).)).....",".......((((.........)))).......(","CUUUGCUGCUGCUUGACAGA",-36.3,0,0,0.119,0.1432,0.25,0.05,"SS-DS",0.266666666666667,0.0333333333333333,0.283333333333333,0.0333333333333333,"UUGA","U","U","UGGCUGGCAAUGGCGGUGAU"
28958,"GACAUUUUGCUCUCAAGCUG",0.45,TRUE,"6","NCR_611",0.3,"hasHairpin/6bp","8plex",-7.9,".......((((.........))))................(((....)))..",".......((((.........))))........","CAGCUUGAGAGCAAAAUGUC",-33.6,0,0,0.2484,0.2112,0.7,0.15,"SS-DS",0.0666666666666667,0,0.216666666666667,0,"UGGU","U","U","CUUGCUUUGCUGCUGCUUGA"
29164,"UUUGCGGCCAAUGUUUGUAA",0.4,FALSE,"10","NCR_612",0.5,"noHairpin/10bp","8plex",-8.5,".......((((.........))))....((((.(((....))).))))....",".......((((.........))))....((((","UUACAAACAUUGGCCGCAAA",-31.5,0,0.55,0.29625,0.28495,0.65,0.4,"SS-DS",0.266666666666667,0,0.183333333333333,0.0166666666666667,"UUGC","U","U","GGACCAGGAACUAAUCAGAC"
29189,"GAAGCGCUGGGGGCAAAUUG",0.6,FALSE,"8","NCR_613",0.4,"noHairpin/8bp","8plex",-9.7,".......((((........((.((...........)).))..))))......",".......((((........((.((........","CAAUUUGCCCCCAGCGCUUC",-39.3,0,0,0.2531,0.3253,0.4,0.2,"SS-DS",0.3,0.0666666666666667,0.266666666666667,0.05,"AGCG","A","A","ACUGAUUACAAACAUUGGCC"
29213,"AUGCGCGACAUUCCGAAGAA",0.5,FALSE,"8","NCR_614",0.4,"noHairpin/8bp","8plex",-6.8,"..............((((..(.(((........))).)..))))........","..............((((..(.(((.......","UUCUUCGGAAUGUCGCGCAU",-35.3,0,0,0.1709,0.226,0.35,0.15,"SS-DS",0.2,0.0333333333333333,0.216666666666667,0.05,"UGGC","U","U","AUUGCACAAUUUGCCCCCAG"
894,"GGACAAAGUGCAUGAAGCUU",0.45,TRUE,"4","NCR_1305",0.2,"hasHairpin/4bp","bad",-7,".......((((.........)))).................((.....))..",".......((((.........))))........","AAGCUUCAUGCACUUUGUCC",-34.1,1,0,0.15405,0.09555,0.1,0.05,"SS-DS",0.233333333333333,0,0.25,0.0833333333333333,"GAAC","G","G","GCAUUAAAGACCUUCUAGCA"
1057,"GACAUUCCCCAUUGAAGGUG",0.5,TRUE,"4","NCR_1306",0.2,"hasHairpin/4bp","bad",-7,".......((((.........))))................((......))..",".......((((.........))))........","CACCUUCAAUGGGGAAUGUC",-36.1,0,0.25,0.27005,0.0391,0.4,0.15,"SS-DS",0.433333333333333,0.0666666666666667,0.4,0.116666666666667,"CAAA","C","C","UUUUGAAAUUAAAUUGGCAA"
8854,"GCAAACCAGGCACGACAAAA",0.5,TRUE,"4","NCR_1307",0.2,"hasHairpin/4bp","bad",-6.9,".......((((.........))))........((.......)).........",".......((((.........))))........","UUUUGUCGUGCCUGGUUUGC",-35.3,0,0,0.21,0.193,0.35,0.2,"SS-DS",0.233333333333333,0.0666666666666667,0.216666666666667,0.0333333333333333,"CUGG","C","C","GAUUGCUGCAGUCAUAACAA"
9392,"GCUACUAUAGAUGCUGAUAU",0.35,TRUE,"4","NCR_1308",0.2,"hasHairpin/4bp","bad",-7,".......((((.........))))........((..........))......",".......((((.........))))........","AUAUCAGCAUCUAUAGUAGC",-31.4,0,0,0.19865,0.36205,0.35,0.05,"SS-DS",0.366666666666667,0.0333333333333333,0.35,0.05,"UGGU","U","U","CCACUAAUUCAACCUAUUGG"
14027,"AACAAUACCAGCAUUUCGCA",0.4,TRUE,"4","NCR_1309",0.2,"hasHairpin/4bp","bad",-7.3,".......((((.........))))..................((.....)).",".......((((.........))))........","UGCGAAAUGCUGGUAUUGUU",-31.8,0,0,0.20985,0.2595,0.35,0.2,"SS-DS",0.3,0.0666666666666667,0.3,0.0666666666666667,"GGUG","G","G","UGUUAAAAACAGUACAAUUC"
25772,"GCAUUUCCAGCAAAGCCAAA",0.45,TRUE,"4","NCR_1310",0.2,"hasHairpin/4bp","bad",-7,".......((((.........))))........((.......)).........",".......((((.........))))........","UUUGGCUUUGCUGGAAAUGC",-33.8,0.5,0,0.07175,0.0274,0.55,0,"DS",0.3,0.0333333333333333,0.3,0.0666666666666667,"CGUU","C","C","GUAUAAACUUUGUAAGAAUA"
28480,"UGUUAAUUGGAACGCCUUGU",0.4,TRUE,"4","NCR_1311",0.2,"hasHairpin/4bp","bad",-6.8,".......((((.........))))................((....))....",".......((((.........))))........","ACAAGGCGUUCCAAUUAACA",-31.6,0,0,0.2327,0.1562,0.55,0.1,"SS-DS",0.2,0.1,0.2,0.0666666666666667,"CCAA","C","C","UGGCAAGGAAGACCUUAAAU"
28914,"AGCAAGAGCAGCAUCACCGC",0.6,TRUE,"4","NCR_1312",0.2,"hasHairpin/4bp","bad",-7.4,".......((((.........)))).........((....))...........",".......((((.........))))........","GCGGUGAUGCUGCUCUUGCU",-40.5,0,0,0.15255,0.11485,0.2,0.15,"SS-DS",0.333333333333333,0.0333333333333333,0.3,0.0166666666666667,"UUGC","U","U","GAACUUCUCCUGCUAGAAUG"
3121,"GUUUACCUUGGUAAUCAUCU",0.35,FALSE,"4","NCR_1313",0.2,"noHairpin/4bp","bad",-7.4,"...((((((((.........))))................))))........","...((((((((.........))))........","AGAUGAUUACCAAGGUAAAC",-30.2,0,0.45,0.32235,0.39545,0.45,0.4,"SS-DS",0.4,0.0666666666666667,0.333333333333333,0.0333333333333333,"CUUU","C","C","GCCAUCAACUCAAUAUGAGU"
4583,"ACAAGAGUUUCAUUUAGAUC",0.3,FALSE,"4","NCR_1314",0.2,"noHairpin/4bp","bad",-6.9,".......((((.........))))....((((......))))..........",".......((((.........))))....((((","GAUCUAAAUGAAACUCUUGU",-27.9,0,1,0.3863,0.3158,0.65,0.65,"SS-DS",0.266666666666667,0.0666666666666667,0.266666666666667,0.0666666666666667,"UACA","U","U","ACUGUAGCGUCACUUAUCAA"
6451,"UAGUUUUCACAUUACACUCA",0.3,FALSE,"4","NCR_1315",0.2,"noHairpin/4bp","bad",-7.2,".......((((.........))))((((....))))................",".......((((.........))))((((....","UGAGUGUAAUGUGAAAACUA",-28.4,0,0,0.14115,0.1958,0.25,0.1,"SS-DS",0.266666666666667,0,0.233333333333333,0.0166666666666667,"CCGA","C","C","GGAAAAUCCUACCAUACAGA"
10427,"CUCAUAGCACAUUGGUAAAC",0.4,FALSE,"4","NCR_1316",0.2,"noHairpin/4bp","bad",-8,".......((((.........))))......(((............)))....",".......((((.........))))......((","GUUUACCAAUGUGCUAUGAG",-31.7,0,0,0.11525,0.17365,0.75,0,"DS",0.366666666666667,0.2,0.383333333333333,0.15,"GCCC","G","G","UUAGCUUGUUACAAUGGUUC"
13618,"AUUAAAUUGUCAUCUUCGUC",0.3,FALSE,"4","NCR_1317",0.2,"noHairpin/4bp","bad",-6.9,".......((((.........))))......(((......)))..........",".......((((.........))))......((","GACGAAGAUGACAAUUUAAU",-27.2,0,0,0.2238,0.1322,0.25,0,"DS",0.366666666666667,0,0.316666666666667,0,"UGAU","U","U","AAAACUAAUUGUUGUCGCUU"
18411,"UAUUAUUAGGUGUAUCAACA",0.25,FALSE,"4","NCR_1318",0.2,"noHairpin/4bp","bad",-7.3,".......((((.........)))).((((........))))...........",".......((((.........)))).((((...","UGUUGAUACACCUAAUAAUA",-26.8,0,0.75,0.31935,0.39195,0.7,0.45,"SS-DS",0.3,0.1,0.333333333333333,0.0666666666666667,"CAGA","C","C","UGUUAACCUAGUUGCUGUAC"
21806,"UCAUUAAAUGGUAGGACAGG",0.4,FALSE,"4","NCR_1319",0.2,"noHairpin/4bp","bad",-7.4,"...((((((((.........))))................))))........","...((((((((.........))))........","CCUGUCCUACCAUUUAAUGA",-32.5,0,0,0.34205,0.3598,0.25,0.2,"SS-DS",0.433333333333333,0,0.333333333333333,0.0166666666666667,"UGGU","U","U","GGGACCAAUGGUACUAAGAG"
25151,"AGUUCUUGGAGAUCGAUGAG",0.45,FALSE,"4","NCR_1320",0.2,"noHairpin/4bp","bad",-6.7,".......((((.........)))).((((........))))...........",".......((((.........)))).((((...","CUCAUCGAUCUCCAAGAACU",-34.3,0,0,0.188,0.2753,0.45,0.2,"SS-DS",0.233333333333333,0.133333333333333,0.266666666666667,0.0833333333333333,"UGGA","U","U","AAUGAGGUUGCCAAGAAUUU"
2888,"UUUAUGACAGCAUCUGCCAC",0.45,TRUE,"10","NCR_1321",0.5,"hasHairpin/10bp","bad",-7.1,".......((((.........))))............((.(((...))).)).",".......((((.........))))........","GUGGCAGAUGCUGUCAUAAA",-34.8,0,0.3,0.13935,0.0647,0.25,0.3,"SS-DS",0.333333333333333,0.0333333333333333,0.316666666666667,0.05,"AACU","A","A","GGUACAGAAGUAAAUGAGUU"
4186,"CUAGCAUUUCAGUAGUGCCA",0.45,TRUE,"10","NCR_1322",0.5,"hasHairpin/10bp","bad",-10.3,".......((((.........))))...........(((((.....)))))..",".......((((.........))))........","UGGCACUACUGAAAUGCUAG",-34.6,0,0,0.0731,0.20045,0.25,0,"DS",0.133333333333333,0.0666666666666667,0.216666666666667,0.0333333333333333,"CGAA","C","C","UGCUGUGGUUAUACCUACUA"
6379,"UUAGAUCUUCGCAGGCAAGA",0.45,TRUE,"10","NCR_1323",0.5,"hasHairpin/10bp","bad",-7.2,".......((((.........)))).............(((((....).))))",".......((((.........))))........","UCUUGCCUGCGAAGAUCUAA",-34.8,0,0.4,0.13495,0.14745,0.25,0.15,"SS-DS",0.2,0.0333333333333333,0.15,0.0166666666666667,"AACC","A","A","GAAGUCAGAGGACGCGCAGG"
8234,"AUGUCAGAUUGAUGUGACAA",0.35,TRUE,"10","NCR_1324",0.5,"hasHairpin/10bp","bad",-11.3,".......((((.........)))).........(((((........))))).",".......((((.........))))........","UUGUCACAUCAAUCUGACAU",-31,0,0.75,0.2867,0.36575,0.5,0.45,"SS-DS",0.3,0.0666666666666667,0.316666666666667,0.1,"AGAA","A","A","GAAACUAAAGAUGUUGUUGA"
8511,"UGUUACAACAUUAACAACUU",0.25,TRUE,"10","NCR_1325",0.5,"hasHairpin/10bp","bad",-8.4,".......((((.........))))........(((((......)))))....",".......((((.........))))........","AAGUUGUUAAUGUUGUAACA",-25.5,0,0.35,0.25665,0.13175,0.3,0.25,"SS-DS",0.233333333333333,0.0666666666666667,0.283333333333333,0.05,"ACAA","A","A","CUUUUAAGUUGACAUGUGCA"
20130,"UGAACUGUGUUUUUACGGCU",0.4,TRUE,"10","NCR_1326",0.5,"hasHairpin/10bp","bad",-9.8,".......((((.........))))............(((((....)))))..",".......((((.........))))........","AGCCGUAAAAACACAGUUCA",-31.5,0,1,0.1681,0.03385,0.4,0.45,"SS-DS",0.4,0.233333333333333,0.366666666666667,0.183333333333333,"AUUA","A","A","UAGUCUUAAUGGAGUCACAU"
22044,"AGUGCAAUUAUUCGCACUAG",0.4,TRUE,"10","NCR_1327",0.5,"hasHairpin/10bp","bad",-12.7,".......((((.........))))........(((((........)))))..",".......((((.........))))........","CUAGUGCGAAUAAUUGCACU",-31.5,0,0,0.17965,0.187,0.45,0.2,"SS-DS",0.5,0,0.433333333333333,0.0166666666666667,"UUUG","U","U","GUUGGAUGGAAAGUGAGUUC"
29299,"GAUCUUUGAAAUUUGGAUCU",0.3,TRUE,"10","NCR_1328",0.5,"hasHairpin/10bp","bad",-10.5,".......((((.........))))........(((((.........))))).",".......((((.........))))........","AGAUCCAAAUUUCAAAGAUC",-27.8,1,0.55,0.3617,0.2862,0.7,0.6,"SS-DS",0.333333333333333,0,0.266666666666667,0.0166666666666667,"AAGU","A","A","CUACACAGGUGCCAUCAAAU"
4543,"ACGCUACAGUUGUUUUACUG",0.4,FALSE,"10","NCR_1329",0.5,"noHairpin/10bp","bad",-10.4,".......((((.........))))..((((((((......).)))))))...",".......((((.........))))..((((((","CAGUAAAACAACUGUAGCGU",-31,0,0,0.13495,0.04675,0.35,0.05,"SS-DS",0.266666666666667,0.0666666666666667,0.366666666666667,0.1,"CACU","C","C","UGAUUAUGGUGCUAGAUUUU"
8810,"GCAAUCAAUGGGCAAGCUUU",0.45,FALSE,"10","NCR_1330",0.5,"noHairpin/10bp","bad",-9.5,".......(((((....(((...((........))..))).))))).......",".......(((((....(((...((........","AAAGCUUGCCCAUUGAUUGC",-33.9,0,0.9,0.1822,0.1458,0.75,0.75,"SS-DS",0.3,0.0333333333333333,0.283333333333333,0.0166666666666667,"UGCA","U","U","AGCCAGCGUGGUGGUAGUUA"
9931,"CUUCUCUGUAGCUAGUUGUA",0.4,FALSE,"10","NCR_1331",0.5,"noHairpin/10bp","bad",-9.1,"..(((.(((........(((((.........)))))......))).)))...","..(((.(((........(((((.........)","UACAACUAGCUACAGAGAAG",-32.7,0,0.4,0.35165,0.33125,0.55,0.45,"SS-DS",0.333333333333333,0.2,0.316666666666667,0.133333333333333,"CUGC","C","C","UAAGUACAAGUAUUUUAGUG"
10209,"GAGUAAAUCUUCAUAAUUAG",0.25,FALSE,"10","NCR_1332",0.5,"noHairpin/10bp","bad",-7.1,"...............(((((((..(((......)))...)))))))......","...............(((((((..(((.....","CUAAUUAUGAAGAUUUACUC",-25.4,0,0,0.21375,0.1323,0.2,0.1,"SS-DS",0.433333333333333,0.0333333333333333,0.35,0.0333333333333333,"AUUC","A","A","UGAUCUGCACCUCUGAAGAC"
10378,"ACACUGAAAAAGUCUGUCCU",0.4,FALSE,"10","NCR_1333",0.5,"noHairpin/10bp","bad",-9.3,".......((((.........))))......(((.(((.....))).)))...",".......((((.........))))......((","AGGACAGACUUUUUCAGUGU",-32.5,0.8,0.45,0.2408,0.25065,0.2,0.25,"SS-DS",0.366666666666667,0.166666666666667,0.35,0.166666666666667,"UAGC","U","U","ACCUAAGUAUAAGUUUGUUC"
18085,"UGUGUAGGAUGUAACCCAGU",0.45,FALSE,"10","NCR_1334",0.5,"noHairpin/10bp","bad",-9.4,".......((((.........))))......((((.((........)).))))",".......((((.........))))......((","ACUGGGUUACAUCCUACACA",-35.4,0,0.1,0.2067,0.0965,0.55,0.25,"SS-DS",0.2,0.1,0.266666666666667,0.0833333333333333,"GGCA","G","G","GGACUCUUUAAAGAUUGUAG"
26968,"AUGGUGUCCAGCAAUACGAA",0.45,FALSE,"10","NCR_1335",0.5,"noHairpin/10bp","bad",-11.3,"................((..((((((((.....))))))))..)).......","................((..((((((((....","UUCGUAUUGCUGGACACCAU",-34.6,0,0,0.08165,0.2255,0.15,0.05,"SS-DS",0.2,0,0.25,0.0166666666666667,"CUAG","C","C","UAAUCGGAGCUGUGAUCCUU"
28641,"GCCGUCUUUGUUAGCACCAU",0.5,FALSE,"10","NCR_1336",0.5,"noHairpin/10bp","bad",-6.7,"..............((((((((((........)))..)))))))........","..............((((((((((........","AUGGUGCUAACAAAGACGGC",-35.8,0,0,0.24895,0.24735,0.45,0.25,"SS-DS",0.266666666666667,0,0.233333333333333,0.0166666666666667,"AUCA","A","A","UAGGAACUGGGCCAGAAGCU"
2500,"ACACUUCUGUGGGAAGUGUU",0.45,TRUE,"16","NCR_1337",0.8,"hasHairpin/16bp","bad",-14.8,".......((((.........))))........((((((((...)))))))).",".......((((.........))))........","AACACUUCCCACAGAAGUGU",-34.7,0,0,0.14515,0.18625,0.25,0.15,"SS-DS",0.266666666666667,0.0666666666666667,0.25,0.05,"UAAC","U","U","CCCAAAAGAAAUUAUCUUCU"
4093,"CAUCUUUCUUUAAGAAAGUG",0.3,TRUE,"16","NCR_1338",0.8,"hasHairpin/16bp","bad",-9.9,".......((((.........))))........((.((((((...))))))))",".......((((.........))))........","CACUUUCUUAAAGAAAGAUG",-26.6,0,0,0.1692,0.16415,0.65,0.05,"SS-DS",0.366666666666667,0,0.383333333333333,0.0333333333333333,"CUCC","C","C","UUCUGCCACUCUUGUUAGUG"
10112,"GUAGUUGUACCACAAGUUAC",0.4,TRUE,"16","NCR_1339",0.8,"hasHairpin/16bp","bad",-7.9,".......((((.........))))........((((((((...)))).))))",".......((((.........))))........","GUAACUUGUGGUACAACUAC",-31.7,0,0.05,0.2156,0.2708,0.15,0.15,"SS-DS",0.366666666666667,0.133333333333333,0.35,0.166666666666667,"ACUU","A","A","UCUGGUAAAGUUGAGGGUUG"
12498,"ACACGUAUUUUUAUAUGUGU",0.25,TRUE,"16","NCR_1340",0.8,"hasHairpin/16bp","bad",-13.4,".......((((.........))))........((((((((....))))))))",".......((((.........))))........","ACACAUAUAAAAAUACGUGU",-25.4,0,0.05,0.26845,0.28715,0.55,0.25,"SS-DS",0.3,0.0666666666666667,0.283333333333333,0.0333333333333333,"GAUG","G","G","CCAAACUAAUGGUUGUCAUA"
13717,"UGUUUAGCAACAGCUGGACA",0.45,TRUE,"16","NCR_1341",0.8,"hasHairpin/16bp","bad",-14.7,".......((((.........))))........((((((((....))))))))",".......((((.........))))........","UGUCCAGCUGUUGCUAAACA",-34.8,1,0.65,0.27625,0.1156,0.4,0.4,"SS-DS",0.366666666666667,0.166666666666667,0.35,0.1,"UGAC","U","U","GAAGAAACAAUUUAUAAUUU"
14351,"ACAAUGCAGAAUGCAUCUGU",0.4,TRUE,"16","NCR_1342",0.8,"hasHairpin/16bp","bad",-10.6,".......((((.........))))........((((((((...))))).)))",".......((((.........))))........","ACAGAUGCAUUCUGCAUUGU",-32.8,0,0.05,0.2425,0.11365,0.5,0.15,"SS-DS",0.433333333333333,0.166666666666667,0.383333333333333,0.116666666666667,"GCAA","G","G","ACCACCCAAAUUGUGUUAAC"
26035,"GUACUCAAUUGAGUUGAGUA",0.35,TRUE,"16","NCR_1343",0.8,"hasHairpin/16bp","bad",-12.8,".......((((.........)))).........((((((((...))))))))",".......((((.........))))........","UACUCAACUCAAUUGAGUAC",-30.4,0,0,0.2346,0.2598,0.25,0.25,"SS-DS",0.366666666666667,0.0333333333333333,0.35,0.0166666666666667,"AGAC","A","A","AGUUACUUCACUUCAGACUA"
27976,"AUCAACUACAUAUGGUUGAU",0.3,TRUE,"16","NCR_1344",0.8,"hasHairpin/16bp","bad",-12.7,".......((((.........))))........((((((((....))))))))",".......((((.........))))........","AUCAACCAUAUGUAGUUGAU",-28.9,0,0,0.2516,0.25885,0.4,0.25,"SS-DS",0.366666666666667,0,0.333333333333333,0.05,"GACC","G","G","AAGAAUGUAGUUUACAGUCA"
3484,"UAGUAGCCUUAUUUAAGGCU",0.35,FALSE,"16","NCR_1345",0.8,"noHairpin/16bp","bad",-13.6,".......((((.........))))((((....))))((((((....))))))",".......((((.........))))((((....","AGCCUUAAAUAAGGCUACUA",-30.9,0,0,0.22835,0.23415,0.3,0.25,"SS-DS",0.3,0,0.283333333333333,0,"ACAA","A","A","UUACCUUAAACAUGGAGGAG"
5242,"AAGUUAAACCAUUAACUUGU",0.25,FALSE,"16","NCR_1346",0.8,"noHairpin/16bp","bad",-13.7,".......((((.........))))......(((((((((....)))))))))",".......((((.........))))......((","ACAAGUUAAUGGUUUAACUU",-25.4,0,0.85,0.14745,0.0857,0.35,0.3,"SS-DS",0.3,0.0333333333333333,0.25,0.1,"CUAU","C","C","AUUAAAUCACACUAAAAAGU"
6709,"UAGUAGUUGUACUAACAACU",0.3,FALSE,"16","NCR_1347",0.8,"noHairpin/16bp","bad",-11.5,".......((((.........))))((((....))))((((((....))))))",".......((((.........))))((((....","AGUUGUUAGUACAACUACUA",-28.6,0,1,0.33095,0.2294,0.4,0.6,"SS-DS",0.366666666666667,0.133333333333333,0.366666666666667,0.116666666666667,"ACAU","A","A","AGCUAAUUAUGCUAAGCCUU"
7836,"AUUAGCUCUCAGGUUGUCUA",0.4,FALSE,"16","NCR_1348",0.8,"noHairpin/16bp","bad",-11.9,"(((((.((((......(((.((((............))))))))))))))))","(((((.((((......(((.((((........","UAGACAACCUGAGAGCUAAU",-33.4,0,0,0.23475,0.3171,0.4,0.15,"SS-DS",0.366666666666667,0.0333333333333333,0.4,0.0333333333333333,"AACA","A","A","AAAGACAUUCUCUCUCUCAU"
8061,"UGGUACGUUAAAAGUUGAUG",0.35,FALSE,"16","NCR_1349",0.8,"noHairpin/16bp","bad",-8.7,"...((((((((.........))))........)))).((((((...))))))","...((((((((.........))))........","CAUCAACUUUUAACGUACCA",-28.9,0,0.25,0.0522,0.0823,0.3,0.25,"SS-DS",0.2,0.0333333333333333,0.333333333333333,0.0333333333333333,"AUGG","A","A","AAAUGUUUGAUGCUUACGUU"
11746,"UAUUCUUGGGUGGGAGUAGU",0.45,FALSE,"16","NCR_1350",0.8,"noHairpin/16bp","bad",-13.7,".......((((.........))))......(((((((((....)))))))))",".......((((.........))))......((","ACUACUCCCACCCAAGAAUA",-35.5,0,0.5,0.2083,0.1873,0.55,0.3,"SS-DS",0.266666666666667,0.133333333333333,0.266666666666667,0.1,"GCAU","G","G","ACAGGAGUUUAGAUAUAUGA"
11815,"UGGCUACUUUGAUACAAGGU",0.4,FALSE,"16","NCR_1351",0.8,"noHairpin/16bp","bad",-9.7,"(((.(((((((.........))))........))))))(((((...))))).","(((.(((((((.........))))........","ACCUUGUAUCAAAGUAGCCA",-32.9,0,0.8,0.25215,0.14395,0.4,0.4,"SS-DS",0.3,0.0333333333333333,0.316666666666667,0.0333333333333333,"CUGU","C","C","CAACAUUAAAUUGUUGGGUG"
27292,"AUUAUGAGGUUUAUGAUGUA",0.25,FALSE,"16","NCR_1352",0.8,"noHairpin/16bp","bad",-12.3,".......((((.........))))......(((((((((...))))))))).",".......((((.........))))......((","UACAUCAUAAACCUCAUAAU",-26.8,1,0.55,0.2435,0.19605,0.55,0.55,"SS-DS",0.3,0.1,0.383333333333333,0.116666666666667,"UAAA","U","U","ACUUUUAAAGUUUCCAUUUG"
172,"AGCCUGCAGAAGAUAGACGA",0.5,TRUE,"0","NCR_1353",0,"good guide","random",-6.6,".......((((.........))))............................",".......((((.........))))........","UCGUCUAUCUUCUGCAGGCU",-37.2,0,0,0.15655,0.15085,0.15,0.15,"SS-DS",0.333333333333333,0.1,0.283333333333333,0.0833333333333333,"GCUU","G","G","AAUUACUGUCGUUGACAGGA"
898,"GUUCGGACAAAGUGCAUGAA",0.45,TRUE,"0","NCR_1354",0,"good guide","random",-6.6,".......((((.........))))............................",".......((((.........))))........","UUCAUGCACUUUGUCCGAAC",-33.6,1,0,0.2008,0.131,0.3,0.1,"SS-DS",0.266666666666667,0,0.25,0.0833333333333333,"AACU","A","A","UAAAGACCUUCUAGCACGUG"
1570,"CUUCUCCAACAACACCUGUA",0.45,TRUE,"0","NCR_1355",0,"good guide","random",-6.6,".......((((.........))))............................",".......((((.........))))........","UACAGGUGUUGUUGGAGAAG",-34.3,0,0,0.29,0.1333,0.25,0.15,"SS-DS",0.333333333333333,0.0333333333333333,0.283333333333333,0.05,"GUUC","G","GUU","ACGUGCUAGCGCUAACAUAG"
2191,"CAAUUUCCCAACCGUCUCUA",0.45,TRUE,"0","NCR_1356",0,"good guide","random",-6.6,".......((((.........))))............................",".......((((.........))))........","UAGAGACGGUUGGGAAAUUG",-33.7,0.55,0,0.1461,0.0973,0.4,0.15,"SS-DS",0.4,0.0333333333333333,0.35,0.0833333333333333,"UUAA","U","U","AGAGAAGUUUAAGGAAGGUG"
3109,"AAUCAUCUUCAGUACCAUAC",0.35,TRUE,"0","NCR_1357",0,"good guide","random",-6.6,".......((((.........))))............................",".......((((.........))))........","GUAUGGUACUGAAGAUGAUU",-30.7,0,0.6,0.26,0.2806,0.4,0.4,"SS-DS",0.266666666666667,0.0333333333333333,0.25,0.0166666666666667,"ACCA","A","A","AGAAGAGUUUGAGCCAUCAA"
3338,"UAACCACUAAAACUAUUCAC",0.3,TRUE,"0","NCR_1358",0,"good guide","random",-6.6,".......((((.........))))............................",".......((((.........))))........","GUGAAUAGUUUUAGUGGUUA",-27.8,0.65,0.55,0.4257,0.00755,0.65,0.6,"SS-DS",0.366666666666667,0,0.333333333333333,0.0166666666666667,"UUUA","U","U","GAACUUACACCAGUUGUUCA"
4376,"UCUCGCAAAUUCCAAGAAAC",0.4,TRUE,"0","NCR_1359",0,"good guide","random",-6.6,".......((((.........))))............................",".......((((.........))))........","GUUUCUUGGAAUUUGCGAGA",-31.2,0,0,0.10485,0.1551,0.25,0,"DS",0.133333333333333,0.0333333333333333,0.2,0.0333333333333333,"AAUG","A","A","UCUAAUGAGAAGCAAGAAAU"
4640,"UACCGAGCAGCUUCUUCCAA",0.5,TRUE,"0","NCR_1360",0,"good guide","random",-6.6,".......((((.........))))............................",".......((((.........))))........","UUGGAAGAAGCUGCUCGGUA",-36.8,0,0,0.1357,0.15395,0.3,0.1,"SS-DS",0.266666666666667,0.0666666666666667,0.283333333333333,0.0666666666666667,"UAUG","U","U","CCACUUGGCUAUGUAACACA"
5430,"AACAUCACCUAACUCACCUA",0.4,TRUE,"0","NCR_1361",0,"good guide","random",-6.6,".......((((.........))))............................",".......((((.........))))........","UAGGUGAGUUAGGUGAUGUU",-33.2,0,0,0.0472,0.09345,0.15,0,"DS",0.3,0.0333333333333333,0.3,0.05,"AGAG","A","A","CACUUAUCUUAGCCUACUGU"
5715,"ACAAGUAAAUGUACCAUGCU",0.35,TRUE,"0","NCR_1362",0,"good guide","random",-6.6,".......((((.........))))............................",".......((((.........))))........","AGCAUGGUACAUUUACUUGU",-30.5,0,0.05,0.16665,0.341,0.3,0,"DS",0.3,0.0666666666666667,0.283333333333333,0.0666666666666667,"GCUA","G","G","UGUCAGCACCACCUGCUCAG"
6359,"UUAUCCAUUCCCUGCGCGUC",0.55,TRUE,"0","NCR_1363",0,"good guide","random",-6.6,".......((((.........))))............................",".......((((.........))))........","GACGCGCAGGGAAUGGAUAA",-38,0,0.2,0.1892,0.13015,0.45,0.3,"SS-DS",0.266666666666667,0,0.3,0,"UCUU","U","U","UCAAAUUCGUUUGAUGUACU"
7325,"CUAAUAAAAUGUACUGCAAA",0.25,TRUE,"0","NCR_1364",0,"good guide","random",-6.6,".......((((.........))))............................",".......((((.........))))........","UUUGCAGUACAUUUUAUUAG",-25.3,0,0.35,0.3477,0.2147,0.55,0.4,"SS-DS",0.466666666666667,0.0333333333333333,0.433333333333333,0.05,"UAAU","U","U","GCUGCAAUCAUGCAAUUGUU"
7627,"CAGCACAGAAUGUAUCACAA",0.4,TRUE,"0","NCR_1365",0,"good guide","random",-6.6,".......((((.........))))............................",".......((((.........))))........","UUGUGAUACAUUCUGUGCUG",-32.4,0,0,0.2323,0.09815,0.5,0.15,"SS-DS",0.366666666666667,0.0333333333333333,0.35,0.0666666666666667,"GUAG","G","GU","UUGCAAACUACACAAUUGGA"
8255,"CAACUAUCGCCAGUAACUUC",0.45,TRUE,"0","NCR_1366",0,"good guide","random",-6.6,".......((((.........))))............................",".......((((.........))))........","GAAGUUACUGGCGAUAGUUG",-33.3,0,0,0.2937,0.0504,0.55,0.35,"SS-DS",0.3,0.1,0.333333333333333,0.133333333333333,"UAAU","U","U","UGUCUUAAAUUGUCACAUCA"
9131,"AUAAUAGAGCCAUCCAUGAG",0.4,TRUE,"0","NCR_1367",0,"good guide","random",-6.6,".......((((.........))))............................",".......((((.........))))........","CUCAUGGAUGGCUCUAUUAU",-33.1,0,0,0.09835,0.01275,0.55,0,"DS",0.333333333333333,0.133333333333333,0.3,0.1,"UCAA","U","U","GAAAGUUUACGCCCUGACAC"
9427,"CAAGGCAUGUUACUACGAUA",0.4,TRUE,"0","NCR_1368",0,"good guide","random",-6.6,".......((((.........))))............................",".......((((.........))))........","UAUCGUAGUAACAUGCCUUG",-31.9,0,0,0.20535,0.19775,0.4,0.15,"SS-DS",0.4,0.0666666666666667,0.366666666666667,0.05,"CCUA","C","C","AGCAUCUAUAGUAGCUGGUG"
10455,"GAAUGAACCCUUAAUAGUGA",0.35,TRUE,"0","NCR_1369",0,"good guide","random",-6.6,".......((((.........))))............................",".......((((.........))))........","UCACUAUUAAGGGUUCAUUC",-30.4,0,0,0.29375,0.34865,0.35,0.2,"SS-DS",0.5,0.0666666666666667,0.416666666666667,0.0833333333333333,"CUUA","C","C","GUGUUUACCAAUGUGCUAUG"
10840,"UUAAUGAAGCACACAUAUCU",0.3,TRUE,"0","NCR_1370",0,"good guide","random",-6.6,".......((((.........))))............................",".......((((.........))))........","AGAUAUGUGUGCUUCAUUAA",-28.8,0,0,0.27805,0.1618,0.45,0.2,"SS-DS",0.233333333333333,0,0.333333333333333,0.0166666666666667,"AAGA","A","A","UCUUUCUGCUCAAACUGGAA"
11558,"AUGAAGAAAAUAGGGCAAUA",0.3,TRUE,"0","NCR_1371",0,"good guide","random",-6.6,".......((((.........))))............................",".......((((.........))))........","UAUUGCCCUAUUUUCUUCAU",-28.5,0.8,0.85,0.3502,0.2464,0.8,0.75,"SS-DS",0.333333333333333,0,0.383333333333333,0.0333333333333333,"AACU","A","A","GCCAGAGGUAUUGUUUUUAU"
12375,"AUCAUUAUCCAACUUUCUAA",0.25,TRUE,"0","NCR_1372",0,"good guide","random",-6.6,".......((((.........))))............................",".......((((.........))))........","UUAGAAAGUUGGAUAAUGAU",-26.5,0,0.55,0.20215,0.13835,0.35,0.3,"SS-DS",0.166666666666667,0.0333333333333333,0.25,0.0166666666666667,"GCAC","G","G","GUGCUAUGCAGACAAUGCUU"
12560,"UCUGCAUCUACAACCUGUUG",0.45,TRUE,"0","NCR_1373",0,"good guide","random",-6.6,".......((((.........))))............................",".......((((.........))))........","CAACAGGUUGUAGAUGCAGA",-34.5,0,0,0.1222,0.12605,0.3,0.1,"SS-DS",0.366666666666667,0.0333333333333333,0.366666666666667,0.0666666666666667,"UAGU","U","U","UUUACUUAUGCAUCAGCAUU"
13553,"ACCAGCUACUUUAUCAUUGU",0.35,TRUE,"0","NCR_1374",0,"good guide","random",-6.6,".......((((.........))))............................",".......((((.........))))........","ACAAUGAUAAAGUAGCUGGU",-30.7,0,0.85,0.3655,0.16795,0.75,0.75,"SS-DS",0.433333333333333,0.1,0.4,0.0666666666666667,"UUUG","U","U","CUGAUGUCGUAUACAGGGCU"
14040,"AUGUCAGUACACCAACAAUA",0.35,TRUE,"0","NCR_1375",0,"good guide","random",-6.6,".......((((.........))))............................",".......((((.........))))........","UAUUGUUGGUGUACUGACAU",-30.8,0,0.15,0.0506,0.0844,0.25,0.15,"SS-DS",0.3,0.1,0.283333333333333,0.0666666666666667,"UAGA","U","U","ACAAUUCUGUGAUGCCAUGC"
14486,"AUGUACAACACCUAGCUCUC",0.45,TRUE,"0","NCR_1376",0,"good guide","random",-6.6,".......((((.........))))............................",".......((((.........))))........","GAGAGCUAGGUGUUGUACAU",-35,0,0,0.13275,0.1533,0.1,0.05,"SS-DS",0.266666666666667,0.0666666666666667,0.316666666666667,0.05,"AAUC","A","A","CAUUUGUAGUUUCAACUGGA"
15331,"ACAAGUGAGGCCAUAAUUCU",0.4,TRUE,"0","NCR_1377",0,"good guide","random",-6.6,".......((((.........))))............................",".......((((.........))))........","AGAAUUAUGGCCUCACUUGU",-32.9,0,0,0.193,0.1923,0.35,0.15,"SS-DS",0.3,0.1,0.283333333333333,0.0833333333333333,"UCUU","U","U","AAAUGUGAUAGAGCCAUGCC"
15713,"CACAACAGCAUCGUCAGAGA",0.5,TRUE,"0","NCR_1378",0,"good guide","random",-6.6,".......((((.........))))............................",".......((((.........))))........","UCUCUGACGAUGCUGUUGUG",-36.2,0,0.4,0.16935,0.0632,0.45,0.2,"SS-DS",0.366666666666667,0.133333333333333,0.366666666666667,0.0833333333333333,"UGUU","U","U","AUUUGCGUAAACAUUUCUCA"
16268,"ACCACAUCUUAAUGAAGUCU",0.35,TRUE,"0","NCR_1379",0,"good guide","random",-6.6,".......((((.........))))............................",".......((((.........))))........","AGACUUCAUUAAGAUGUGGU",-30.8,0,0,0.2636,0.2694,0.2,0.05,"SS-DS",0.4,0,0.416666666666667,0.0833333333333333,"GCUU","G","G","CUGUUGGGGCUUGUGUUCUU"
16925,"ACUUAAUGGCAUUACUGUAU",0.3,TRUE,"0","NCR_1380",0,"good guide","random",-6.6,".......((((.........))))............................",".......((((.........))))........","AUACAGUAAUGCCAUUAAGU",-28.6,0,0.3,0.36755,0.18615,0.35,0.35,"SS-DS",0.166666666666667,0.0333333333333333,0.3,0.0333333333333333,"GCAC","G","G","AUGUUGGUGAUUAUUUUGUG"
17354,"GGCCAUUGAAAUUUCAUCAA",0.35,TRUE,"0","NCR_1381",0,"good guide","random",-6.6,".......((((.........))))............................",".......((((.........))))........","UUGAUGAAAUUUCAAUGGCC",-29.8,0,0,0.34085,0.29075,0.45,0.25,"SS-DS",0.366666666666667,0.0666666666666667,0.316666666666667,0.05,"ACAA","A","A","UGCCUGAGACGACAGCAGAU"
18358,"GUAGAAAAACCUAGCUGUAA",0.35,TRUE,"0","NCR_1382",0,"good guide","random",-6.6,".......((((.........))))............................",".......((((.........))))........","UUACAGCUAGGUUUUUCUAC",-30.1,1,0.45,0.2669,0.21525,0.45,0.4,"SS-DS",0.3,0.2,0.3,0.15,"AGGU","A","A","ACUAGAGAAGCUGUUGGUAC"
18987,"CUAAUAAUGCAGCUUUAACA",0.3,TRUE,"0","NCR_1383",0,"good guide","random",-6.6,".......((((.........))))............................",".......((((.........))))........","UGUUAAAGCUGCAUUAUUAG",-27.6,0,0.4,0.15935,0.1136,0.35,0.3,"SS-DS",0.266666666666667,0.133333333333333,0.266666666666667,0.1,"CAGA","C","C","UGCGGCUUGUAGAAAGGUUC"
19203,"UAGCAGGAUAUCUAUCGACA",0.4,TRUE,"0","NCR_1384",0,"good guide","random",-6.6,".......((((.........))))............................",".......((((.........))))........","UGUCGAUAGAUAUCCUGCUA",-33.5,0,0,0.19385,0.30655,0.35,0.15,"SS-DS",0.4,0.233333333333333,0.383333333333333,0.216666666666667,"AUUC","A","A","AGAUGGUGUAUGCCUAUUUU"
20345,"UAAACCACCUAACUGACUAU",0.35,TRUE,"0","NCR_1385",0,"good guide","random",-6.6,".......((((.........))))............................",".......((((.........))))........","AUAGUCAGUUAGGUGGUUUA",-30.9,0,0,0.2094,0.21935,0.4,0.2,"SS-DS",0.366666666666667,0.0333333333333333,0.383333333333333,0.0166666666666667,"CAUC","C","C","UCGAACAUAUCGUUUAUGGA"
20974,"AUCAAAGUUGAAUCUGCAUC",0.35,TRUE,"0","NCR_1386",0,"good guide","random",-6.6,".......((((.........))))............................",".......((((.........))))........","GAUGCAGAUUCAACUUUGAU",-30.1,0,1,0.35425,0.3116,0.75,0.75,"SS-DS",0.3,0.233333333333333,0.366666666666667,0.15,"UGGU","U","U","GUCGAUUCAGAUCUUAAUGA"
21464,"AAGAAGAGAUAAAAUCAUAU",0.2,TRUE,"0","NCR_1387",0,"good guide","random",-6.6,".......((((.........))))............................",".......((((.........))))........","AUAUGAUUUUAUCUCUUCUU",-24.4,0,0.05,0.16445,0.13575,0.45,0.15,"SS-DS",0.233333333333333,0,0.283333333333333,0.0666666666666667,"AGUA","A","A","UUAUGUCUUUAAAAGAAGGU"
21940,"AUUCACAGACUUUAAUAACA",0.25,TRUE,"0","NCR_1388",0,"good guide","random",-6.6,".......((((.........))))............................",".......((((.........))))........","UGUUAUUAAAGUCUGUGAAU",-26.1,0,0.5,0.3519,0.1418,0.15,0.25,"SS-DS",0.5,0.0333333333333333,0.45,0.1,"UUCA","U","U","CCUACUUAUUGUUAAUAACG"
22720,"UAAAGCAGAGAUCAUUUAAU",0.25,TRUE,"0","NCR_1389",0,"good guide","random",-6.6,".......((((.........))))............................",".......((((.........))))........","AUUAAAUGAUCUCUGCUUUA",-26.4,0,0.15,0.12685,0.05695,0.25,0.15,"SS-DS",0.433333333333333,0.0666666666666667,0.433333333333333,0.1,"CUAA","C","C","UUUUAAGUGUUAUGGAGUGU"
22881,"ACCAACCUUAGAAUCAAGAU",0.35,TRUE,"0","NCR_1390",0,"good guide","random",-6.6,".......((((.........))))............................",".......((((.........))))........","AUCUUGAUUCUAAGGUUGGU",-30.7,0,0,0.23895,0.21175,0.35,0.25,"SS-DS",0.466666666666667,0.1,0.383333333333333,0.15,"GGUA","G","G","CAGGCUGCGUUAUAGCUUGG"
23803,"ACAAAAGAUUGCUGCAUUCA",0.35,TRUE,"0","NCR_1391",0,"good guide","random",-6.6,".......((((.........))))............................",".......((((.........))))........","UGAAUGCAGCAAUCUUUUGU",-30.1,0,0,0.19245,0.2111,0.3,0,"DS",0.366666666666667,0.0333333333333333,0.383333333333333,0.05,"UGCA","U","U","UUGUACAAUGUACAUUUGUG"
24532,"UCAACCUAUCAAUUUGCACU",0.35,TRUE,"0","NCR_1392",0,"good guide","random",-6.6,".......((((.........))))............................",".......((((.........))))........","AGUGCAAAUUGAUAGGUUGA",-30.5,0,0,0.17155,0.2247,0.6,0.15,"SS-DS",0.233333333333333,0,0.266666666666667,0,"UCAC","U","U","CCUUUCACGUCUUGACAAAG"
24839,"CCAUUUGAAACAAAGACACC",0.4,TRUE,"0","NCR_1393",0,"good guide","random",-6.6,".......((((.........))))............................",".......((((.........))))........","GGUGUCUUUGUUUCAAAUGG",-30.9,0,0,0.0644,0.06935,0.1,0,"DS",0.266666666666667,0.0333333333333333,0.25,0.0666666666666667,"CACA","C","C","CAUGAUGGAAAAGCACACUU"
25763,"GCAAAGCCAAAGCCUCAUUA",0.45,TRUE,"0","NCR_1394",0,"good guide","random",-6.6,".......((((.........))))............................",".......((((.........))))........","UAAUGAGGCUUUGGCUUUGC",-34.1,0.05,0,0.086,0.1255,0.3,0,"DS",0.266666666666667,0.0333333333333333,0.3,0.05,"UGGA","U","U","UCUUGCAGAGUAUAAACUUU"
25963,"ACUCCAGAUUCCCAUUUUUC",0.4,TRUE,"0","NCR_1395",0,"good guide","random",-6.6,".......((((.........))))............................",".......((((.........))))........","GAAAAAUGGGAAUCUGGAGU",-32.2,0,0,0.11505,0.1817,0.2,0.05,"SS-DS",0.366666666666667,0.0333333333333333,0.333333333333333,0.0666666666666667,"AAAA","A","A","GAACAUGACUACCAGAUUGG"
26610,"UGUAGAAGACAAAUCCAUGU",0.35,TRUE,"0","NCR_1396",0,"good guide","random",-6.6,".......((((.........))))............................",".......((((.........))))........","ACAUGGAUUUGUCUUCUACA",-30.8,1,0,0.1811,0.13845,0.3,0,"DS",0.366666666666667,0.0666666666666667,0.383333333333333,0.0333333333333333,"AUUU","A","A","UGGAACCUAGUAAUAGGUUU"
27689,"CGCAACAAUAAGAAAAAUUG",0.3,TRUE,"0","NCR_1397",0,"good guide","random",-6.6,".......((((.........))))............................",".......((((.........))))........","CAAUUUUUCUUAUUGUUGCG",-25.4,0,0,0.366,0.30085,0.5,0.15,"SS-DS",0.366666666666667,0.0666666666666667,0.3,0.0833333333333333,"GCAA","G","G","GACAAGAGGAAGUUCAAGAA"
28062,"UCCACGCACAAUUCAAUUAA",0.35,TRUE,"0","NCR_1398",0,"good guide","random",-6.6,".......((((.........))))............................",".......((((.........))))........","UUAAUUGAAUUGUGCGUGGA",-29.7,0.45,0,0.2332,0.2815,0.25,0.1,"SS-DS",0.3,0,0.25,0.0166666666666667,"UGAG","U","U","AUUAGAGUAGGAGCUAGAAA"
28900,"CACCGCCAUUGCCAGCCAUU",0.6,TRUE,"0","NCR_1399",0,"good guide","random",-6.6,".......((((.........))))............................",".......((((.........))))........","AAUGGCUGGCAAUGGCGGUG",-40,0,0,0.15415,0.17415,0.3,0.1,"SS-DS",0.4,0.0333333333333333,0.3,0.0333333333333333,"AUGC","A","A","AGGCAGCAGUAGGGGAACUU"
29465,"GAGAAAUCAUCCAAAUCUGC",0.4,TRUE,"0","NCR_1400",0,"good guide","random",-6.6,".......((((.........))))............................",".......((((.........))))........","GCAGAUUUGGAUGAUUUCUC",-32,0.5,0,0.26345,0.0882,0.3,0.05,"SS-DS",0.166666666666667,0,0.233333333333333,0.05,"CAAA","C","C","AAACAGCAAACUGUGACUCU"
2431,"CAUGAGUAGGCCAGUUUCUUCUCUGGAU",0.464285714285714,FALSE,"17","NCR_1407",0.607142857142857,"noHairpin/17bp","28mer",-11.5,".......((((.........)))).......(((.(((.(((......))).))))))..",".......((((.........)))).......(","AUCCAGAGAAGAAACUGGCCUACUCAUG",-52.3,0,0.821428571428571,0.189321428571429,0.145857142857143,0.678571428571429,0.642857142857143,"SS-DS",0.233333333333333,0,0.25,0.0333333333333333,"CCUC","C","C","CUCAAAGGGAUUGUACAGAA"
9085,"GCGUAAACUUUCAUAAGCAACAGAACCU",0.392857142857143,TRUE,"4","NCR_1408",0.142857142857143,"hasHairpin/4bp","28mer",-6.6,".......((((.........))))........((..............))..........",".......((((.........))))........","AGGUUCUGUUGCUUAUGAAAGUUUACGC",-46.2,0,0.571428571428571,0.175642857142857,0.0867857142857143,0.357142857142857,0.321428571428571,"SS-DS",0.266666666666667,0.0666666666666667,0.3,0.0666666666666667,"CCUG","C","C","ACCAUAUUGUUAUGAUACCA"
12599,"UAGGUGAAUUGUCCAUACUAAUUUCACU",0.321428571428571,TRUE,"12","NCR_1409",0.428571428571429,"hasHairpin/12bp","28mer",-6.6,".......((((.........))))..........((((((..............))))))",".......((((.........))))........","AGUGAAAUUAGUAUGGACAAUUCACCUA",-43.9,0,0.178571428571429,0.286892857142857,0.183392857142857,0.571428571428571,0.392857142857143,"SS-DS",0.4,0,0.366666666666667,0.05,"AUUU","A","A","GUAGAUGCAGAUAGUAAAAU"
21685,"UGAAUGUAAAACUGAGGAUCUGAAAACU",0.321428571428571,FALSE,"8","NCR_1410",0.285714285714286,"noHairpin/8bp","28mer",-6.6,"((((((.((((.........))))......((.....))........)).))))......","((((((.((((.........))))......((","AGUUUUCAGAUCCUCAGUUUUACAUUCA",-43.4,0,0.357142857142857,0.258142857142857,0.241107142857143,0.357142857142857,0.25,"SS-DS",0.466666666666667,0.333333333333333,0.416666666666667,0.35,"ACUC","A","A","UUUCACACGUGGUGUUUAUU"
7719,"ACACUAUCAACGAUGUAAGAAGACUGGU",0.392857142857143,TRUE,"0","NCR_1411",0,"good guide","28mer",-7.5,".......((((.........))))....................................",".......((((.........))))........","ACCAGUCUUCUUACAUCGUUGAUAGUGU",-47.7,0,0.75,0.341178571428571,0.242928571428571,0.714285714285714,0.678571428571429,"SS-DS",0.333333333333333,0.2,0.3,0.15,"UACA","U","U","UACAGUUUAAAAGACCAAUA"
9671,"UAUAAGCAAUUGUUAUCCAGAAAGGUAC",0.321428571428571,FALSE,"9","NCR_1412",0.321428571428571,"noHairpin/9bp","28mer",-6.6,"...(((.((((.........))))............(((....))).........)))..","...(((.((((.........))))........","GUACCUUUCUGGAUAACAAUUGCUUAUA",-43.3,0,1,0.185607142857143,0.232928571428571,0.464285714285714,0.5,"SS-DS",0.466666666666667,0.233333333333333,0.433333333333333,0.266666666666667,"UCAU","U","U","AUUCAGUGGAUGGUUAUGUU"
23198,"ACUCAGUAAGAACACCUGUGCCUGUUAA",0.428571428571429,FALSE,"13","NCR_1413",0.464285714285714,"noHairpin/13bp","28mer",-10.6,".......((((.........)))).....(((((.(((.........))).)..))))..",".......((((.........)))).....(((","UUAACAGGCACAGGUGUUCUUACUGAGU",-50.2,0,0.535714285714286,0.176357142857143,0.189964285714286,0.25,0.178571428571429,"SS-DS",0.3,0.0333333333333333,0.316666666666667,0.05,"CUAA","C","C","AACAAAUGUGUCAAUUUCAA"
20838,"AUGUAUAACUCUCAUAUUAUAGGGUACA",0.285714285714286,TRUE,"10","NCR_1414",0.357142857142857,"hasHairpin/10bp","28mer",-10.3,".......((((.........))))...............(((((........)))))...",".......((((.........))))........","UGUACCCUAUAAUAUGAGAGUUAUACAU",-42.8,0,0.75,0.294321428571429,0.235321428571429,0.642857142857143,0.642857142857143,"SS-DS",0.366666666666667,0.233333333333333,0.35,0.166666666666667,"UUUG","U","U","GUGUCAAUAUUUAAACACAU"
20092,"AUGUGACUCCAUUAAGACUAGCUUGUUU",0.357142857142857,FALSE,"14","NCR_1415",0.5,"noHairpin/14bp","28mer",-7.3,".......((((.........))))....(((((.((...((......))...)).)))))",".......((((.........))))....((((","AAACAAGCUAGUCUUAAUGGAGUCACAU",-45.8,0,0.928571428571429,0.192571428571429,0.281392857142857,0.571428571428571,0.535714285714286,"SS-DS",0.2,0.0666666666666667,0.25,0.1,"UAAU","U","U","GUUAAAGGUUUACAACCAUC"
23206,"UUUGUUAGACUCAGUAAGAACACCUGUG",0.392857142857143,TRUE,"0","NCR_1416",0,"good guide","28mer",-6.6,".......((((.........))))....................................",".......((((.........))))........","CACAGGUGUUCUUACUGAGUCUAACAAA",-47.3,0,0.821428571428571,0.258285714285714,0.116428571428571,0.25,0.392857142857143,"SS-DS",0.333333333333333,0.0333333333333333,0.35,0.0333333333333333,"AAGU","A","A","UGUCAAUUUCAACUUCAAUG"
10691,"GAUUGAGAAACCACCUGUCUCCAUUUAU",0.392857142857143,FALSE,"11","NCR_1417",0.392857142857143,"noHairpin/11bp","28mer",-6.6,"...............(((((((((((......................)))))).)))))","...............(((((((((((......","AUAAAUGGAGACAGGUGGUUUCUCAAUC",-47.7,0.714285714285714,0,0.258607142857143,0.170357142857143,0.428571428571429,0.214285714285714,"SS-DS",0.333333333333333,0.0333333333333333,0.4,0.05,"GAUU","G","G","AAUGUUUUAGCUUGGUUGUA"
9955,"AUUGAGAGCCUUUGCGAGAUGACAACAA",0.428571428571429,FALSE,"11","NCR_1418",0.392857142857143,"noHairpin/11bp","28mer",-6.8,".......((((.........)))).......((((....((....))..)))).......",".......((((.........)))).......(","UUGUUGUCAUCUCGCAAAGGCUCUCAAU",-49.5,0,1,0.246607142857143,0.226821428571429,0.392857142857143,0.464285714285714,"SS-DS",0.4,0.1,0.283333333333333,0.1,"GACU","G","G","AAUGGAUACAACUAGCUACA"
