"Estimate","Std.Error","t.value","p.value","guide_id","coef","start","spacer","GC_content","has_crRNA_hairpin","crRNA_spacer_basepairs","NCR.id","spacer_structure","group","class","gRNA_MFE","structure","direct_repeat","target","hybridization_MFE","manfredonia","lan","sun_invivo","sun_invitro","huston","invivo","invivo_cat","downstream_U","downstream_unstructured_U","U_context","U_context_unstructured","antitag","antitag_pos1","antitag_label","cis_cleavage_site","plate"
-0.147065897065884,0.793431188447654,-0.18535431831665,0.853066402849656,"504","time:activator100fM",366,"UGAUAAGACCUCCUCCACGG",0.55,TRUE,0,"NCR_504",0,"good guide","good",-6.6,".......((((.........))))............................",".......((((.........))))........","CCGUGGAGGAGGUCUUAUCA",-38.8,0,0,0.24065,0.16645,0.4,0.2,"SS-DS",0.2,0.0333333333333333,0.233333333333333,0.0166666666666667,"GAGG","G","G","GCGACGUGCUCGUACGUGGC","GS1_1"
-0.805687830687827,0.427444145323216,-1.88489616597415,0.0603331586965964,"505","time:activator100fM",510,"CAGCUCAACCAUAACAUGAC",0.45,TRUE,0,"NCR_505",0,"good guide","good",-6.6,".......((((.........))))............................",".......((((.........))))........","GUCAUGUUAUGGUUGAGCUG",-34,1,0.95,0.25235,0.3771,0.65,0.65,"SS-DS",0.2,0.0333333333333333,0.216666666666667,0.0166666666666667,"GUAG","G","GU","AACGUUCGGAUGCUCGAACU","GS1_1"
1.75301827801828,0.597827895710631,2.93231261136534,0.0036025065191615,"506","time:activator100fM",1381,"CUACUUCUGAAUUGUGACAU",0.35,TRUE,0,"NCR_506",0,"good guide","good",-6.6,".......((((.........))))............................",".......((((.........))))........","AUGUCACAAUUCAGAAGUAG",-30.1,0,0.95,0.3654,0.35435,0.7,0.75,"SS-DS",0.233333333333333,0.0666666666666667,0.316666666666667,0.0666666666666667,"GACC","G","G","AAAUGCUGUUGUUAAAAUUU","GS1_1"
20.9986171236171,0.373681643205167,56.1938685119943,9.26807605007663e-170,"507","time:activator100fM",1495,"GGCAACCAACAUAAGAGAAC",0.45,TRUE,0,"NCR_507",0,"good guide","good",-6.6,".......((((.........))))............................",".......((((.........))))........","GUUCUCUUAUGUUGGUUGCC",-33.8,0.25,0,0.073,0.07615,0.2,0.05,"SS-DS",0.3,0.0666666666666667,0.333333333333333,0.0833333333333333,"AUAA","A","A","UGGUCGCACUAUUGCCUUUG","GS1_1"
0.714802789802798,0.133041426334038,5.37278357199873,1.47840983813834e-07,"508","time:activator100fM",1545,"ACAACCUAUGUUAGCGCUAG",0.45,TRUE,0,"NCR_508",0,"good guide","good",-6.6,".......((((.........))))............................",".......((((.........))))........","CUAGCGCUAACAUAGGUUGU",-33.9,0,0,0.14675,0.26955,0.35,0.1,"SS-DS",0.266666666666667,0.1,0.283333333333333,0.0833333333333333,"AACC","A","A","AUAACAAGUGUGCCUAUUGG","GS1_1"
37.4223304473305,0.433630730723908,86.2999962776098,1.36924527306577e-226,"509","time:activator100fM",2439,"CAUGAGUAGGCCAGUUUCUU",0.45,TRUE,0,"NCR_509",0,"good guide","good",-6.6,".......((((.........))))............................",".......((((.........))))........","AAGAAACUGGCCUACUCAUG",-34.4,0,1,0.21275,0.1577,0.75,0.75,"SS-DS",0.233333333333333,0,0.25,0.0333333333333333,"CCUC","C","C","GAUUGUACAGAAAGUGUGUU","GS1_1"
48.9848124098124,2.23505216861244,21.916630447254,4.45354267574626e-66,"516","time:activator100fM",5143,"CAAAAGCCUCAACACGUAGA",0.45,TRUE,0,"NCR_516",0,"good guide","good",-6.6,".......((((.........))))............................",".......((((.........))))........","UCUACGUGUUGAGGCUUUUG",-33.4,0.3,0,0.26425,0.11225,0.3,0.1,"SS-DS",0.3,0.0333333333333333,0.35,0.05,"AGUA","A","A","AACAUUUUAUGUUUUACCUA","GS1_1"
42.0906204906205,1.96446027569987,21.4260481676704,2.92324166441072e-60,"517","time:activator100fM",5461,"CAUGUUGAAACAAGUAACUC",0.35,TRUE,0,"NCR_517",0,"good guide","good",-6.6,".......((((.........))))............................",".......((((.........))))........","GAGUUACUUGUUUCAACAUG",-29,1,0,0.3273,0.2289,0.4,0.25,"SS-DS",0.333333333333333,0,0.3,0,"CCAA","C","C","AGGUGAGUUAGGUGAUGUUA","GS1_1"
66.2157888407887,0.415784611069496,159.255025505793,3.27895987365882e-311,"518","time:activator100fM",6030,"AAAAUUAUCGAAGCUUGCGU",0.35,TRUE,0,"NCR_518",0,"good guide","good",-6.6,".......((((.........))))............................",".......((((.........))))........","ACGCAAGCUUCGAUAAUUUU",-28.7,0,0,0.32885,0.2682,0.5,0.3,"SS-DS",0.433333333333333,0,0.35,0.0666666666666667,"AAGU","A","A","UUGAUCUUGUACCAAACCAA","GS1_1"
36.465885040885,0.520906621831295,70.0046486502435,1.74958609594045e-198,"519","time:activator100fM",6121,"AUGUAACUUUAAGCUCUCUU",0.3,TRUE,0,"NCR_519",0,"good guide","good",-6.6,".......((((.........))))............................",".......((((.........))))........","AAGAGAGCUUAAAGUUACAU",-28.3,0,1,0.42565,0.15185,0.45,0.55,"SS-DS",0.4,0.0333333333333333,0.35,0.0333333333333333,"UUUU","U","U","CCAGUUAACUGGUUAUAAGA","GS1_1"
12.4314935064935,0.490552165509564,25.3418379951094,4.73147028538599e-79,"520","time:activator100fM",6123,"AAAUGUAACUUUAAGCUCUC",0.3,TRUE,0,"NCR_520",0,"good guide","good",-6.6,".......((((.........))))............................",".......((((.........))))........","GAGAGCUUAAAGUUACAUUU",-27.6,0,1,0.36235,0.2028,0.35,0.45,"SS-DS",0.366666666666667,0.0333333333333333,0.333333333333333,0.0333333333333333,"UUCC","U","U","AGUUAACUGGUUAUAAGAAA","GS1_1"
30.6165824915825,0.447777909066746,68.3744817947656,2.32679109989443e-195,"521","time:activator100fM",6127,"GGAAAAAUGUAACUUUAAGC",0.3,TRUE,0,"NCR_521",0,"good guide","good",-6.6,".......((((.........))))............................",".......((((.........))))........","GCUUAAAGUUACAUUUUUCC",-26.6,0,0.95,0.30415,0.28985,0.25,0.35,"SS-DS",0.366666666666667,0.0333333333333333,0.3,0.0333333333333333,"CUGA","C","C","AACUGGUUAUAAGAAACCUG","GS1_1"
19.0729797979798,1.28091749353623,14.8900923706843,1.28687105667385e-38,"528","time:activator100fM",7721,"UCAACGAUGUAAGAAGACUG",0.4,TRUE,0,"NCR_528",0,"good guide","good",-6.6,".......((((.........))))............................",".......((((.........))))........","CAGUCUUCUUACAUCGUUGA",-31.7,0,0.75,0.3188,0.2299,0.7,0.65,"SS-DS",0.3,0.2,0.266666666666667,0.2,"UAGU","U","U","CAGUUUAAAAGACCAAUAAA","GS1_1"
30.9845719095719,1.33925996657028,23.1355918066606,9.44981790300752e-71,"529","time:activator100fM",7727,"ACACUAUCAACGAUGUAAGA",0.35,TRUE,0,"NCR_529",0,"good guide","good",-6.6,".......((((.........))))............................",".......((((.........))))........","UCUUACAUCGUUGAUAGUGU",-30.4,0,1,0.45115,0.325,0.95,0.95,"SS-DS",0.333333333333333,0.1,0.266666666666667,0.1,"UACA","U","U","AAAAGACCAAUAAAUCCUAC","GS1_1"
2.1354737854738,0.358794845348101,5.95179616753404,6.84933020231893e-09,"530","time:activator100fM",7731,"UGUAACACUAUCAACGAUGU",0.35,TRUE,0,"NCR_530",0,"good guide","good",-6.6,".......((((.........))))............................",".......((((.........))))........","ACAUCGUUGAUAGUGUUACA",-30.2,0,0.95,0.48855,0.2964,0.95,0.95,"SS-DS",0.4,0.166666666666667,0.35,0.116666666666667,"GUGA","G","GU","GACCAAUAAAUCCUACUGAC","GS1_1"
13.3900793650793,0.463787038825651,28.8711806155346,7.79373557103127e-92,"531","time:activator100fM",8910,"AACUCUAGGUAAGAAAUGCA",0.35,TRUE,0,"NCR_531",0,"good guide","good",-6.6,".......((((.........))))............................",".......((((.........))))........","UGCAUUUCUUACCUAGAGUU",-30.7,0,1,0.35275,0.2286,0.7,0.75,"SS-DS",0.366666666666667,0,0.35,0.0666666666666667,"UUUA","U","U","CGAUAUUACGCACAACUAAU","GS1_1"
28.0831409331409,0.391519934884178,71.7285083873153,1.01887802822896e-201,"532","time:activator100fM",8965,"CAGUGUACUCUAUAAGUUUU",0.3,TRUE,0,"NCR_532",0,"good guide","good",-6.6,".......((((.........))))............................",".......((((.........))))........","AAAACUUAUAGAGUACACUG",-27.8,0,1,0.36185,0.2348,0.5,0.5,"SS-DS",0.4,0.0666666666666667,0.35,0.15,"ACUU","A","A","UGCAGUUGGUAACAUCUGUU","GS1_1"
36.3650913900913,0.545391155949857,66.6770830318245,4.88693504718886e-192,"533","time:activator100fM",9093,"GCGUAAACUUUCAUAAGCAA",0.35,TRUE,4,"NCR_533",0.2,"hasHairpin/4bp","good",-6.9,".......((((.........))))........((..............))..",".......((((.........))))........","UUGCUUAUGAAAGUUUACGC",-29,0,0.8,0.19085,0.1115,0.5,0.45,"SS-DS",0.266666666666667,0.0333333333333333,0.3,0.05,"CCUG","C","C","GUUAUGAUACCAAUGUACUA","GS1_1"
9.04147426647427,0.95240442208569,9.49331403425675,4.94142993751521e-19,"540","time:activator100fM",9953,"UUUGCGAGAUGACAACAAGC",0.45,TRUE,0,"NCR_540",0,"good guide","good",-6.6,".......((((.........))))............................",".......((((.........))))........","GCUUGUUGUCAUCUCGCAAA",-33.6,0,1,0.17585,0.1578,0.4,0.4,"SS-DS",0.3,0.1,0.233333333333333,0.1,"GGCU","G","G","GCAAUGGAUACAACUAGCUA","GS1_1"
1.59409571909573,0.627031695656861,2.54228889885031,0.0114751754386209,"541","time:activator100fM",9963,"AUUGAGAGCCUUUGCGAGAU",0.45,TRUE,0,"NCR_541",0,"good guide","good",-6.6,".......((((.........))))............................",".......((((.........))))........","AUCUCGCAAAGGCUCUCAAU",-34.5,0,1,0.30175,0.2532,0.45,0.55,"SS-DS",0.4,0.1,0.333333333333333,0.1,"GACU","G","G","CAACUAGCUACAGAGAAGCU","GS1_1"
30.1554834054834,0.767496769883314,39.2906974840664,1.09581264985913e-125,"542","time:activator100fM",10144,"AAACUACGUCAUCAAGCCAA",0.4,TRUE,0,"NCR_542",0,"good guide","good",-6.6,".......((((.........))))............................",".......((((.........))))........","UUGGCUUGAUGACGUAGUUU",-32,0,1,0.229,0.18185,0.5,0.5,"SS-DS",0.266666666666667,0.0666666666666667,0.283333333333333,0.0333333333333333,"ACUG","A","A","AACUUGUGGUACAACUACAC","GS1_1"
13.9455507455507,0.126923033032689,109.874074171857,1.22213415427565e-259,"543","time:activator100fM",10155,"UCUUGGACAGUAAACUACGU",0.4,TRUE,0,"NCR_543",0,"good guide","good",-6.6,".......((((.........))))............................",".......((((.........))))........","ACGUAGUUUACUGUCCAAGA",-32.2,0,1,0.18145,0.19965,0.3,0.3,"SS-DS",0.3,0.166666666666667,0.316666666666667,0.1,"CAUG","C","C","CAACUACACUUAACGGUCUU","GS1_1"
55.6275493025493,0.498631528426211,111.560433168199,9.69035875468325e-262,"544","time:activator100fM",10188,"GUUAAGCAUGUCUUCAGAGG",0.45,TRUE,0,"NCR_544",0,"good guide","good",-6.6,".......((((.........))))............................",".......((((.........))))........","CCUCUGAAGACAUGCUUAAC",-34,0,0,0.21835,0.26385,0.5,0.1,"SS-DS",0.366666666666667,0.0333333333333333,0.35,0.05,"CCUA","C","C","UAGUUUACUGUCCAAGACAU","GS1_1"
2.15882635882636,0.321761379719635,6.70940173338219,8.65671976500285e-11,"545","time:activator100fM",10314,"UGUAUCAACCUUAAGCUUAA",0.3,TRUE,0,"NCR_545",0,"good guide","good",-6.6,".......((((.........))))............................",".......((((.........))))........","UUAAGCUUAAGGUUGAUACA",-28.5,0,1,0.28295,0.159,1,1,"SS",0.266666666666667,0.1,0.333333333333333,0.133333333333333,"GCCA","G","G","UUAUUGGACAUUCUAUGCAA","GS1_1"
43.757696007696,2.38428109743622,18.3525743062544,3.61437482530231e-52,"552","time:activator100fM",14251,"UCCGUGAAGUCAUAUUUUAA",0.3,TRUE,0,"NCR_552",0,"good guide","good",-6.6,".......((((.........))))............................",".......((((.........))))........","UUAAAAUAUGACUUCACGGA",-27.9,0,0,0.2082,0.43315,0.2,0.1,"SS-DS",0.366666666666667,0.0666666666666667,0.35,0.05,"AGAG","A","A","UUAACAAAGCCUUACAUUAA","GS1_1"
0.986736411736412,0.516832208437454,1.90920069536615,0.0571139308165034,"553","time:activator100fM",16420,"AUACCUCCUAAGUAAAGUUG",0.35,TRUE,0,"NCR_553",0,"good guide","good",-6.6,".......((((.........))))............................",".......((((.........))))........","CAACUUUACUUAGGAGGUAU",-30.1,0,0.95,0.1803,0.174,0.75,0.7,"SS-DS",0.266666666666667,0.0333333333333333,0.283333333333333,0.0166666666666667,"GAGC","G","G","GCUCCAGGUUGUGAUGUCAC","GS1_1"
2.11752044252044,0.138384975589142,15.3016643136699,3.27032706870383e-40,"554","time:activator100fM",17658,"UGAUAACACCCUUAUAAAAC",0.3,TRUE,0,"NCR_554",0,"good guide","good",-6.6,".......((((.........))))............................",".......((((.........))))........","GUUUUAUAAGGGUGUUAUCA",-27.9,0.4,1,0.1966,0.1513,0.35,0.4,"SS-DS",0.3,0.0333333333333333,0.283333333333333,0.0166666666666667,"CGCA","C","C","UAAAGACAAAUCAGCUCAAU","GS1_1"
56.7343314093314,0.485206190284827,116.928292641994,3.12359791348818e-268,"555","time:activator100fM",18052,"CAAUCUUUAAAGAGUCCUGU",0.35,TRUE,0,"NCR_555",0,"good guide","good",-6.6,".......((((.........))))............................",".......((((.........))))........","ACAGGACUCUUUAAAGAUUG",-29.8,0,0.95,0.2002,0.50125,0.3,0.3,"SS-DS",0.3,0.0666666666666667,0.283333333333333,0.05,"UAGU","U","U","AAUGUGGCAACUUUACAAGC","GS1_1"
4.48116883116883,0.108061852761707,41.4685545050804,4.69587327749491e-132,"556","time:activator100fM",18272,"ACGUACAUGUCUUAUAGCUU",0.35,TRUE,0,"NCR_556",0,"good guide","good",-6.6,".......((((.........))))............................",".......((((.........))))........","AAGCUAUAAGACAUGUACGU",-30.3,0,0,0.3042,0.3769,0.4,0.3,"SS-DS",0.3,0.2,0.283333333333333,0.116666666666667,"GCAU","G","G","GUUACCCUAACAUGUUUAUC","GS1_1"
58.6030904280904,1.01153128574405,57.935025099084,1.09352677649436e-173,"557","time:activator100fM",18329,"GGUACCAACAGCUUCUCUAG",0.5,TRUE,0,"NCR_557",0,"good guide","good",-6.6,".......((((.........))))............................",".......((((.........))))........","CUAGAGAAGCUGUUGGUACC",-36.4,0.1,1,0.1543,0.0254,0.5,0.5,"SS-DS",0.433333333333333,0.0333333333333333,0.383333333333333,0.166666666666667,"AAUU","A","A","UUGGCUUCGAUGUCGAGGGG","GS1_1"
62.0837902837903,3.21492321092276,19.3111269572037,6.20988886385345e-56,"564","time:activator100fM",20716,"UCACACUUUUCUAAUAGCAU",0.3,TRUE,0,"NCR_564",0,"good guide","good",-6.6,".......((((.........))))............................",".......((((.........))))........","AUGCUAUUAGAAAAGUGUGA",-28.5,0,0,0.34585,0.36255,0.45,0.2,"SS-DS",0.333333333333333,0.1,0.3,0.0833333333333333,"CCUU","C","C","GCUAUGCCUAAUCUUUACAA","GS1_1"
10.9378427128427,0.794797964121459,13.7617900480319,2.73446957040632e-34,"565","time:activator100fM",20844,"GUAUAACUCUCAUAUUAUAG",0.25,TRUE,0,"NCR_565",0,"good guide","good",-6.6,".......((((.........))))............................",".......((((.........))))........","CUAUAAUAUGAGAGUUAUAC",-26.2,0,0.95,0.3477,0.29815,0.8,0.8,"SS-DS",0.4,0.233333333333333,0.366666666666667,0.183333333333333,"AUUU","A","A","AUAUUUAAACACAUUAACAU","GS1_1"
15.7382395382395,0.245613979316547,64.0771326698638,8.35847596464509e-187,"566","time:activator100fM",20846,"AUGUAUAACUCUCAUAUUAU",0.2,TRUE,0,"NCR_566",0,"good guide","good",-6.6,".......((((.........))))............................",".......((((.........))))........","AUAAUAUGAGAGUUAUACAU",-25,0,1,0.37985,0.30375,0.8,0.85,"SS-DS",0.366666666666667,0.233333333333333,0.35,0.166666666666667,"UUUG","U","U","AUUUAAACACAUUAACAUUA","GS1_1"
40.7037999037999,0.595615624870037,68.3390398173007,2.72515805485894e-195,"567","time:activator100fM",21591,"AACACACUGACUAGAGACUA",0.4,TRUE,0,"NCR_567",0,"good guide","good",-6.6,".......((((.........))))............................",".......((((.........))))........","UAGUCUCUAGUCAGUGUGUU",-33.4,0,0.55,0.2598,0.10245,0.6,0.65,"SS-DS",0.233333333333333,0.233333333333333,0.4,0.2,"AAUC","A","A","CAAUGUUUGUUUUUCUUGUU","GS1_1"
30.6248436748437,0.638895410257015,47.9340486458087,1.11123905198768e-149,"568","time:activator100fM",21595,"GAUUAACACACUGACUAGAG",0.4,TRUE,0,"NCR_568",0,"good guide","good",-6.6,".......((((.........))))............................",".......((((.........))))........","CUCUAGUCAGUGUGUUAAUC",-32.1,0,0.55,0.2381,0.08225,0.75,0.75,"SS-DS",0.233333333333333,0.233333333333333,0.416666666666667,0.2,"UUAC","U","U","GUUUGUUUUUCUUGUUUUAU","GS1_1"
57.5916666666667,0.651698429614494,88.3716517480862,8.22687052010913e-230,"569","time:activator100fM",21600,"UGUAAGAUUAACACACUGAC",0.35,TRUE,0,"NCR_569",0,"good guide","good",-6.6,".......((((.........))))............................",".......((((.........))))........","GUCAGUGUGUUAAUCUUACA",-30.2,0,0.55,0.246,0.18395,0.75,0.75,"SS-DS",0.2,0.3,0.383333333333333,0.216666666666667,"ACCA","A","A","UUUUUCUUGUUUUAUUGCCA","GS1_1"
52.2593314093314,3.10633803770301,16.8234528164793,3.70185772046292e-46,"576","time:activator100fM",22659,"UGCGGAAUUAUAUAGGACAG",0.4,TRUE,0,"NCR_576",0,"good guide","good",-6.6,".......((((.........))))............................",".......((((.........))))........","CUGUCCUAUAUAAUUCCGCA",-32.2,0,0.6,0.1809,0.21055,0.6,0.55,"SS-DS",0.466666666666667,0.0666666666666667,0.4,0.0833333333333333,"UCAU","U","U","AGAGAAUCAGCAACUGUGUU","GS1_1"
3.82490379990381,0.614859959713158,6.22077229047113,1.51679767879165e-09,"577","time:activator100fM",22921,"UAGACUUCCUAAACAAUCUA",0.3,TRUE,0,"NCR_577",0,"good guide","good",-6.6,".......((((.........))))............................",".......((((.........))))........","UAGAUUGUUUAGGAAGUCUA",-28.9,0,0,0.22405,0.1736,0.3,0.15,"SS-DS",0.333333333333333,0.166666666666667,0.366666666666667,0.0833333333333333,"AUCU","A","A","UAAGGUUGGUGGUAAUUAUA","GS1_1"
24.9482804232804,0.327956575823163,76.0719017774253,1.42098031575033e-209,"578","time:activator100fM",23013,"AAAGUAACAAUUAAAACCUU",0.2,TRUE,0,"NCR_578",0,"good guide","good",-6.6,".......((((.........))))............................",".......((((.........))))........","AAGGUUUUAAUUGUUACUUU",-22.9,0,1,0.28045,0.0861,0.5,0.55,"SS-DS",0.333333333333333,0.1,0.3,0.15,"CCUU","C","C","AGGCCGGUAGCACACCUUGU","GS1_1"
0.367857142857139,0.370994962139043,0.991542151236198,0.322156296694274,"579","time:activator100fM",23185,"CUGUUAAACCAUUGAAGUUG",0.35,TRUE,0,"NCR_579",0,"good guide","good",-6.6,".......((((.........))))............................",".......((((.........))))........","CAACUUCAAUGGUUUAACAG",-28.6,0,0,0.2456,0.4081,0.45,0.15,"SS-DS",0.266666666666667,0.0333333333333333,0.333333333333333,0.0833333333333333,"GCAC","G","G","UAAUUUGGUUAAAAACAAAU","GS1_1"
29.4511063011063,0.593912017035872,49.5883320362711,6.60312440025412e-154,"580","time:activator100fM",23206,"ACUCAGUAAGAACACCUGUG",0.45,TRUE,0,"NCR_580",0,"good guide","good",-6.6,".......((((.........))))............................",".......((((.........))))........","CACAGGUGUUCUUACUGAGU",-34.4,0,0.75,0.18505,0.11215,0.2,0.25,"SS-DS",0.3,0.0333333333333333,0.333333333333333,0.05,"CUAA","C","C","UGUCAAUUUCAACUUCAAUG","GS1_1"
45.3342231842232,0.594186835106422,76.2962430429876,5.72503027057977e-210,"581","time:activator100fM",23214,"UUUGUUAGACUCAGUAAGAA",0.3,TRUE,0,"NCR_581",0,"good guide","good",-6.6,".......((((.........))))............................",".......((((.........))))........","UUCUUACUGAGUCUAACAAA",-28.6,0,1,0.34235,0.1497,0.25,0.5,"SS-DS",0.333333333333333,0.0333333333333333,0.3,0.0333333333333333,"AAGU","A","A","UCAACUUCAAUGGUUUAACA","GS1_1"
46.4390091390092,2.80238495523989,16.5712455214897,3.61170397473493e-45,"588","time:activator100fM",23833,"UUAAUUGUGUACAAAAACUG",0.25,TRUE,0,"NCR_588",0,"good guide","good",-6.6,".......((((.........))))............................",".......((((.........))))........","CAGUUUUUGUACACAAUUAA",-24.8,0,0,0.26195,0.3116,0.35,0.2,"SS-DS",0.3,0,0.333333333333333,0,"ACCG","A","A","UGAAUGCAGCAAUCUUUUGU","GS1_1"
10.3595358345358,0.826034526208942,12.5412867208839,1.03644943374626e-29,"589","time:activator100fM",24124,"AAACAGUAAGGCCGUUAAAC",0.4,TRUE,0,"NCR_589",0,"good guide","good",-6.6,".......((((.........))))............................",".......((((.........))))........","GUUUAACGGCCUUACUGUUU",-30.9,0,0,0.35065,0.3258,0.75,0.35,"SS-DS",0.3,0.1,0.283333333333333,0.0666666666666667,"UGCC","U","U","UGCUGCUAGAGACCUCAUUU","GS1_1"
42.1777898027898,0.748051677749246,56.3835241031679,3.42236246967115e-170,"590","time:activator100fM",25406,"UCCAAUUGUGAAGAUUCUCA",0.35,TRUE,0,"NCR_590",0,"good guide","good",-6.6,".......((((.........))))............................",".......((((.........))))........","UGAGAAUCUUCACAAUUGGA",-30.8,1,0.85,0.29095,0.39495,0.65,0.65,"SS-DS",0.233333333333333,0.0333333333333333,0.3,0.0833333333333333,"ACUG","A","A","UACACAUAAACGAACUUAUG","GS1_1"
8.880291005291,0.946564303564564,9.38160352323627,1.1412783817156e-18,"591","time:activator100fM",25706,"UAAAGCAUAAAGAUAGAGAA",0.25,TRUE,0,"NCR_591",0,"good guide","good",-6.6,".......((((.........))))............................",".......((((.........))))........","UUCUCUAUCUUUAUGCUUUA",-26.7,0.45,1,0.3253,0.1802,0.85,0.85,"SS-DS",0.4,0.1,0.366666666666667,0.0833333333333333,"GUCU","G","GU","UGCUCGUUGCUGCUGGCCUU","GS1_1"
6.7037037037037,0.709760641577665,9.44502035052637,7.10075704251901e-19,"510","time:activator100fM",2614,"ACAUAAGCCCGUUAAUACAA",0.35,TRUE,0,"NCR_510",0,"good guide","good",-6.6,".......((((.........))))............................",".......((((.........))))........","UUGUAUUAACGGGCUUAUGU",-30,0.35,0,0.3909,0.13755,0.65,0.35,"SS-DS",0.166666666666667,0.0333333333333333,0.25,0.0333333333333333,"UGCU","U","U","UGUUGAAGCUCCAUUGGUUG","GS1_2"
7.36973304473304,0.303005812684756,24.3220847132739,3.05031800556682e-75,"511","time:activator100fM",2626,"UGAUUUCGAGCAACAUAAGC",0.4,TRUE,0,"NCR_511",0,"good guide","good",-6.6,".......((((.........))))............................",".......((((.........))))........","GCUUAUGUUGCUCGAAAUCA",-31.6,0.95,0,0.3467,0.22155,0.65,0.3,"SS-DS",0.166666666666667,0.1,0.266666666666667,0.1,"AAGA","A","A","AUUGGUUGGUACACCAGUUU","GS1_2"
7.63401875901876,0.789905696962407,9.66446854146702,1.35623853274439e-19,"512","time:activator100fM",2866,"CACAGGCGAACUCAUUUACU",0.45,TRUE,0,"NCR_512",0,"good guide","good",-6.6,".......((((.........))))............................",".......((((.........))))........","AGUAAAUGAGUUCGCCUGUG",-33.6,0,0,0.1382,0.24445,0.2,0.05,"SS-DS",0.333333333333333,0,0.3,0.05,"UUGU","U","U","CUCUGCCUAUACAGUUGAAC","GS1_2"
8.21398508898509,0.323130892879751,25.4199931667995,2.42703919444666e-79,"513","time:activator100fM",3565,"CGCUUAAAACACAACUACCA",0.4,TRUE,0,"NCR_513",0,"good guide","good",-6.6,".......((((.........))))............................",".......((((.........))))........","UGGUAGUUGUGUUUUAAGCG",-30.9,0,0,0.0901,0.0514,0.3,0.05,"SS-DS",0.3,0,0.266666666666667,0.0166666666666667,"GACA","G","G","CAUAGCUACUAAUGGACCAC","GS1_2"
24.9281746031746,0.301594526395866,82.6545988784109,9.56376425024969e-221,"514","time:activator100fM",3777,"GACAGCUAAGUAGACAUUUG",0.4,TRUE,0,"NCR_514",0,"good guide","good",-6.6,".......((((.........))))............................",".......((((.........))))........","CAAAUGUCUACUUAGCUGUC",-31.8,0,1,0.1192,0.08785,0.25,0.3,"SS-DS",0.4,0.133333333333333,0.4,0.1,"UUUG","U","U","CUUUAAGAGUUUGUGUAGAU","GS1_2"
7.12266714766715,0.324457613471833,21.9525350983495,3.23798359597449e-66,"515","time:activator100fM",4423,"CACAGACAGGCAUUAAUUUG",0.4,TRUE,0,"NCR_515",0,"good guide","good",-6.6,".......((((.........))))............................",".......((((.........))))........","CAAAUUAAUGCCUGUCUGUG",-31.2,0,0,0.26525,0.18365,0.25,0.05,"SS-DS",0.266666666666667,0.0333333333333333,0.2,0.0166666666666667,"UGGA","U","U","AGAAAUGCUUGCACAUGCAG","GS1_2"
3.12350889850891,1.88785719303495,1.65452604679674,0.0989830995116056,"522","time:activator100fM",6282,"ACAACGUAUACACCAGGUAU",0.4,TRUE,0,"NCR_522",0,"good guide","good",-6.6,".......((((.........))))............................",".......((((.........))))........","AUACCUGGUGUAUACGUUGU",-32.5,0,0,0.2076,0.223,0.4,0.2,"SS-DS",0.2,0,0.183333333333333,0,"CUUU","C","C","AUGCAACUAAUAAAGCCACG","GS1_2"
22.1405603655604,0.411235162574805,53.8391713075677,9.64944249036693e-147,"523","time:activator100fM",6330,"CAGUACAUCAAACGAAUUUG",0.35,TRUE,0,"NCR_523",0,"good guide","good",-6.6,".......((((.........))))............................",".......((((.........))))........","CAAAUUCGUUUGAUGUACUG",-28.2,0,0.15,0.04765,0.13775,0.2,0,"DS",0.133333333333333,0,0.183333333333333,0.0166666666666667,"AAGU","A","A","GUCUUUGGAGCACAAAACCA","GS1_2"
16.4272486772487,0.744309280446936,22.0704606388686,1.13743365093133e-66,"524","time:activator100fM",6501,"UUUUAAACUAUUAUUUGCUG",0.2,TRUE,0,"NCR_524",0,"good guide","good",-6.6,".......((((.........))))............................",".......((((.........))))........","CAGCAAAUAAUAGUUUAAAA",-22.8,0,0.75,0.37245,0.32925,0.7,0.65,"SS-DS",0.2,0.0333333333333333,0.233333333333333,0.05,"AUUA","A","A","CCGAAGUUGUAGGAGACAUU","GS1_2"
4.68590668590667,0.484912837168159,9.66339994888955,1.36728359607846e-19,"525","time:activator100fM",6883,"CCUCUAGACAAAAUUUACCG",0.4,TRUE,0,"NCR_525",0,"good guide","good",-6.6,".......((((.........))))............................",".......((((.........))))........","CGGUAAAUUUUGUCUAGAGG",-30.7,1,0,0.15575,0.06695,0.05,0,"DS",0.466666666666667,0.0333333333333333,0.383333333333333,0.0333333333333333,"CUUC","C","C","UACUAUAGCAAAGAAUACUG","GS1_2"
13.0777296777297,0.364600494940679,35.8686558553835,3.33476634168768e-115,"526","time:activator100fM",7261,"AGAAAAACCUAGUGAAAAGA",0.3,TRUE,0,"NCR_526",0,"good guide","good",-6.6,".......((((.........))))............................",".......((((.........))))........","UCUUUUCACUAGGUUUUUCU",-27.9,0,1,0.41575,0.32835,0.65,0.7,"SS-DS",0.333333333333333,0.0666666666666667,0.383333333333333,0.0333333333333333,"AUGU","A","A","CUUAGUUGCAGAGUGGUUUU","GS1_2"
29.8416065416065,0.474446339591481,62.8977484941741,2.27013103007944e-184,"527","time:activator100fM",7720,"CAACGAUGUAAGAAGACUGG",0.45,TRUE,0,"NCR_527",0,"good guide","good",-6.6,".......((((.........))))............................",".......((((.........))))........","CCAGUCUUCUUACAUCGUUG",-33.1,0,0.7,0.28,0.1799,0.65,0.6,"SS-DS",0.3,0.2,0.266666666666667,0.2,"AUAG","A","A","ACAGUUUAAAAGACCAAUAA","GS1_2"
-0.62582972582972,1.74535425894534,-0.358568882289771,0.720149721055495,"534","time:activator100fM",9626,"UGAAUAUGUGCUAAAAAAGA",0.25,TRUE,0,"NCR_534",0,"good guide","good",-6.6,".......((((.........))))............................",".......((((.........))))........","UCUUUUUUAGCACAUAUUCA",-26,0,1,0.3551,0.258,0.85,0.85,"SS-DS",0.366666666666667,0.266666666666667,0.433333333333333,0.233333333333333,"GUGG","G","GU","UACUUGACAUUUUAUCUUAC","GS1_2"
11.8114838864839,0.567393846629046,20.817081391801,8.09376513292495e-62,"535","time:activator100fM",9637,"UAACCAUCCACUGAAUAUGU",0.35,TRUE,0,"NCR_535",0,"good guide","good",-6.6,".......((((.........))))............................",".......((((.........))))........","ACAUAUUCAGUGGAUGGUUA",-31.1,0,0.75,0.2982,0.0715,0.7,0.75,"SS-DS",0.4,0.433333333333333,0.483333333333333,0.3,"UGUU","U","U","UUAUCUUACUAAUGAUGUUU","GS1_2"
24.9210197210197,0.477599453248537,52.1797492679522,2.58560470543491e-160,"536","time:activator100fM",9674,"GCAAUUGUUAUCCAGAAAGG",0.4,TRUE,0,"NCR_536",0,"good guide","good",-6.6,".......((((.........))))............................",".......((((.........))))........","CCUUUCUGGAUAACAAUUGC",-31.4,0,1,0.0288,0.09145,0.3,0.3,"SS-DS",0.466666666666667,0.2,0.416666666666667,0.283333333333333,"UUAU","U","U","CAGUGGAUGGUUAUGUUCAC","GS1_2"
25.678872053872,0.602035710664637,42.6534034426679,2.00469898105721e-135,"537","time:activator100fM",9679,"UAUAAGCAAUUGUUAUCCAG",0.3,TRUE,0,"NCR_537",0,"good guide","good",-6.6,".......((((.........))))............................",".......((((.........))))........","CUGGAUAACAAUUGCUUAUA",-28,0,1,0.1926,0.2584,0.5,0.5,"SS-DS",0.466666666666667,0.2,0.45,0.25,"UCAU","U","U","GAUGGUUAUGUUCACACCUU","GS1_2"
14.7070586820587,0.417664462402135,35.2126168395396,3.99933817453603e-113,"538","time:activator100fM",9688,"UACAAAUGAUAUAAGCAAUU",0.2,TRUE,0,"NCR_538",0,"good guide","good",-6.6,".......((((.........))))............................",".......((((.........))))........","AAUUGCUUAUAUCAUUUGUA",-24.1,0,1,0.2793,0.28475,0.5,0.55,"SS-DS",0.466666666666667,0.133333333333333,0.416666666666667,0.166666666666667,"UUUC","U","U","GUUCACACCUUUAGUACCUU","GS1_2"
9.15847763347761,0.411464462627093,22.2582469820191,2.15491937228999e-67,"539","time:activator100fM",9693,"GGAAAUACAAAUGAUAUAAG",0.25,TRUE,0,"NCR_539",0,"good guide","good",-6.6,".......((((.........))))............................",".......((((.........))))........","CUUAUAUCAUUUGUAUUUCC",-25.3,0,1,0.30375,0.30965,0.55,0.6,"SS-DS",0.433333333333333,0.166666666666667,0.4,0.15,"ACAA","A","A","CACCUUUAGUACCUUUCUGG","GS1_2"
37.4889490139491,2.00549823919103,18.6930849807533,1.65807459448677e-53,"546","time:activator100fM",10504,"CACAGUCAUAAUCUAUGUUA",0.3,TRUE,0,"NCR_546",0,"good guide","good",-6.6,".......((((.........))))............................",".......((((.........))))........","UAACAUAGAUUAUGACUGUG",-28.4,0,1,0.45205,0.2571,1,1,"SS",0.433333333333333,0.0666666666666667,0.45,0.216666666666667,"UCUC","U","U","CCUUAAUGGUUCAUGUGGUA","GS1_2"
22.0059523809524,2.16258935166659,10.175742502382,2.65336998561403e-21,"547","time:activator100fM",10517,"UAACAAAAAGAGACACAGUC",0.35,TRUE,0,"NCR_547",0,"good guide","good",-6.6,".......((((.........))))............................",".......((((.........))))........","GACUGUGUCUCUUUUUGUUA",-29.8,0,0.7,0.28805,0.2082,1,1,"SS",0.233333333333333,0.233333333333333,0.35,0.183333333333333,"CAUG","C","C","UGUGGUAGUGUUGGUUUUAA","GS1_2"
28.1573472823473,1.88392634648811,14.9460977255488,7.81520994381719e-39,"548","time:activator100fM",10524,"GUGCAUGUAACAAAAAGAGA",0.35,TRUE,0,"NCR_548",0,"good guide","good",-6.6,".......((((.........))))............................",".......((((.........))))........","UCUCUUUUUGUUACAUGCAC",-29.7,0,0.5,0.32465,0.23295,1,0.95,"SS-DS",0.3,0.3,0.366666666666667,0.25,"CAUA","C","C","GUGUUGGUUUUAACAUAGAU","GS1_2"
1.35827320827319,0.427742448733498,3.17544637502052,0.00163894670719801,"549","time:activator100fM",10699,"GAUUGAGAAACCACCUGUCU",0.45,TRUE,0,"NCR_549",0,"good guide","good",-6.6,".......((((.........))))............................",".......((((.........))))........","AGACAGGUGGUUUCUCAAUC",-34.6,1,0,0.19975,0.04355,0.45,0.15,"SS-DS",0.333333333333333,0.0666666666666667,0.35,0.0666666666666667,"GAUU","G","G","AGCUUGGUUGUACGCUGCUG","GS1_2"
8.17884800384801,0.371578158814886,22.0111107443281,1.92544515242915e-66,"550","time:activator100fM",11051,"AAAGACCAUUGAGUACUCUG",0.4,TRUE,0,"NCR_550",0,"good guide","good",-6.6,".......((((.........))))............................",".......((((.........))))........","CAGAGUACUCAAUGGUCUUU",-32.3,0,1,0.3017,0.46705,0.45,0.5,"SS-DS",0.6,0.133333333333333,0.55,0.233333333333333,"GUUC","G","GUU","ACAAUUUUGACUUCACUUUU","GS1_2"
33.0831890331891,0.471272133946691,70.1997564679506,7.47015706807907e-199,"551","time:activator100fM",12607,"UAGGUGAAUUGUCCAUACUA",0.35,TRUE,4,"NCR_551",0.2,"hasHairpin/4bp","good",-7.5,".......((((.........))))..........((........))......",".......((((.........))))........","UAGUAUGGACAAUUCACCUA",-31.3,0,0.25,0.1516,0.21385,0.4,0.3,"SS-DS",0.4,0.0666666666666667,0.366666666666667,0.0833333333333333,"AUUU","A","A","AGAUAGUAAAAUUGUUCAAC","GS1_2"
41.4922679172679,2.23260370446864,18.5846990373704,4.42125242527801e-53,"558","time:activator100fM",18460,"UUAAAUUGAUCUCCAGGCGG",0.45,TRUE,0,"NCR_558",0,"good guide","good",-6.6,".......((((.........))))............................",".......((((.........))))........","CCGCCUGGAGAUCAAUUUAA",-33.9,0,0.4,0.1403,0.0193,0.25,0.15,"SS-DS",0.233333333333333,0.0333333333333333,0.266666666666667,0.0833333333333333,"ACAC","A","A","ACAGAUUUUUCCAGAGUUAG","GS1_2"
7.27712842712843,2.25400158902896,3.22853739879725,0.00137085246255655,"559","time:activator100fM",18606,"UCAUAGAUGUCAACUCAAAG",0.35,TRUE,0,"NCR_559",0,"good guide","good",-6.6,".......((((.........))))............................",".......((((.........))))........","CUUUGAGUUGACAUCUAUGA",-30.3,0,0,0.2453,0.2131,0.15,0.05,"SS-DS",0.266666666666667,0.0666666666666667,0.3,0.0333333333333333,"AGUA","A","A","CAGAGUCGUAUUUGUCUUAU","GS1_2"
28.7521043771043,3.67155018332026,7.83105308153604,6.86319271141045e-14,"560","time:activator100fM",18816,"UACCAUGGACUUGACAAUAC",0.4,TRUE,0,"NCR_560",0,"good guide","good",-6.6,".......((((.........))))............................",".......((((.........))))........","GUAUUGUCAAGUCCAUGGUA",-32.7,0,0,0.38085,0.3138,0.6,0.3,"SS-DS",0.3,0.1,0.25,0.05,"AUGC","A","A","UACAGGUAACCUACAAAGCA","GS1_2"
37.5564814814815,1.31305046336418,28.6024661879769,6.95142302500005e-91,"561","time:activator100fM",19169,"UAGGCAUACACCAUCUGUGA",0.45,TRUE,4,"NCR_561",0.2,"hasHairpin/4bp","good",-7.1,".......((((.........))))..........((......))........",".......((((.........))))........","UCACAGAUGGUGUAUGCCUA",-35.8,0,0.7,0.23075,0.1302,0.5,0.45,"SS-DS",0.4,0.166666666666667,0.383333333333333,0.166666666666667,"UUUU","U","U","UCUAUUCUUAUGCCACACAU","GS1_2"
10.6572390572391,2.22539280629389,4.78892491568144,2.54891525833782e-06,"562","time:activator100fM",20100,"AUGUGACUCCAUUAAGACUA",0.35,TRUE,0,"NCR_562",0,"good guide","good",-6.6,".......((((.........))))............................",".......((((.........))))........","UAGUCUUAAUGGAGUCACAU",-31.2,0,1,0.1294,0.23985,0.5,0.5,"SS-DS",0.2,0.0666666666666667,0.216666666666667,0.1,"UAAU","U","U","UUUACAACCAUCUGUAGGUC","GS1_2"
5.89384319384321,1.72084141432922,3.42497753992085,0.000693441987110306,"563","time:activator100fM",20234,"AAUUUCCAUUUGACUCCUGG",0.4,TRUE,0,"NCR_563",0,"good guide","good",-6.6,".......((((.........))))............................",".......((((.........))))........","CCAGGAGUCAAAUGGAAAUU",-31.9,0,1,0.34505,0.11625,0.6,0.7,"SS-DS",0.4,0,0.333333333333333,0.0333333333333333,"GAUU","G","G","CUCAGAGUAGAAAUUUACAA","GS1_2"
21.6973304473305,2.10283128439015,10.318150870398,8.70950172351332e-22,"570","time:activator100fM",21647,"CCACGUGUGAAAGAAUUAGU",0.4,TRUE,0,"NCR_570",0,"good guide","good",-6.6,".......((((.........))))............................",".......((((.........))))........","ACUAAUUCUUUCACACGUGG",-31.2,0,1,0.52815,0.26785,0.8,0.95,"SS-DS",0.4,0.1,0.283333333333333,0.183333333333333,"UGUU","U","U","ACAACCAGAACUCAAUUACC","GS1_2"
25.1079966329966,2.29279466268844,10.9508265356637,5.65121800378015e-24,"571","time:activator100fM",21693,"UGAAUGUAAAACUGAGGAUC",0.35,TRUE,0,"NCR_571",0,"good guide","good",-6.6,".......((((.........))))............................",".......((((.........))))........","GAUCCUCAGUUUUACAUUCA",-30.3,0,0.1,0.2741,0.3098,0.45,0.25,"SS-DS",0.466666666666667,0.3,0.433333333333333,0.333333333333333,"ACUC","A","A","GUGGUGUUUAUUACCCUGAC","GS1_2"
7.08647186147187,2.12019851181942,3.34236243538853,0.000927261450571588,"572","time:activator100fM",21743,"GCAUGGAACCAAGUAACAUU",0.4,TRUE,0,"NCR_572",0,"good guide","good",-6.6,".......((((.........))))............................",".......((((.........))))........","AAUGUUACUUGGUUCCAUGC",-32,0,0.45,0.25455,0.1159,0.15,0.3,"SS-DS",0.3,0.366666666666667,0.383333333333333,0.2,"UAUA","U","U","ACUCAGGACUUGUUCUUACC","GS1_2"
6.2886483886484,1.75981146872775,3.57347846652843,0.000405461317403827,"573","time:activator100fM",21748,"GUAUAGCAUGGAACCAAGUA",0.4,TRUE,0,"NCR_573",0,"good guide","good",-6.6,".......((((.........))))............................",".......((((.........))))........","UACUUGGUUCCAUGCUAUAC",-32.8,0,0.2,0.2862,0.25825,0.35,0.35,"SS-DS",0.266666666666667,0.4,0.383333333333333,0.2,"AUGU","A","A","GGACUUGUUCUUACCUUUCU","GS1_2"
5.04082491582492,1.89515855154228,2.65984337390806,0.00820403486407796,"574","time:activator100fM",21749,"UGUAUAGCAUGGAACCAAGU",0.4,TRUE,0,"NCR_574",0,"good guide","good",-6.6,".......((((.........))))............................",".......((((.........))))........","ACUUGGUUCCAUGCUAUACA",-33.1,0,0.15,0.2659,0.26145,0.4,0.3,"SS-DS",0.3,0.433333333333333,0.416666666666667,0.216666666666667,"UGUC","U","U","GACUUGUUCUUACCUUUCUU","GS1_2"
45.222162097162,1.66989242621616,27.0808834073412,1.9755513791171e-85,"575","time:activator100fM",22194,"AGGGAGAUCACGCACUAAAU",0.45,TRUE,0,"NCR_575",0,"good guide","good",-6.6,".......((((.........))))............................",".......((((.........))))........","AUUUAGUGCGUGAUCUCCCU",-34.7,0,0,0.16895,0.36515,0.4,0.1,"SS-DS",0.366666666666667,0.1,0.35,0.05,"CAGG","C","C","UUAAAAUAUAUUCUAAGCAC","GS1_2"
21.3261303511303,0.594937006706466,35.8460309423185,3.92992535496145e-115,"582","time:activator100fM",23418,"AUGAAUAGCAACAGGGACUU",0.4,TRUE,0,"NCR_582",0,"good guide","good",-6.6,".......((((.........))))............................",".......((((.........))))........","AAGUCCCUGUUGCUAUUCAU",-32.9,0.75,1,0.22895,0.04385,0.7,0.7,"SS-DS",0.333333333333333,0.1,0.35,0.0833333333333333,"GCAG","G","G","CUGUUCUUUAUCAGGAUGUU","GS1_2"
6.72322029822031,0.462563691615863,14.5346909411204,3.02288248286304e-37,"583","time:activator100fM",23440,"AAGUAGGAGUAAGUUGAUCU",0.35,TRUE,0,"NCR_583",0,"good guide","good",-6.6,".......((((.........))))............................",".......((((.........))))........","AGAUCAACUUACUCCUACUU",-31,1,0.85,0.2938,0.31305,0.3,0.35,"SS-DS",0.466666666666667,0.166666666666667,0.383333333333333,0.15,"GGCG","G","G","CUGCACAGAAGUCCCUGUUG","GS1_2"
18.0323833573834,0.460836345031887,39.129690077148,3.30905479807786e-125,"584","time:activator100fM",23461,"AACCUGUAGAAUAAACACGC",0.4,TRUE,0,"NCR_584",0,"good guide","good",-6.6,".......((((.........))))............................",".......((((.........))))........","GCGUGUUUAUUCUACAGGUU",-31.4,1,0,0.26965,0.21735,0.45,0.2,"SS-DS",0.366666666666667,0.1,0.366666666666667,0.116666666666667,"CUAA","C","C","UAUUCAUGCAGAUCAACUUA","GS1_2"
3.77643097643097,0.468293310326585,8.06424284343782,1.41905713168862e-14,"585","time:activator100fM",23612,"UGACUAGCUACACUACGUGC",0.5,TRUE,0,"NCR_585",0,"good guide","good",-6.6,".......((((.........))))............................",".......((((.........))))........","GCACGUAGUGUAGCUAGUCA",-36.6,0,0.25,0.1476,0.1065,0.25,0.2,"SS-DS",0.333333333333333,0.0666666666666667,0.3,0.05,"AUCC","A","A","UAUCAGACUCAGACUAAUUC","GS1_2"
3.74006734006734,0.396802550994476,9.42551233779595,8.21829428373433e-19,"586","time:activator100fM",23616,"GGAUUGACUAGCUACACUAC",0.45,TRUE,0,"NCR_586",0,"good guide","good",-6.6,".......((((.........))))............................",".......((((.........))))........","GUAGUGUAGCUAGUCAAUCC",-34.7,0,0.45,0.14845,0.12465,0.3,0.25,"SS-DS",0.333333333333333,0.0666666666666667,0.266666666666667,0.05,"AUCA","A","A","AGACUCAGACUAAUUCUCCU","GS1_2"
1.81071428571429,0.380811143295272,4.75488786920897,2.98510009728598e-06,"587","time:activator100fM",23620,"UGAUGGAUUGACUAGCUACA",0.4,TRUE,0,"NCR_587",0,"good guide","good",-6.6,".......((((.........))))............................",".......((((.........))))........","UGUAGCUAGUCAAUCCAUCA",-33.6,0,0.65,0.2697,0.19005,0.45,0.4,"SS-DS",0.3,0.0666666666666667,0.266666666666667,0.0333333333333333,"UUGC","U","U","UCAGACUAAUUCUCCUCGGC","GS1_2"
0.976370851370857,0.428398039422144,2.27912072774156,0.0233059574069389,"594","time:activator100fM",26689,"UAAAGUUACUGGCCAUAACA",0.35,TRUE,0,"NCR_594",0,"good guide","good",-6.6,".......((((.........))))............................",".......((((.........))))........","UGUUAUGGCCAGUAACUUUA",-30.6,0,0,0.15835,0.21495,0.4,0.1,"SS-DS",0.466666666666667,0.233333333333333,0.466666666666667,0.116666666666667,"GCUU","G","G","UGUAUAUAAUUAAGUUAAUU","GS1_2"
32.9275252525253,1.35698818897098,24.2651524310573,4.9938676014105e-75,"595","time:activator100fM",26738,"CACCGGUGAUCCAAUUUAUU",0.4,TRUE,4,"NCR_595",0.2,"hasHairpin/4bp","good",-7.4,".......((((.........))))............((....))........",".......((((.........))))........","AAUAAAUUGGAUCACCGGUG",-31.4,0,0,0.2786,0.21745,0.25,0.2,"SS-DS",0.366666666666667,0,0.416666666666667,0.05,"GAAU","G","G","AGCUUGUUUUGUGCUUGCUG","GS1_2"
33.1361592111592,0.702921048212942,47.1406558324043,1.2935532655288e-147,"596","time:activator100fM",27911,"CAGUUGUGAUGAUUCCUAAG",0.4,TRUE,0,"NCR_596",0,"good guide","good",-6.6,".......((((.........))))............................",".......((((.........))))........","CUUAGGAAUCAUCACAACUG",-31.7,0,0,0.24735,0.35825,0.55,0.15,"SS-DS",0.333333333333333,0.0666666666666667,0.35,0.0333333333333333,"UAGC","U","U","CGCCUAAACGAACAUGAAAU","GS1_2"
1.14900192400191,0.416981541151112,2.75552227283249,0.00618929432968525,"597","time:activator100fM",28370,"UGUUUUGAUCGCGCCCCACU",0.55,TRUE,0,"NCR_597",0,"good guide","good",-6.6,".......((((.........))))............................",".......((((.........))))........","AGUGGGGCGCGAUCAAAACA",-37.8,0,0,0.33425,0.25965,0.4,0.25,"SS-DS",0.2,0,0.166666666666667,0.0333333333333333,"ACGU","A","A","UCAACUGGCAGUAACCAGAA","GS1_2"
3.15640933140933,0.221274396285422,14.2646839598101,3.29150169277878e-36,"1305","time:activator100fM",894,"GGACAAAGUGCAUGAAGCUU",0.45,TRUE,4,"NCR_1305",0.2,"hasHairpin/4bp","bad",-7,".......((((.........)))).................((.....))..",".......((((.........))))........","AAGCUUCAUGCACUUUGUCC",-34.1,1,0,0.15405,0.09555,0.1,0.05,"SS-DS",0.233333333333333,0,0.25,0.0833333333333333,"GAAC","G","G","GCAUUAAAGACCUUCUAGCA","GS2_1"
29.5346921596921,0.488326900094547,60.4813950531372,2.92315146543818e-179,"1306","time:activator100fM",1057,"GACAUUCCCCAUUGAAGGUG",0.5,TRUE,4,"NCR_1306",0.2,"hasHairpin/4bp","bad",-7,".......((((.........))))................((......))..",".......((((.........))))........","CACCUUCAAUGGGGAAUGUC",-36.1,0,0.25,0.27005,0.0391,0.4,0.15,"SS-DS",0.433333333333333,0.0666666666666667,0.4,0.116666666666667,"CAAA","C","C","UUUUGAAAUUAAAUUGGCAA","GS2_1"
-1.28810726310726,0.456444724380141,-2.82204436661314,0.00506473012389752,"1307","time:activator100fM",8854,"GCAAACCAGGCACGACAAAA",0.5,TRUE,4,"NCR_1307",0.2,"hasHairpin/4bp","bad",-6.9,".......((((.........))))........((.......)).........",".......((((.........))))........","UUUUGUCGUGCCUGGUUUGC",-35.3,0,0,0.21,0.193,0.35,0.2,"SS-DS",0.233333333333333,0.0666666666666667,0.216666666666667,0.0333333333333333,"CUGG","C","C","GAUUGCUGCAGUCAUAACAA","GS2_1"
17.6511063011063,0.577442679814116,30.5677202571662,9.59267659019793e-98,"1308","time:activator100fM",9392,"GCUACUAUAGAUGCUGAUAU",0.35,TRUE,4,"NCR_1308",0.2,"hasHairpin/4bp","bad",-7,".......((((.........))))........((..........))......",".......((((.........))))........","AUAUCAGCAUCUAUAGUAGC",-31.4,0,0,0.19865,0.36205,0.35,0.05,"SS-DS",0.366666666666667,0.0333333333333333,0.35,0.05,"UGGU","U","U","CCACUAAUUCAACCUAUUGG","GS2_1"
0.867917267917275,0.246731197468011,3.51766325792587,0.000497146082526387,"1309","time:activator100fM",14027,"AACAAUACCAGCAUUUCGCA",0.4,TRUE,4,"NCR_1309",0.2,"hasHairpin/4bp","bad",-7.3,".......((((.........))))..................((.....)).",".......((((.........))))........","UGCGAAAUGCUGGUAUUGUU",-31.8,0,0,0.20985,0.2595,0.35,0.2,"SS-DS",0.3,0.0666666666666667,0.3,0.0666666666666667,"GGUG","G","G","UGUUAAAAACAGUACAAUUC","GS2_1"
31.732239057239,0.834150586628297,38.0413795373606,6.27928387166071e-122,"1310","time:activator100fM",25772,"GCAUUUCCAGCAAAGCCAAA",0.45,TRUE,4,"NCR_1310",0.2,"hasHairpin/4bp","bad",-7,".......((((.........))))........((.......)).........",".......((((.........))))........","UUUGGCUUUGCUGGAAAUGC",-33.8,0.5,0,0.07175,0.0274,0.55,0,"DS",0.3,0.0333333333333333,0.3,0.0666666666666667,"CGUU","C","C","GUAUAAACUUUGUAAGAAUA","GS2_1"
23.0325276575276,1.16989859114337,19.6876274848894,2.07725896791033e-57,"1317","time:activator100fM",13618,"AUUAAAUUGUCAUCUUCGUC",0.3,FALSE,4,"NCR_1317",0.2,"noHairpin/4bp","bad",-6.9,".......((((.........))))......(((......)))..........",".......((((.........))))......((","GACGAAGAUGACAAUUUAAU",-27.2,0,0,0.2238,0.1322,0.25,0,"DS",0.366666666666667,0,0.316666666666667,0,"UGAU","U","U","AAAACUAAUUGUUGUCGCUU","GS2_1"
8.89446248196248,0.231403290646782,38.4370613620146,1.02467642921855e-111,"1318","time:activator100fM",18411,"UAUUAUUAGGUGUAUCAACA",0.25,FALSE,4,"NCR_1318",0.2,"noHairpin/4bp","bad",-7.3,".......((((.........)))).((((........))))...........",".......((((.........)))).((((...","UGUUGAUACACCUAAUAAUA",-26.8,0,0.75,0.31935,0.39195,0.7,0.45,"SS-DS",0.3,0.1,0.333333333333333,0.0666666666666667,"CAGA","C","C","UGUUAACCUAGUUGCUGUAC","GS2_1"
5.24059644059643,0.456759042693109,11.473437744543,7.96970803528159e-26,"1319","time:activator100fM",21806,"UCAUUAAAUGGUAGGACAGG",0.4,FALSE,4,"NCR_1319",0.2,"noHairpin/4bp","bad",-7.4,"...((((((((.........))))................))))........","...((((((((.........))))........","CCUGUCCUACCAUUUAAUGA",-32.5,0,0,0.34205,0.3598,0.25,0.2,"SS-DS",0.433333333333333,0,0.333333333333333,0.0166666666666667,"UGGU","U","U","GGGACCAAUGGUACUAAGAG","GS2_1"
42.3810966810967,0.555515577939868,76.29146393746,5.83683666248554e-210,"1320","time:activator100fM",25151,"AGUUCUUGGAGAUCGAUGAG",0.45,FALSE,4,"NCR_1320",0.2,"noHairpin/4bp","bad",-6.7,".......((((.........)))).((((........))))...........",".......((((.........)))).((((...","CUCAUCGAUCUCCAAGAACU",-34.3,0,0,0.188,0.2753,0.45,0.2,"SS-DS",0.233333333333333,0.133333333333333,0.266666666666667,0.0833333333333333,"UGGA","U","U","AAUGAGGUUGCCAAGAAUUU","GS2_1"
36.0047498797499,0.79604107367858,45.2297639785954,1.56921774839055e-142,"1321","time:activator100fM",2888,"UUUAUGACAGCAUCUGCCAC",0.45,TRUE,10,"NCR_1321",0.5,"hasHairpin/10bp","bad",-7.1,".......((((.........))))............((.(((...))).)).",".......((((.........))))........","GUGGCAGAUGCUGUCAUAAA",-34.8,0,0.3,0.13935,0.0647,0.25,0.3,"SS-DS",0.333333333333333,0.0333333333333333,0.316666666666667,0.05,"AACU","A","A","GGUACAGAAGUAAAUGAGUU","GS2_1"
20.5132756132756,0.525249122512239,39.0543738848371,5.55475425795744e-125,"1322","time:activator100fM",4186,"CUAGCAUUUCAGUAGUGCCA",0.45,TRUE,10,"NCR_1322",0.5,"hasHairpin/10bp","bad",-10.3,".......((((.........))))...........(((((.....)))))..",".......((((.........))))........","UGGCACUACUGAAAUGCUAG",-34.6,0,0,0.0731,0.20045,0.25,0,"DS",0.133333333333333,0.0666666666666667,0.216666666666667,0.0333333333333333,"CGAA","C","C","UGCUGUGGUUAUACCUACUA","GS2_1"
25.9342953342953,2.22366606759168,11.6628551886764,1.66660864467171e-26,"1329","time:activator100fM",4543,"ACGCUACAGUUGUUUUACUG",0.4,FALSE,10,"NCR_1329",0.5,"noHairpin/10bp","bad",-10.4,".......((((.........))))..((((((((......).)))))))...",".......((((.........))))..((((((","CAGUAAAACAACUGUAGCGU",-31,0,0,0.13495,0.04675,0.35,0.05,"SS-DS",0.266666666666667,0.0666666666666667,0.366666666666667,0.1,"CACU","C","C","UGAUUAUGGUGCUAGAUUUU","GS2_1"
23.5073593073593,0.319092154359252,73.6694995041883,2.79814392358655e-205,"1330","time:activator100fM",8810,"GCAAUCAAUGGGCAAGCUUU",0.45,FALSE,10,"NCR_1330",0.5,"noHairpin/10bp","bad",-9.5,".......(((((....(((...((........))..))).))))).......",".......(((((....(((...((........","AAAGCUUGCCCAUUGAUUGC",-33.9,0,0.9,0.1822,0.1458,0.75,0.75,"SS-DS",0.3,0.0333333333333333,0.283333333333333,0.0166666666666667,"UGCA","U","U","AGCCAGCGUGGUGGUAGUUA","GS2_1"
14.0595598845599,2.04350374887046,6.88012434150476,3.06856119816077e-11,"1331","time:activator100fM",9931,"CUUCUCUGUAGCUAGUUGUA",0.4,FALSE,10,"NCR_1331",0.5,"noHairpin/10bp","bad",-9.1,"..(((.(((........(((((.........)))))......))).)))...","..(((.(((........(((((.........)","UACAACUAGCUACAGAGAAG",-32.7,0,0.4,0.35165,0.33125,0.55,0.45,"SS-DS",0.333333333333333,0.2,0.316666666666667,0.133333333333333,"CUGC","C","C","UAAGUACAAGUAUUUUAGUG","GS2_1"
19.7895262145262,0.511282022036803,38.7056954118792,6.16319805110928e-124,"1332","time:activator100fM",10209,"GAGUAAAUCUUCAUAAUUAG",0.25,FALSE,10,"NCR_1332",0.5,"noHairpin/10bp","bad",-7.1,"...............(((((((..(((......)))...)))))))......","...............(((((((..(((.....","CUAAUUAUGAAGAUUUACUC",-25.4,0,0,0.21375,0.1323,0.2,0.1,"SS-DS",0.433333333333333,0.0333333333333333,0.35,0.0333333333333333,"AUUC","A","A","UGAUCUGCACCUCUGAAGAC","GS2_1"
24.250481000481,1.53379156465468,15.81080608299,3.40725985791556e-42,"1333","time:activator100fM",10378,"ACACUGAAAAAGUCUGUCCU",0.4,FALSE,10,"NCR_1333",0.5,"noHairpin/10bp","bad",-9.3,".......((((.........))))......(((.(((.....))).)))...",".......((((.........))))......((","AGGACAGACUUUUUCAGUGU",-32.5,0.8,0.45,0.2408,0.25065,0.2,0.25,"SS-DS",0.366666666666667,0.166666666666667,0.35,0.166666666666667,"UAGC","U","U","ACCUAAGUAUAAGUUUGUUC","GS2_1"
16.4255170755171,0.798605389719449,20.5677513412317,7.56690102585255e-61,"1334","time:activator100fM",18085,"UGUGUAGGAUGUAACCCAGU",0.45,FALSE,10,"NCR_1334",0.5,"noHairpin/10bp","bad",-9.4,".......((((.........))))......((((.((........)).))))",".......((((.........))))......((","ACUGGGUUACAUCCUACACA",-35.4,0,0.1,0.2067,0.0965,0.55,0.25,"SS-DS",0.2,0.1,0.266666666666667,0.0833333333333333,"GGCA","G","G","GGACUCUUUAAAGAUUGUAG","GS2_1"
33.0680495430496,1.39082796198432,23.7758014987495,3.50411685677533e-73,"1341","time:activator100fM",13717,"UGUUUAGCAACAGCUGGACA",0.45,TRUE,16,"NCR_1341",0.8,"hasHairpin/16bp","bad",-14.7,".......((((.........))))........((((((((....))))))))",".......((((.........))))........","UGUCCAGCUGUUGCUAAACA",-34.8,1,0.65,0.27625,0.1156,0.4,0.4,"SS-DS",0.366666666666667,0.166666666666667,0.35,0.1,"UGAC","U","U","GAAGAAACAAUUUAUAAUUU","GS2_1"
30.8686147186147,1.16133683449931,26.580242528795,1.30776366059227e-83,"1342","time:activator100fM",14351,"ACAAUGCAGAAUGCAUCUGU",0.4,TRUE,16,"NCR_1342",0.8,"hasHairpin/16bp","bad",-10.6,".......((((.........))))........((((((((...))))).)))",".......((((.........))))........","ACAGAUGCAUUCUGCAUUGU",-32.8,0,0.05,0.2425,0.11365,0.5,0.15,"SS-DS",0.433333333333333,0.166666666666667,0.383333333333333,0.116666666666667,"GCAA","G","G","ACCACCCAAAUUGUGUUAAC","GS2_1"
-2.86084656084656,3.01030073731819,-0.95035241010346,0.342637232179173,"1343","time:activator100fM",26035,"GUACUCAAUUGAGUUGAGUA",0.35,TRUE,16,"NCR_1343",0.8,"hasHairpin/16bp","bad",-12.8,".......((((.........)))).........((((((((...))))))))",".......((((.........))))........","UACUCAACUCAAUUGAGUAC",-30.4,0,0,0.2346,0.2598,0.25,0.25,"SS-DS",0.366666666666667,0.0333333333333333,0.35,0.0166666666666667,"AGAC","A","A","AGUUACUUCACUUCAGACUA","GS2_1"
-13.8293650793649,6.11607122800998,-2.26115173676037,0.0244085865580825,"1344","time:activator100fM",27976,"AUCAACUACAUAUGGUUGAU",0.3,TRUE,16,"NCR_1344",0.8,"hasHairpin/16bp","bad",-12.7,".......((((.........))))........((((((((....))))))))",".......((((.........))))........","AUCAACCAUAUGUAGUUGAU",-28.9,0,0,0.2516,0.25885,0.4,0.25,"SS-DS",0.366666666666667,0,0.333333333333333,0.05,"GACC","G","G","AAGAAUGUAGUUUACAGUCA","GS2_1"
5.7463924963925,0.794584383657525,7.23194743639621,3.41752822614072e-12,"1345","time:activator100fM",3484,"UAGUAGCCUUAUUUAAGGCU",0.35,FALSE,16,"NCR_1345",0.8,"noHairpin/16bp","bad",-13.6,".......((((.........))))((((....))))((((((....))))))",".......((((.........))))((((....","AGCCUUAAAUAAGGCUACUA",-30.9,0,0,0.22835,0.23415,0.3,0.25,"SS-DS",0.3,0,0.283333333333333,0,"ACAA","A","A","UUACCUUAAACAUGGAGGAG","GS2_1"
70.1970057720057,0.643606274735991,109.068243315062,1.26413986417163e-258,"1346","time:activator100fM",5242,"AAGUUAAACCAUUAACUUGU",0.25,FALSE,16,"NCR_1346",0.8,"noHairpin/16bp","bad",-13.7,".......((((.........))))......(((((((((....)))))))))",".......((((.........))))......((","ACAAGUUAAUGGUUUAACUU",-25.4,0,0.85,0.14745,0.0857,0.35,0.3,"SS-DS",0.3,0.0333333333333333,0.25,0.1,"CUAU","C","C","AUUAAAUCACACUAAAAAGU","GS2_1"
1.29108946608946,0.868347232747813,1.48683547018848,0.138024776829252,"1353","time:activator100fM",172,"AGCCUGCAGAAGAUAGACGA",0.5,TRUE,0,"NCR_1353",0,"good guide","random",-6.6,".......((((.........))))............................",".......((((.........))))........","UCGUCUAUCUUCUGCAGGCU",-37.2,0,0,0.15655,0.15085,0.15,0.15,"SS-DS",0.333333333333333,0.1,0.283333333333333,0.0833333333333333,"GCUU","G","G","AAUUACUGUCGUUGACAGGA","GS2_1"
35.4757575757576,0.744144288556976,47.6732242943787,5.27403246430875e-149,"1354","time:activator100fM",898,"GUUCGGACAAAGUGCAUGAA",0.45,TRUE,0,"NCR_1354",0,"good guide","random",-6.6,".......((((.........))))............................",".......((((.........))))........","UUCAUGCACUUUGUCCGAAC",-33.6,1,0,0.2008,0.131,0.3,0.1,"SS-DS",0.266666666666667,0,0.25,0.0833333333333333,"AACU","A","A","UAAAGACCUUCUAGCACGUG","GS2_1"
-1.93591871091869,1.48588375256799,-1.30287359800047,0.193537457841305,"1355","time:activator100fM",1570,"CUUCUCCAACAACACCUGUA",0.45,TRUE,0,"NCR_1355",0,"good guide","random",-6.6,".......((((.........))))............................",".......((((.........))))........","UACAGGUGUUGUUGGAGAAG",-34.3,0,0,0.29,0.1333,0.25,0.15,"SS-DS",0.333333333333333,0.0333333333333333,0.283333333333333,0.05,"GUUC","G","GUU","ACGUGCUAGCGCUAACAUAG","GS2_1"
20.5263949013949,2.18182863467477,9.40788592430157,9.3772187223271e-19,"1356","time:activator100fM",2191,"CAAUUUCCCAACCGUCUCUA",0.45,TRUE,0,"NCR_1356",0,"good guide","random",-6.6,".......((((.........))))............................",".......((((.........))))........","UAGAGACGGUUGGGAAAUUG",-33.7,0.55,0,0.1461,0.0973,0.4,0.15,"SS-DS",0.4,0.0333333333333333,0.35,0.0833333333333333,"UUAA","U","U","AGAGAAGUUUAAGGAAGGUG","GS2_1"
13.1417748917749,1.74440981063239,7.53365110175038,4.90178228558237e-13,"1357","time:activator100fM",3109,"AAUCAUCUUCAGUACCAUAC",0.35,TRUE,0,"NCR_1357",0,"good guide","random",-6.6,".......((((.........))))............................",".......((((.........))))........","GUAUGGUACUGAAGAUGAUU",-30.7,0,0.6,0.26,0.2806,0.4,0.4,"SS-DS",0.266666666666667,0.0333333333333333,0.25,0.0166666666666667,"ACCA","A","A","AGAAGAGUUUGAGCCAUCAA","GS2_1"
27.6710557960558,1.58881274341227,17.4161844501744,1.73815191370694e-48,"1358","time:activator100fM",3338,"UAACCACUAAAACUAUUCAC",0.3,TRUE,0,"NCR_1358",0,"good guide","random",-6.6,".......((((.........))))............................",".......((((.........))))........","GUGAAUAGUUUUAGUGGUUA",-27.8,0.65,0.55,0.4257,0.00755,0.65,0.6,"SS-DS",0.366666666666667,0,0.333333333333333,0.0166666666666667,"UUUA","U","U","GAACUUACACCAGUUGUUCA","GS2_1"
-3.93039923039924,0.654642251199182,-6.00388872426045,5.13504075336918e-09,"1365","time:activator100fM",7627,"CAGCACAGAAUGUAUCACAA",0.4,TRUE,0,"NCR_1365",0,"good guide","random",-6.6,".......((((.........))))............................",".......((((.........))))........","UUGUGAUACAUUCUGUGCUG",-32.4,0,0,0.2323,0.09815,0.5,0.15,"SS-DS",0.366666666666667,0.0333333333333333,0.35,0.0666666666666667,"GUAG","G","GU","UUGCAAACUACACAAUUGGA","GS2_1"
20.9109187109187,1.55746182767696,13.4262800791134,5.10199207635513e-33,"1366","time:activator100fM",8255,"CAACUAUCGCCAGUAACUUC",0.45,TRUE,0,"NCR_1366",0,"good guide","random",-6.6,".......((((.........))))............................",".......((((.........))))........","GAAGUUACUGGCGAUAGUUG",-33.3,0,0,0.2937,0.0504,0.55,0.35,"SS-DS",0.3,0.1,0.333333333333333,0.133333333333333,"UAAU","U","U","UGUCUUAAAUUGUCACAUCA","GS2_1"
34.2851250601251,0.356848432505845,96.077555446635,3.27569690772083e-241,"1367","time:activator100fM",9131,"AUAAUAGAGCCAUCCAUGAG",0.4,TRUE,0,"NCR_1367",0,"good guide","random",-6.6,".......((((.........))))............................",".......((((.........))))........","CUCAUGGAUGGCUCUAUUAU",-33.1,0,0,0.09835,0.01275,0.55,0,"DS",0.333333333333333,0.133333333333333,0.3,0.1,"UCAA","U","U","GAAAGUUUACGCCCUGACAC","GS2_1"
34.9200577200577,1.50734699703487,23.1665686724753,7.20134171566485e-71,"1368","time:activator100fM",9427,"CAAGGCAUGUUACUACGAUA",0.4,TRUE,0,"NCR_1368",0,"good guide","random",-6.6,".......((((.........))))............................",".......((((.........))))........","UAUCGUAGUAACAUGCCUUG",-31.9,0,0,0.20535,0.19775,0.4,0.15,"SS-DS",0.4,0.0666666666666667,0.366666666666667,0.05,"CCUA","C","C","AGCAUCUAUAGUAGCUGGUG","GS2_1"
21.2977272727273,1.23542901775411,17.2391347189209,8.62852718497591e-48,"1369","time:activator100fM",10455,"GAAUGAACCCUUAAUAGUGA",0.35,TRUE,0,"NCR_1369",0,"good guide","random",-6.6,".......((((.........))))............................",".......((((.........))))........","UCACUAUUAAGGGUUCAUUC",-30.4,0,0,0.29375,0.34865,0.35,0.2,"SS-DS",0.5,0.0666666666666667,0.416666666666667,0.0833333333333333,"CUUA","C","C","GUGUUUACCAAUGUGCUAUG","GS2_1"
45.0183501683502,2.84576836752521,15.8194007221677,3.15406149890449e-42,"1370","time:activator100fM",10840,"UUAAUGAAGCACACAUAUCU",0.3,TRUE,0,"NCR_1370",0,"good guide","random",-6.6,".......((((.........))))............................",".......((((.........))))........","AGAUAUGUGUGCUUCAUUAA",-28.8,0,0,0.27805,0.1618,0.45,0.2,"SS-DS",0.233333333333333,0,0.333333333333333,0.0166666666666667,"AAGA","A","A","UCUUUCUGCUCAAACUGGAA","GS2_1"
11.1936868686869,2.38738434427452,4.68868236299355,4.04837506470792e-06,"1377","time:activator100fM",15331,"ACAAGUGAGGCCAUAAUUCU",0.4,TRUE,0,"NCR_1377",0,"good guide","random",-6.6,".......((((.........))))............................",".......((((.........))))........","AGAAUUAUGGCCUCACUUGU",-32.9,0,0,0.193,0.1923,0.35,0.15,"SS-DS",0.3,0.1,0.283333333333333,0.0833333333333333,"UCUU","U","U","AAAUGUGAUAGAGCCAUGCC","GS2_1"
31.555772005772,2.44743708157257,12.8933945813619,5.10326375875312e-31,"1378","time:activator100fM",15713,"CACAACAGCAUCGUCAGAGA",0.5,TRUE,0,"NCR_1378",0,"good guide","random",-6.6,".......((((.........))))............................",".......((((.........))))........","UCUCUGACGAUGCUGUUGUG",-36.2,0,0.4,0.16935,0.0632,0.45,0.2,"SS-DS",0.366666666666667,0.133333333333333,0.366666666666667,0.0833333333333333,"UGUU","U","U","AUUUGCGUAAACAUUUCUCA","GS2_1"
0.450228475228476,2.42790587306965,0.185439015664657,0.853000029985751,"1379","time:activator100fM",16268,"ACCACAUCUUAAUGAAGUCU",0.35,TRUE,0,"NCR_1379",0,"good guide","random",-6.6,".......((((.........))))............................",".......((((.........))))........","AGACUUCAUUAAGAUGUGGU",-30.8,0,0,0.2636,0.2694,0.2,0.05,"SS-DS",0.4,0,0.416666666666667,0.0833333333333333,"GCUU","G","G","CUGUUGGGGCUUGUGUUCUU","GS2_1"
17.0246873496873,3.00045813957213,5.67402928411295,3.08121937940466e-08,"1380","time:activator100fM",16925,"ACUUAAUGGCAUUACUGUAU",0.3,TRUE,0,"NCR_1380",0,"good guide","random",-6.6,".......((((.........))))............................",".......((((.........))))........","AUACAGUAAUGCCAUUAAGU",-28.6,0,0.3,0.36755,0.18615,0.35,0.35,"SS-DS",0.166666666666667,0.0333333333333333,0.3,0.0333333333333333,"GCAC","G","G","AUGUUGGUGAUUAUUUUGUG","GS2_1"
62.0214045214044,2.1464569407898,28.8947816016208,6.43375371109682e-92,"1381","time:activator100fM",17354,"GGCCAUUGAAAUUUCAUCAA",0.35,TRUE,0,"NCR_1381",0,"good guide","random",-6.6,".......((((.........))))............................",".......((((.........))))........","UUGAUGAAAUUUCAAUGGCC",-29.8,0,0,0.34085,0.29075,0.45,0.25,"SS-DS",0.366666666666667,0.0666666666666667,0.316666666666667,0.05,"ACAA","A","A","UGCCUGAGACGACAGCAGAU","GS2_1"
33.7909571909572,1.42450178388609,23.7212459634654,5.63698284485995e-73,"1382","time:activator100fM",18358,"GUAGAAAAACCUAGCUGUAA",0.35,TRUE,0,"NCR_1382",0,"good guide","random",-6.6,".......((((.........))))............................",".......((((.........))))........","UUACAGCUAGGUUUUUCUAC",-30.1,1,0.45,0.2669,0.21525,0.45,0.4,"SS-DS",0.3,0.2,0.3,0.15,"AGGU","A","A","ACUAGAGAAGCUGUUGGUAC","GS2_1"
14.0608706108706,1.50853466030104,9.32088004399228,1.79475355887422e-18,"1389","time:activator100fM",22720,"UAAAGCAGAGAUCAUUUAAU",0.25,TRUE,0,"NCR_1389",0,"good guide","random",-6.6,".......((((.........))))............................",".......((((.........))))........","AUUAAAUGAUCUCUGCUUUA",-26.4,0,0.15,0.12685,0.05695,0.25,0.15,"SS-DS",0.433333333333333,0.0666666666666667,0.433333333333333,0.1,"CUAA","C","C","UUUUAAGUGUUAUGGAGUGU","GS2_1"
16.6939995189995,0.367216685388476,45.4608959321635,3.73666869297302e-143,"1390","time:activator100fM",22881,"ACCAACCUUAGAAUCAAGAU",0.35,TRUE,0,"NCR_1390",0,"good guide","random",-6.6,".......((((.........))))............................",".......((((.........))))........","AUCUUGAUUCUAAGGUUGGU",-30.7,0,0,0.23895,0.21175,0.35,0.25,"SS-DS",0.466666666666667,0.1,0.383333333333333,0.15,"GGUA","G","G","CAGGCUGCGUUAUAGCUUGG","GS2_1"
33.711531986532,2.3833579623634,14.1445525677993,9.49272049421127e-36,"1391","time:activator100fM",23803,"ACAAAAGAUUGCUGCAUUCA",0.35,TRUE,0,"NCR_1391",0,"good guide","random",-6.6,".......((((.........))))............................",".......((((.........))))........","UGAAUGCAGCAAUCUUUUGU",-30.1,0,0,0.19245,0.2111,0.3,0,"DS",0.366666666666667,0.0333333333333333,0.383333333333333,0.05,"UGCA","U","U","UUGUACAAUGUACAUUUGUG","GS2_1"
42.600505050505,1.82276810261614,23.371324629481,1.19773638410442e-71,"1392","time:activator100fM",24532,"UCAACCUAUCAAUUUGCACU",0.35,TRUE,0,"NCR_1392",0,"good guide","random",-6.6,".......((((.........))))............................",".......((((.........))))........","AGUGCAAAUUGAUAGGUUGA",-30.5,0,0,0.17155,0.2247,0.6,0.15,"SS-DS",0.233333333333333,0,0.266666666666667,0,"UCAC","U","U","CCUUUCACGUCUUGACAAAG","GS2_1"
26.3798701298701,2.54780614407141,10.3539549864319,6.57409709077295e-22,"1311","time:activator100fM",28480,"UGUUAAUUGGAACGCCUUGU",0.4,TRUE,4,"NCR_1311",0.2,"hasHairpin/4bp","bad",-6.8,".......((((.........))))................((....))....",".......((((.........))))........","ACAAGGCGUUCCAAUUAACA",-31.6,0,0,0.2327,0.1562,0.55,0.1,"SS-DS",0.2,0.1,0.2,0.0666666666666667,"CCAA","C","C","UGGCAAGGAAGACCUUAAAU","GS2_2"
34.4724146224146,3.93029597577562,8.77094621750764,1.00289748522488e-16,"1312","time:activator100fM",28914,"AGCAAGAGCAGCAUCACCGC",0.6,TRUE,4,"NCR_1312",0.2,"hasHairpin/4bp","bad",-7.4,".......((((.........)))).........((....))...........",".......((((.........))))........","GCGGUGAUGCUGCUCUUGCU",-40.5,0,0,0.15255,0.11485,0.2,0.15,"SS-DS",0.333333333333333,0.0333333333333333,0.3,0.0166666666666667,"UUGC","U","U","GAACUUCUCCUGCUAGAAUG","GS2_2"
19.9400553150553,3.56178815893851,5.59832713942143,4.59797507476585e-08,"1313","time:activator100fM",3121,"GUUUACCUUGGUAAUCAUCU",0.35,FALSE,4,"NCR_1313",0.2,"noHairpin/4bp","bad",-7.4,"...((((((((.........))))................))))........","...((((((((.........))))........","AGAUGAUUACCAAGGUAAAC",-30.2,0,0.45,0.32235,0.39545,0.45,0.4,"SS-DS",0.4,0.0666666666666667,0.333333333333333,0.0333333333333333,"CUUU","C","C","GCCAUCAACUCAAUAUGAGU","GS2_2"
18.0646344396344,3.11818604688971,5.79331514155587,1.6261917620325e-08,"1314","time:activator100fM",4583,"ACAAGAGUUUCAUUUAGAUC",0.3,FALSE,4,"NCR_1314",0.2,"noHairpin/4bp","bad",-6.9,".......((((.........))))....((((......))))..........",".......((((.........))))....((((","GAUCUAAAUGAAACUCUUGU",-27.9,0,1,0.3863,0.3158,0.65,0.65,"SS-DS",0.266666666666667,0.0666666666666667,0.266666666666667,0.0666666666666667,"UACA","U","U","ACUGUAGCGUCACUUAUCAA","GS2_2"
51.4737493987494,4.63409254016426,11.1076222480712,1.58780195234079e-24,"1315","time:activator100fM",6451,"UAGUUUUCACAUUACACUCA",0.3,FALSE,4,"NCR_1315",0.2,"noHairpin/4bp","bad",-7.2,".......((((.........))))((((....))))................",".......((((.........))))((((....","UGAGUGUAAUGUGAAAACUA",-28.4,0,0,0.14115,0.1958,0.25,0.1,"SS-DS",0.266666666666667,0,0.233333333333333,0.0166666666666667,"CCGA","C","C","GGAAAAUCCUACCAUACAGA","GS2_2"
12.443278018278,3.61975936348979,3.43759812980539,0.000663000737277069,"1316","time:activator100fM",10427,"CUCAUAGCACAUUGGUAAAC",0.4,FALSE,4,"NCR_1316",0.2,"noHairpin/4bp","bad",-8,".......((((.........))))......(((............)))....",".......((((.........))))......((","GUUUACCAAUGUGCUAUGAG",-31.7,0,0,0.11525,0.17365,0.75,0,"DS",0.366666666666667,0.2,0.383333333333333,0.15,"GCCC","G","G","UUAGCUUGUUACAAUGGUUC","GS2_2"
18.8069745069745,2.93742096196481,6.4025465707832,5.32526030691236e-10,"1323","time:activator100fM",6379,"UUAGAUCUUCGCAGGCAAGA",0.45,TRUE,10,"NCR_1323",0.5,"hasHairpin/10bp","bad",-7.2,".......((((.........)))).............(((((....).))))",".......((((.........))))........","UCUUGCCUGCGAAGAUCUAA",-34.8,0,0.4,0.13495,0.14745,0.25,0.15,"SS-DS",0.2,0.0333333333333333,0.15,0.0166666666666667,"AACC","A","A","GAAGUCAGAGGACGCGCAGG","GS2_2"
48.8611952861953,4.94414870886189,9.88263059293028,7.20584139312407e-20,"1324","time:activator100fM",8234,"AUGUCAGAUUGAUGUGACAA",0.35,TRUE,10,"NCR_1324",0.5,"hasHairpin/10bp","bad",-11.3,".......((((.........)))).........(((((........))))).",".......((((.........))))........","UUGUCACAUCAAUCUGACAU",-31,0,0.75,0.2867,0.36575,0.5,0.45,"SS-DS",0.3,0.0666666666666667,0.316666666666667,0.1,"AGAA","A","A","GAAACUAAAGAUGUUGUUGA","GS2_2"
16.3044131794132,3.51510501540658,4.63838579728102,5.09113440204219e-06,"1325","time:activator100fM",8511,"UGUUACAACAUUAACAACUU",0.25,TRUE,10,"NCR_1325",0.5,"hasHairpin/10bp","bad",-8.4,".......((((.........))))........(((((......)))))....",".......((((.........))))........","AAGUUGUUAAUGUUGUAACA",-25.5,0,0.35,0.25665,0.13175,0.3,0.25,"SS-DS",0.233333333333333,0.0666666666666667,0.283333333333333,0.05,"ACAA","A","A","CUUUUAAGUUGACAUGUGCA","GS2_2"
30.8212602212602,3.97788802510688,7.74814676198235,1.19327545191702e-13,"1326","time:activator100fM",20130,"UGAACUGUGUUUUUACGGCU",0.4,TRUE,10,"NCR_1326",0.5,"hasHairpin/10bp","bad",-9.8,".......((((.........))))............(((((....)))))..",".......((((.........))))........","AGCCGUAAAAACACAGUUCA",-31.5,0,1,0.1681,0.03385,0.4,0.45,"SS-DS",0.4,0.233333333333333,0.366666666666667,0.183333333333333,"AUUA","A","A","UAGUCUUAAUGGAGUCACAU","GS2_2"
26.6204425204425,3.55844737172435,7.4809150563727,6.90957227516572e-13,"1327","time:activator100fM",22044,"AGUGCAAUUAUUCGCACUAG",0.4,TRUE,10,"NCR_1327",0.5,"hasHairpin/10bp","bad",-12.7,".......((((.........))))........(((((........)))))..",".......((((.........))))........","CUAGUGCGAAUAAUUGCACU",-31.5,0,0,0.17965,0.187,0.45,0.2,"SS-DS",0.5,0,0.433333333333333,0.0166666666666667,"UUUG","U","U","GUUGGAUGGAAAGUGAGUUC","GS2_2"
35.6999639249639,4.03568011189612,8.84608366746658,5.83682016699522e-17,"1328","time:activator100fM",29299,"GAUCUUUGAAAUUUGGAUCU",0.3,TRUE,10,"NCR_1328",0.5,"hasHairpin/10bp","bad",-10.5,".......((((.........))))........(((((.........))))).",".......((((.........))))........","AGAUCCAAAUUUCAAAGAUC",-27.8,1,0.55,0.3617,0.2862,0.7,0.6,"SS-DS",0.333333333333333,0,0.266666666666667,0.0166666666666667,"AAGU","A","A","CUACACAGGUGCCAUCAAAU","GS2_2"
24.8267075517075,2.70020903107857,9.19436505320876,4.58503685601039e-18,"1335","time:activator100fM",26968,"AUGGUGUCCAGCAAUACGAA",0.45,FALSE,10,"NCR_1335",0.5,"noHairpin/10bp","bad",-11.3,"................((..((((((((.....))))))))..)).......","................((..((((((((....","UUCGUAUUGCUGGACACCAU",-34.6,0,0,0.08165,0.2255,0.15,0.05,"SS-DS",0.2,0,0.25,0.0166666666666667,"CUAG","C","C","UAAUCGGAGCUGUGAUCCUU","GS2_2"
16.0583694083694,3.36348221594464,4.77432862057199,2.72786427047958e-06,"1336","time:activator100fM",28641,"GCCGUCUUUGUUAGCACCAU",0.5,FALSE,10,"NCR_1336",0.5,"noHairpin/10bp","bad",-6.7,"..............((((((((((........)))..)))))))........","..............((((((((((........","AUGGUGCUAACAAAGACGGC",-35.8,0,0,0.24895,0.24735,0.45,0.25,"SS-DS",0.266666666666667,0,0.233333333333333,0.0166666666666667,"AUCA","A","A","UAGGAACUGGGCCAGAAGCU","GS2_2"
7.71522366522368,3.52686564744754,2.18755814268325,0.0294116454136884,"1337","time:activator100fM",2500,"ACACUUCUGUGGGAAGUGUU",0.45,TRUE,16,"NCR_1337",0.8,"hasHairpin/16bp","bad",-14.8,".......((((.........))))........((((((((...)))))))).",".......((((.........))))........","AACACUUCCCACAGAAGUGU",-34.7,0,0,0.14515,0.18625,0.25,0.15,"SS-DS",0.266666666666667,0.0666666666666667,0.25,0.05,"UAAC","U","U","CCCAAAAGAAAUUAUCUUCU","GS2_2"
14.8603896103896,4.68298450688181,3.17327328086432,0.00165088973224435,"1338","time:activator100fM",4093,"CAUCUUUCUUUAAGAAAGUG",0.3,TRUE,16,"NCR_1338",0.8,"hasHairpin/16bp","bad",-9.9,".......((((.........))))........((.((((((...))))))))",".......((((.........))))........","CACUUUCUUAAAGAAAGAUG",-26.6,0,0,0.1692,0.16415,0.65,0.05,"SS-DS",0.366666666666667,0,0.383333333333333,0.0333333333333333,"CUCC","C","C","UUCUGCCACUCUUGUUAGUG","GS2_2"
40.1595238095238,3.27878157406066,12.2483071538637,1.24254503756204e-28,"1339","time:activator100fM",10112,"GUAGUUGUACCACAAGUUAC",0.4,TRUE,16,"NCR_1339",0.8,"hasHairpin/16bp","bad",-7.9,".......((((.........))))........((((((((...)))).))))",".......((((.........))))........","GUAACUUGUGGUACAACUAC",-31.7,0,0.05,0.2156,0.2708,0.15,0.15,"SS-DS",0.366666666666667,0.133333333333333,0.35,0.166666666666667,"ACUU","A","A","UCUGGUAAAGUUGAGGGUUG","GS2_2"
73.3082251082251,4.7219140995309,15.5251077344901,4.42391437836549e-41,"1340","time:activator100fM",12498,"ACACGUAUUUUUAUAUGUGU",0.25,TRUE,16,"NCR_1340",0.8,"hasHairpin/16bp","bad",-13.4,".......((((.........))))........((((((((....))))))))",".......((((.........))))........","ACACAUAUAAAAAUACGUGU",-25.4,0,0.05,0.26845,0.28715,0.55,0.25,"SS-DS",0.3,0.0666666666666667,0.283333333333333,0.0333333333333333,"GAUG","G","G","CCAAACUAAUGGUUGUCAUA","GS2_2"
29.0849927849928,2.80106111373403,10.3835623729824,5.2079325900758e-22,"1347","time:activator100fM",6709,"UAGUAGUUGUACUAACAACU",0.3,FALSE,16,"NCR_1347",0.8,"noHairpin/16bp","bad",-11.5,".......((((.........))))((((....))))((((((....))))))",".......((((.........))))((((....","AGUUGUUAGUACAACUACUA",-28.6,0,1,0.33095,0.2294,0.4,0.6,"SS-DS",0.366666666666667,0.133333333333333,0.366666666666667,0.116666666666667,"ACAU","A","A","AGCUAAUUAUGCUAAGCCUU","GS2_2"
35.0492784992785,3.13250097722454,11.188912231508,8.19612856360631e-25,"1348","time:activator100fM",7836,"AUUAGCUCUCAGGUUGUCUA",0.4,FALSE,16,"NCR_1348",0.8,"noHairpin/16bp","bad",-11.9,"(((((.((((......(((.((((............))))))))))))))))","(((((.((((......(((.((((........","UAGACAACCUGAGAGCUAAU",-33.4,0,0,0.23475,0.3171,0.4,0.15,"SS-DS",0.366666666666667,0.0333333333333333,0.4,0.0333333333333333,"AACA","A","A","AAAGACAUUCUCUCUCUCAU","GS2_2"
39.0135882635883,3.70111388667458,10.5410396594528,1.50043814504766e-22,"1349","time:activator100fM",8061,"UGGUACGUUAAAAGUUGAUG",0.35,FALSE,16,"NCR_1349",0.8,"noHairpin/16bp","bad",-8.7,"...((((((((.........))))........)))).((((((...))))))","...((((((((.........))))........","CAUCAACUUUUAACGUACCA",-28.9,0,0.25,0.0522,0.0823,0.3,0.25,"SS-DS",0.2,0.0333333333333333,0.333333333333333,0.0333333333333333,"AUGG","A","A","AAAUGUUUGAUGCUUACGUU","GS2_2"
1.19955507455508,2.79353110954905,0.429404587783066,0.667912469830037,"1350","time:activator100fM",11746,"UAUUCUUGGGUGGGAGUAGU",0.45,FALSE,16,"NCR_1350",0.8,"noHairpin/16bp","bad",-13.7,".......((((.........))))......(((((((((....)))))))))",".......((((.........))))......((","ACUACUCCCACCCAAGAAUA",-35.5,0,0.5,0.2083,0.1873,0.55,0.3,"SS-DS",0.266666666666667,0.133333333333333,0.266666666666667,0.1,"GCAU","G","G","ACAGGAGUUUAGAUAUAUGA","GS2_2"
76.5656565656565,4.41475561344367,17.3431245735328,3.36713522465001e-48,"1351","time:activator100fM",11815,"UGGCUACUUUGAUACAAGGU",0.4,FALSE,16,"NCR_1351",0.8,"noHairpin/16bp","bad",-9.7,"(((.(((((((.........))))........))))))(((((...))))).","(((.(((((((.........))))........","ACCUUGUAUCAAAGUAGCCA",-32.9,0,0.8,0.25215,0.14395,0.4,0.4,"SS-DS",0.3,0.0333333333333333,0.316666666666667,0.0333333333333333,"CUGU","C","C","CAACAUUAAAUUGUUGGGUG","GS2_2"
50.0540163540163,4.13707909610333,12.0988782644165,4.37547969736419e-28,"1352","time:activator100fM",27292,"AUUAUGAGGUUUAUGAUGUA",0.25,FALSE,16,"NCR_1352",0.8,"noHairpin/16bp","bad",-12.3,".......((((.........))))......(((((((((...))))))))).",".......((((.........))))......((","UACAUCAUAAACCUCAUAAU",-26.8,1,0.55,0.2435,0.19605,0.55,0.55,"SS-DS",0.3,0.1,0.383333333333333,0.116666666666667,"UAAA","U","U","ACUUUUAAAGUUUCCAUUUG","GS2_2"
26.5786916786917,2.90595191432622,9.14629438555396,6.5356723415169e-18,"1359","time:activator100fM",4376,"UCUCGCAAAUUCCAAGAAAC",0.4,TRUE,0,"NCR_1359",0,"good guide","random",-6.6,".......((((.........))))............................",".......((((.........))))........","GUUUCUUGGAAUUUGCGAGA",-31.2,0,0,0.10485,0.1551,0.25,0,"DS",0.133333333333333,0.0333333333333333,0.2,0.0333333333333333,"AAUG","A","A","UCUAAUGAGAAGCAAGAAAU","GS2_2"
32.9370971620972,3.03125838178448,10.8658164411268,1.12099826727023e-23,"1360","time:activator100fM",4640,"UACCGAGCAGCUUCUUCCAA",0.5,TRUE,0,"NCR_1360",0,"good guide","random",-6.6,".......((((.........))))............................",".......((((.........))))........","UUGGAAGAAGCUGCUCGGUA",-36.8,0,0,0.1357,0.15395,0.3,0.1,"SS-DS",0.266666666666667,0.0666666666666667,0.283333333333333,0.0666666666666667,"UAUG","U","U","CCACUUGGCUAUGUAACACA","GS2_2"
11.9625300625301,3.71896193233086,3.21663149023753,0.0014271736377805,"1361","time:activator100fM",5430,"AACAUCACCUAACUCACCUA",0.4,TRUE,0,"NCR_1361",0,"good guide","random",-6.6,".......((((.........))))............................",".......((((.........))))........","UAGGUGAGUUAGGUGAUGUU",-33.2,0,0,0.0472,0.09345,0.15,0,"DS",0.3,0.0333333333333333,0.3,0.05,"AGAG","A","A","CACUUAUCUUAGCCUACUGU","GS2_2"
-1.51317941317942,3.26899646952101,-0.462888053654317,0.643753444763548,"1362","time:activator100fM",5715,"ACAAGUAAAUGUACCAUGCU",0.35,TRUE,0,"NCR_1362",0,"good guide","random",-6.6,".......((((.........))))............................",".......((((.........))))........","AGCAUGGUACAUUUACUUGU",-30.5,0,0.05,0.16665,0.341,0.3,0,"DS",0.3,0.0666666666666667,0.283333333333333,0.0666666666666667,"GCUA","G","G","UGUCAGCACCACCUGCUCAG","GS2_2"
28.6062169312169,3.64598277450047,7.84595504161048,6.2111444876601e-14,"1363","time:activator100fM",6359,"UUAUCCAUUCCCUGCGCGUC",0.55,TRUE,0,"NCR_1363",0,"good guide","random",-6.6,".......((((.........))))............................",".......((((.........))))........","GACGCGCAGGGAAUGGAUAA",-38,0,0.2,0.1892,0.13015,0.45,0.3,"SS-DS",0.266666666666667,0,0.3,0,"UCUU","U","U","UCAAAUUCGUUUGAUGUACU","GS2_2"
9.93451178451178,3.17583744643313,3.12815499913873,0.0019177641337648,"1364","time:activator100fM",7325,"CUAAUAAAAUGUACUGCAAA",0.25,TRUE,0,"NCR_1364",0,"good guide","random",-6.6,".......((((.........))))............................",".......((((.........))))........","UUUGCAGUACAUUUUAUUAG",-25.3,0,0.35,0.3477,0.2147,0.55,0.4,"SS-DS",0.466666666666667,0.0333333333333333,0.433333333333333,0.05,"UAAU","U","U","GCUGCAAUCAUGCAAUUGUU","GS2_2"
42.0475228475228,3.21725310287649,13.0693860579166,1.12190194983692e-31,"1371","time:activator100fM",11558,"AUGAAGAAAAUAGGGCAAUA",0.3,TRUE,0,"NCR_1371",0,"good guide","random",-6.6,".......((((.........))))............................",".......((((.........))))........","UAUUGCCCUAUUUUCUUCAU",-28.5,0.8,0.85,0.3502,0.2464,0.8,0.75,"SS-DS",0.333333333333333,0,0.383333333333333,0.0333333333333333,"AACU","A","A","GCCAGAGGUAUUGUUUUUAU","GS2_2"
6.98029100529098,3.5134509277396,1.98673359863369,0.0477887495770405,"1372","time:activator100fM",12375,"AUCAUUAUCCAACUUUCUAA",0.25,TRUE,0,"NCR_1372",0,"good guide","random",-6.6,".......((((.........))))............................",".......((((.........))))........","UUAGAAAGUUGGAUAAUGAU",-26.5,0,0.55,0.20215,0.13835,0.35,0.3,"SS-DS",0.166666666666667,0.0333333333333333,0.25,0.0166666666666667,"GCAC","G","G","GUGCUAUGCAGACAAUGCUU","GS2_2"
43.3939273689274,4.5767064831506,9.48147483975312,5.40122972494675e-19,"1373","time:activator100fM",12560,"UCUGCAUCUACAACCUGUUG",0.45,TRUE,0,"NCR_1373",0,"good guide","random",-6.6,".......((((.........))))............................",".......((((.........))))........","CAACAGGUUGUAGAUGCAGA",-34.5,0,0,0.1222,0.12605,0.3,0.1,"SS-DS",0.366666666666667,0.0333333333333333,0.366666666666667,0.0666666666666667,"UAGU","U","U","UUUACUUAUGCAUCAGCAUU","GS2_2"
74.8607744107744,5.15403832948611,14.524683292031,3.30315455929245e-37,"1374","time:activator100fM",13553,"ACCAGCUACUUUAUCAUUGU",0.35,TRUE,0,"NCR_1374",0,"good guide","random",-6.6,".......((((.........))))............................",".......((((.........))))........","ACAAUGAUAAAGUAGCUGGU",-30.7,0,0.85,0.3655,0.16795,0.75,0.75,"SS-DS",0.433333333333333,0.1,0.4,0.0666666666666667,"UUUG","U","U","CUGAUGUCGUAUACAGGGCU","GS2_2"
58.0393698893698,4.11990358935607,14.0875553591392,1.56793505656789e-35,"1375","time:activator100fM",14040,"AUGUCAGUACACCAACAAUA",0.35,TRUE,0,"NCR_1375",0,"good guide","random",-6.6,".......((((.........))))............................",".......((((.........))))........","UAUUGUUGGUGUACUGACAU",-30.8,0,0.15,0.0506,0.0844,0.25,0.15,"SS-DS",0.3,0.1,0.283333333333333,0.0666666666666667,"UAGA","U","U","ACAAUUCUGUGAUGCCAUGC","GS2_2"
38.0738095238096,3.48446638551112,10.9267260209843,6.86402629899108e-24,"1376","time:activator100fM",14486,"AUGUACAACACCUAGCUCUC",0.45,TRUE,0,"NCR_1376",0,"good guide","random",-6.6,".......((((.........))))............................",".......((((.........))))........","GAGAGCUAGGUGUUGUACAU",-35,0,0,0.13275,0.1533,0.1,0.05,"SS-DS",0.266666666666667,0.0666666666666667,0.316666666666667,0.05,"AAUC","A","A","CAUUUGUAGUUUCAACUGGA","GS2_2"
5.91153198653199,2.76485430800415,2.13809891154782,0.0332519182523748,"1383","time:activator100fM",18987,"CUAAUAAUGCAGCUUUAACA",0.3,TRUE,0,"NCR_1383",0,"good guide","random",-6.6,".......((((.........))))............................",".......((((.........))))........","UGUUAAAGCUGCAUUAUUAG",-27.6,0,0.4,0.15935,0.1136,0.35,0.3,"SS-DS",0.266666666666667,0.133333333333333,0.266666666666667,0.1,"CAGA","C","C","UGCGGCUUGUAGAAAGGUUC","GS2_2"
19.6954304954305,3.46288049764436,5.68758595880754,2.86682916244104e-08,"1384","time:activator100fM",19203,"UAGCAGGAUAUCUAUCGACA",0.4,TRUE,0,"NCR_1384",0,"good guide","random",-6.6,".......((((.........))))............................",".......((((.........))))........","UGUCGAUAGAUAUCCUGCUA",-33.5,0,0,0.19385,0.30655,0.35,0.15,"SS-DS",0.4,0.233333333333333,0.383333333333333,0.216666666666667,"AUUC","A","A","AGAUGGUGUAUGCCUAUUUU","GS2_2"
12.5325276575277,3.47131010777732,3.61031635561717,0.000353916022988646,"1385","time:activator100fM",20345,"UAAACCACCUAACUGACUAU",0.35,TRUE,0,"NCR_1385",0,"good guide","random",-6.6,".......((((.........))))............................",".......((((.........))))........","AUAGUCAGUUAGGUGGUUUA",-30.9,0,0,0.2094,0.21935,0.4,0.2,"SS-DS",0.366666666666667,0.0333333333333333,0.383333333333333,0.0166666666666667,"CAUC","C","C","UCGAACAUAUCGUUUAUGGA","GS2_2"
63.130327080327,5.31892075783394,11.8690106423086,3.0004024514574e-27,"1386","time:activator100fM",20974,"AUCAAAGUUGAAUCUGCAUC",0.35,TRUE,0,"NCR_1386",0,"good guide","random",-6.6,".......((((.........))))............................",".......((((.........))))........","GAUGCAGAUUCAACUUUGAU",-30.1,0,1,0.35425,0.3116,0.75,0.75,"SS-DS",0.3,0.233333333333333,0.366666666666667,0.15,"UGGU","U","U","GUCGAUUCAGAUCUUAAUGA","GS2_2"
50.749555074555,4.16889748395892,12.1733756394416,2.33758140674784e-28,"1387","time:activator100fM",21464,"AAGAAGAGAUAAAAUCAUAU",0.2,TRUE,0,"NCR_1387",0,"good guide","random",-6.6,".......((((.........))))............................",".......((((.........))))........","AUAUGAUUUUAUCUCUUCUU",-24.4,0,0.05,0.16445,0.13575,0.45,0.15,"SS-DS",0.233333333333333,0,0.283333333333333,0.0666666666666667,"AGUA","A","A","UUAUGUCUUUAAAAGAAGGU","GS2_2"
47.4023088023088,3.49427351569853,13.5657121829036,1.51567378320018e-33,"1388","time:activator100fM",21940,"AUUCACAGACUUUAAUAACA",0.25,TRUE,0,"NCR_1388",0,"good guide","random",-6.6,".......((((.........))))............................",".......((((.........))))........","UGUUAUUAAAGUCUGUGAAU",-26.1,0,0.5,0.3519,0.1418,0.15,0.25,"SS-DS",0.5,0.0333333333333333,0.45,0.1,"UUCA","U","U","CCUACUUAUUGUUAAUAACG","GS2_2"
4.68797498797499,3.19939825843987,1.46526771889318,0.143811656869451,"1395","time:activator100fM",25963,"ACUCCAGAUUCCCAUUUUUC",0.4,TRUE,0,"NCR_1395",0,"good guide","random",-6.6,".......((((.........))))............................",".......((((.........))))........","GAAAAAUGGGAAUCUGGAGU",-32.2,0,0,0.11505,0.1817,0.2,0.05,"SS-DS",0.366666666666667,0.0333333333333333,0.333333333333333,0.0666666666666667,"AAAA","A","A","GAACAUGACUACCAGAUUGG","GS2_2"
31.7487133237133,3.92106051016306,8.0969710213406,1.13473735587852e-14,"1396","time:activator100fM",26610,"UGUAGAAGACAAAUCCAUGU",0.35,TRUE,0,"NCR_1396",0,"good guide","random",-6.6,".......((((.........))))............................",".......((((.........))))........","ACAUGGAUUUGUCUUCUACA",-30.8,1,0,0.1811,0.13845,0.3,0,"DS",0.366666666666667,0.0666666666666667,0.383333333333333,0.0333333333333333,"AUUU","A","A","UGGAACCUAGUAAUAGGUUU","GS2_2"
13.1677248677249,3.17243986708892,4.15066176803778,4.23604306420594e-05,"1397","time:activator100fM",27689,"CGCAACAAUAAGAAAAAUUG",0.3,TRUE,0,"NCR_1397",0,"good guide","random",-6.6,".......((((.........))))............................",".......((((.........))))........","CAAUUUUUCUUAUUGUUGCG",-25.4,0,0,0.366,0.30085,0.5,0.15,"SS-DS",0.366666666666667,0.0666666666666667,0.3,0.0833333333333333,"GCAA","G","G","GACAAGAGGAAGUUCAAGAA","GS2_2"
15.8208633958634,3.70332106043479,4.27207448063009,2.54451148653722e-05,"1398","time:activator100fM",28062,"UCCACGCACAAUUCAAUUAA",0.35,TRUE,0,"NCR_1398",0,"good guide","random",-6.6,".......((((.........))))............................",".......((((.........))))........","UUAAUUGAAUUGUGCGUGGA",-29.7,0.45,0,0.2332,0.2815,0.25,0.1,"SS-DS",0.3,0,0.25,0.0166666666666667,"UGAG","U","U","AUUAGAGUAGGAGCUAGAAA","GS2_2"
47.1247234247234,0.798394497288871,59.0243589913834,4.26893609754962e-176,"1407","time:activator100fM",2431,"CAUGAGUAGGCCAGUUUCUUCUCUGGAU",0.464285714285714,FALSE,17,"NCR_1407",0.607142857142857,"noHairpin/17bp","28mer",-11.5,".......((((.........)))).......(((.(((.(((......))).))))))..",".......((((.........)))).......(","AUCCAGAGAAGAAACUGGCCUACUCAUG",-52.3,0,0.821428571428571,0.189321428571429,0.145857142857143,0.678571428571429,0.642857142857143,"SS-DS",0.233333333333333,0,0.25,0.0333333333333333,"CCUC","C","C","CUCAAAGGGAUUGUACAGAA","GS3"
43.4836219336218,0.692288230732601,62.8114418290863,3.43307213465667e-184,"1408","time:activator100fM",9085,"GCGUAAACUUUCAUAAGCAACAGAACCU",0.392857142857143,TRUE,4,"NCR_1408",0.142857142857143,"hasHairpin/4bp","28mer",-6.6,".......((((.........))))........((..............))..........",".......((((.........))))........","AGGUUCUGUUGCUUAUGAAAGUUUACGC",-46.2,0,0.571428571428571,0.175642857142857,0.0867857142857143,0.357142857142857,0.321428571428571,"SS-DS",0.266666666666667,0.0666666666666667,0.3,0.0666666666666667,"CCUG","C","C","ACCAUAUUGUUAUGAUACCA","GS3"
19.4264189514189,0.614495502133423,31.6136064201833,2.61041348965223e-101,"1409","time:activator100fM",12599,"UAGGUGAAUUGUCCAUACUAAUUUCACU",0.321428571428571,TRUE,12,"NCR_1409",0.428571428571429,"hasHairpin/12bp","28mer",-6.6,".......((((.........))))..........((((((..............))))))",".......((((.........))))........","AGUGAAAUUAGUAUGGACAAUUCACCUA",-43.9,0,0.178571428571429,0.286892857142857,0.183392857142857,0.571428571428571,0.392857142857143,"SS-DS",0.4,0,0.366666666666667,0.05,"AUUU","A","A","GUAGAUGCAGAUAGUAAAAU","GS3"
44.39234006734,0.43798675090545,101.35544049122,1.54358393533027e-248,"1410","time:activator100fM",21685,"UGAAUGUAAAACUGAGGAUCUGAAAACU",0.321428571428571,FALSE,8,"NCR_1410",0.285714285714286,"noHairpin/8bp","28mer",-6.6,"((((((.((((.........))))......((.....))........)).))))......","((((((.((((.........))))......((","AGUUUUCAGAUCCUCAGUUUUACAUUCA",-43.4,0,0.357142857142857,0.258142857142857,0.241107142857143,0.357142857142857,0.25,"SS-DS",0.466666666666667,0.333333333333333,0.416666666666667,0.35,"ACUC","A","A","UUUCACACGUGGUGUUUAUU","GS3"
28.0915704665704,0.376083864070867,74.6949634118762,3.97036221650806e-207,"1411","time:activator100fM",7719,"ACACUAUCAACGAUGUAAGAAGACUGGU",0.392857142857143,TRUE,0,"NCR_1411",0,"good guide","28mer",-7.5,".......((((.........))))....................................",".......((((.........))))........","ACCAGUCUUCUUACAUCGUUGAUAGUGU",-47.7,0,0.75,0.341178571428571,0.242928571428571,0.714285714285714,0.678571428571429,"SS-DS",0.333333333333333,0.2,0.3,0.15,"UACA","U","U","UACAGUUUAAAAGACCAAUA","GS3"
31.2868085618085,0.390263807858716,80.1683577410668,1.26629459310311e-216,"1412","time:activator100fM",9671,"UAUAAGCAAUUGUUAUCCAGAAAGGUAC",0.321428571428571,FALSE,9,"NCR_1412",0.321428571428571,"noHairpin/9bp","28mer",-6.6,"...(((.((((.........))))............(((....))).........)))..","...(((.((((.........))))........","GUACCUUUCUGGAUAACAAUUGCUUAUA",-43.3,0,1,0.185607142857143,0.232928571428571,0.464285714285714,0.5,"SS-DS",0.466666666666667,0.233333333333333,0.433333333333333,0.266666666666667,"UCAU","U","U","AUUCAGUGGAUGGUUAUGUU","GS3"
38.7834656084655,0.671656628648648,57.7429953851519,2.93274159714058e-173,"1413","time:activator100fM",23198,"ACUCAGUAAGAACACCUGUGCCUGUUAA",0.428571428571429,FALSE,13,"NCR_1413",0.464285714285714,"noHairpin/13bp","28mer",-10.6,".......((((.........)))).....(((((.(((.........))).)..))))..",".......((((.........)))).....(((","UUAACAGGCACAGGUGUUCUUACUGAGU",-50.2,0,0.535714285714286,0.176357142857143,0.189964285714286,0.25,0.178571428571429,"SS-DS",0.3,0.0333333333333333,0.316666666666667,0.05,"CUAA","C","C","AACAAAUGUGUCAAUUUCAA","GS3"
34.5379148629148,0.51352716900678,67.2562562360918,3.52597629925392e-193,"1414","time:activator100fM",20838,"AUGUAUAACUCUCAUAUUAUAGGGUACA",0.285714285714286,TRUE,10,"NCR_1414",0.357142857142857,"hasHairpin/10bp","28mer",-10.3,".......((((.........))))...............(((((........)))))...",".......((((.........))))........","UGUACCCUAUAAUAUGAGAGUUAUACAU",-42.8,0,0.75,0.294321428571429,0.235321428571429,0.642857142857143,0.642857142857143,"SS-DS",0.366666666666667,0.233333333333333,0.35,0.166666666666667,"UUUG","U","U","GUGUCAAUAUUUAAACACAU","GS3"
48.9164021164021,0.684403573788111,71.4730372397886,3.04207086112106e-201,"1415","time:activator100fM",20092,"AUGUGACUCCAUUAAGACUAGCUUGUUU",0.357142857142857,FALSE,14,"NCR_1415",0.5,"noHairpin/14bp","28mer",-7.3,".......((((.........))))....(((((.((...((......))...)).)))))",".......((((.........))))....((((","AAACAAGCUAGUCUUAAUGGAGUCACAU",-45.8,0,0.928571428571429,0.192571428571429,0.281392857142857,0.571428571428571,0.535714285714286,"SS-DS",0.2,0.0666666666666667,0.25,0.1,"UAAU","U","U","GUUAAAGGUUUACAACCAUC","GS3"
47.1742063492063,1.30684398087746,36.0978104804307,6.34205469015892e-116,"1416","time:activator100fM",23206,"UUUGUUAGACUCAGUAAGAACACCUGUG",0.392857142857143,TRUE,0,"NCR_1416",0,"good guide","28mer",-6.6,".......((((.........))))....................................",".......((((.........))))........","CACAGGUGUUCUUACUGAGUCUAACAAA",-47.3,0,0.821428571428571,0.258285714285714,0.116428571428571,0.25,0.392857142857143,"SS-DS",0.333333333333333,0.0333333333333333,0.35,0.0333333333333333,"AAGU","A","A","UGUCAAUUUCAACUUCAAUG","GS3"
49.4868326118326,0.855133789093427,57.8702809349823,1.52458508266402e-173,"1417","time:activator100fM",10691,"GAUUGAGAAACCACCUGUCUCCAUUUAU",0.392857142857143,FALSE,11,"NCR_1417",0.392857142857143,"noHairpin/11bp","28mer",-6.6,"...............(((((((((((......................)))))).)))))","...............(((((((((((......","AUAAAUGGAGACAGGUGGUUUCUCAAUC",-47.7,0.714285714285714,0,0.258607142857143,0.170357142857143,0.428571428571429,0.214285714285714,"SS-DS",0.333333333333333,0.0333333333333333,0.4,0.05,"GAUU","G","G","AAUGUUUUAGCUUGGUUGUA","GS3"
37.6662578162578,0.686248428523349,54.8872044739061,9.56157188244954e-167,"1418","time:activator100fM",9955,"AUUGAGAGCCUUUGCGAGAUGACAACAA",0.428571428571429,FALSE,11,"NCR_1418",0.392857142857143,"noHairpin/11bp","28mer",-6.8,".......((((.........)))).......((((....((....))..)))).......",".......((((.........)))).......(","UUGUUGUCAUCUCGCAAAGGCUCUCAAU",-49.5,0,1,0.246607142857143,0.226821428571429,0.392857142857143,0.464285714285714,"SS-DS",0.4,0.1,0.283333333333333,0.1,"GACU","G","G","AAUGGAUACAACUAGCUACA","GS3"
55.0239177489177,0.471554465615633,116.686240426292,6.04250224618879e-268,"592","time:activator100fM",25709,"GACUAAAGCAUAAAGAUAGA",0.3,TRUE,0,"NCR_592",0,"good guide","good",-6.6,".......((((.........))))............................",".......((((.........))))........","UCUAUCUUUAUGCUUUAGUC",-28.4,0.6,1,0.3321,0.2924,0.7,0.8,"SS-DS",0.366666666666667,0.166666666666667,0.366666666666667,0.116666666666667,"UACU","U","U","UCGUUGCUGCUGGCCUUGAA","GS3"
21.4642135642135,0.277284027143922,77.4087630841884,6.53301923230312e-212,"593","time:activator100fM",25715,"GAAGUAGACUAAAGCAUAAA",0.3,TRUE,0,"NCR_593",0,"good guide","good",-6.6,".......((((.........))))............................",".......((((.........))))........","UUUAUGCUUUAGUCUACUUC",-28.1,0.9,0.85,0.3339,0.33735,0.45,0.6,"SS-DS",0.333333333333333,0.266666666666667,0.35,0.15,"UUGC","U","U","CUGCUGGCCUUGAAGCCCCU","GS3"
8.65555555555554,0.436582225382539,19.8257167890228,5.98283028599444e-58,"598","time:activator100fM",29072,"GCUUGUGUUACAUUGUAUGC",0.4,TRUE,0,"NCR_598",0,"good guide","good",-6.6,".......((((.........))))............................",".......((((.........))))........","GCAUACAAUGUAACACAAGC",-31.6,1,0.75,0.50025,0.43125,0.8,0.75,"SS-DS",0.166666666666667,0,0.15,0,"UUUC","U","U","AAGCCUCGGCAAAAACGUAC","GS3"
12.8625541125541,0.359568349982214,35.7722088531718,6.71854604674421e-115,"599","time:activator100fM",29270,"AAUUUGAUGGCACCUGUGUA",0.4,TRUE,0,"NCR_599",0,"good guide","good",-6.6,".......((((.........))))............................",".......((((.........))))........","UACACAGGUGCCAUCAAAUU",-32.7,0.05,0,0.30285,0.3449,0.4,0.15,"SS-DS",0.2,0.0666666666666667,0.2,0.1,"GGAU","G","G","GAAGUCACACCUUCGGGAAC","GS3"
28.1121933621934,0.452103472911824,62.1808834626587,7.15252910353679e-183,"1393","time:activator100fM",24839,"CCAUUUGAAACAAAGACACC",0.4,TRUE,0,"NCR_1393",0,"good guide","random",-6.6,".......((((.........))))............................",".......((((.........))))........","GGUGUCUUUGUUUCAAAUGG",-30.9,0,0,0.0644,0.06935,0.1,0,"DS",0.266666666666667,0.0333333333333333,0.25,0.0666666666666667,"CACA","C","C","CAUGAUGGAAAAGCACACUU","GS3"
48.2035834535834,0.819003515763462,58.8563815976404,9.98402893015593e-176,"1394","time:activator100fM",25763,"GCAAAGCCAAAGCCUCAUUA",0.45,TRUE,0,"NCR_1394",0,"good guide","random",-6.6,".......((((.........))))............................",".......((((.........))))........","UAAUGAGGCUUUGGCUUUGC",-34.1,0.05,0,0.086,0.1255,0.3,0,"DS",0.266666666666667,0.0333333333333333,0.3,0.05,"UGGA","U","U","UCUUGCAGAGUAUAAACUUU","GS3"
43.3830808080808,2.06035278782976,21.0561419696369,9.52702416440248e-63,"1399","time:activator100fM",28900,"CACCGCCAUUGCCAGCCAUU",0.6,TRUE,0,"NCR_1399",0,"good guide","random",-6.6,".......((((.........))))............................",".......((((.........))))........","AAUGGCUGGCAAUGGCGGUG",-40,0,0,0.15415,0.17415,0.3,0.1,"SS-DS",0.4,0.0333333333333333,0.3,0.0333333333333333,"AUGC","A","A","AGGCAGCAGUAGGGGAACUU","GS3"
54.7815836940837,1.8251534889538,30.0147817844543,3.75837870616569e-88,"1400","time:activator100fM",29465,"GAGAAAUCAUCCAAAUCUGC",0.4,TRUE,0,"NCR_1400",0,"good guide","random",-6.6,".......((((.........))))............................",".......((((.........))))........","GCAGAUUUGGAUGAUUUCUC",-32,0.5,0,0.26345,0.0882,0.3,0.05,"SS-DS",0.166666666666667,0,0.233333333333333,0.05,"CAAA","C","C","AAACAGCAAACUGUGACUCU","GS3"
