value_type,name,name,name,name,name,name,name,name,name,name,name,name,name,name,name,name,name,name,name,name,name,name,name,name
column,1,2,3,4,5,6,7,8,9,10,11,12,13,14,15,16,17,18,19,20,21,22,23,24
A,No Protein,No Protein,NCR_504 No activator,,NCR_504 250 fM pooled gBlocks,,NCR_564 No activator,,NCR_564 250 fM pooled gBlocks,,NCR_1629 No activator,,NCR_1629 250 fM pooled gBlocks,,NCR_1630 No activator,,NCR_1630 250 fM pooled gBlocks,,NCR_1631 No activator,,NCR_1631 250 fM pooled gBlocks,,,
B,No Protein,No Protein,NCR_504 No activator,,NCR_504 250 fM pooled gBlocks,,NCR_564 No activator,,NCR_564 250 fM pooled gBlocks,,NCR_1629 No activator,,NCR_1629 250 fM pooled gBlocks,,NCR_1630 No activator,,NCR_1630 250 fM pooled gBlocks,,NCR_1631 No activator,,NCR_1631 250 fM pooled gBlocks,,,
C,NCR_1632 No activator,,NCR_1632 250 fM pooled gBlocks,,NCR_1633 No activator,,NCR_1633 250 fM pooled gBlocks,,NCR_1634 No activator,,NCR_1634 250 fM pooled gBlocks,,NCR_1635 No activator,,NCR_1635 250 fM pooled gBlocks,,NCR_1636 No activator,,NCR_1636 250 fM pooled gBlocks,,NCR_1637 No activator,,NCR_1637 250 fM pooled gBlocks,
D,NCR_1632 No activator,,NCR_1632 250 fM pooled gBlocks,,NCR_1633 No activator,,NCR_1633 250 fM pooled gBlocks,,NCR_1634 No activator,,NCR_1634 250 fM pooled gBlocks,,NCR_1635 No activator,,NCR_1635 250 fM pooled gBlocks,,NCR_1636 No activator,,NCR_1636 250 fM pooled gBlocks,,NCR_1637 No activator,,NCR_1637 250 fM pooled gBlocks,
E,NCR_1638 No activator,,NCR_1638 250 fM pooled gBlocks,,NCR_1639 No activator,,NCR_1639 250 fM pooled gBlocks,,NCR_1640 No activator,,NCR_1640 250 fM pooled gBlocks,,NCR_1641 No activator,,NCR_1641 250 fM pooled gBlocks,,NCR_1642 No activator,,NCR_1642 250 fM pooled gBlocks,,NCR_1643 No activator,,NCR_1643 250 fM pooled gBlocks,
F,NCR_1638 No activator,,NCR_1638 250 fM pooled gBlocks,,NCR_1639 No activator,,NCR_1639 250 fM pooled gBlocks,,NCR_1640 No activator,,NCR_1640 250 fM pooled gBlocks,,NCR_1641 No activator,,NCR_1641 250 fM pooled gBlocks,,NCR_1642 No activator,,NCR_1642 250 fM pooled gBlocks,,NCR_1643 No activator,,NCR_1643 250 fM pooled gBlocks,
G,NCR_1644 No activator,,NCR_1644 250 fM pooled gBlocks,,NCR_1645 No activator,,NCR_1645 250 fM pooled gBlocks,,NCR_1646 No activator,,NCR_1646 250 fM pooled gBlocks,,,,,,,,,,,,,
H,NCR_1644 No activator,,NCR_1644 250 fM pooled gBlocks,,NCR_1645 No activator,,NCR_1645 250 fM pooled gBlocks,,NCR_1646 No activator,,NCR_1646 250 fM pooled gBlocks,,,,,,,,,,,,,
I,,,,,,,,,,,,,,,,,,,,,,,,
J,,,,,,,,,,,,,,,,,,,,,,,,
K,,,,,,,,,,,,,,,,,,,,,,,,
L,,,,,,,,,,,,,,,,,,,,,,,,
M,,,,,,,,,,,,,,,,,,,,,,,,
N,,,,,,,,,,,,,,,,,,,,,,,,
O,,,,,,,,,,,,,,,,,,,,,,,,
P,,,,,,,,,,,,,,,,,,,,,,,,