"","target","spacer","start","antitag","target_basepairing_prob","match_against_bosTau9","gene","protein","viral_genome_5prime","viral_genome_3prime","IVT_window"
"1","TGGAAAAGTTATGTGCATGT","ACAUGCACAUAACUUUUCCA",7445,"TGTA",0.633,0,"Orf1ab","pp1ab, pp1a, nsp3","TTGCATCATTTTATTATGTA","TGTAGACGGTTGTAATTCAT","TTGCATCATTTTATTATGTATGGAAAAGTTATGTGCATGTTGTAGACGGTTGTAATTCAT"
"2","GGAAAAGTTATGTGCATGTT","AACAUGCACAUAACUUUUCC",7446,"GTAG",0.628,0,"Orf1ab","pp1ab, pp1a, nsp3","TGCATCATTTTATTATGTAT","GTAGACGGTTGTAATTCATC","TGCATCATTTTATTATGTATGGAAAAGTTATGTGCATGTTGTAGACGGTTGTAATTCATC"
"3","GAAAAGTTATGTGCATGTTG","CAACAUGCACAUAACUUUUC",7447,"TAGA",0.6,0,"Orf1ab","pp1ab, pp1a, nsp3","GCATCATTTTATTATGTATG","TAGACGGTTGTAATTCATCA","GCATCATTTTATTATGTATGGAAAAGTTATGTGCATGTTGTAGACGGTTGTAATTCATCA"
"4","TGCAGATAGTAAAATTGTTC","GAACAAUUUUACUAUCUGCA",12574,"AACT",0.801,1,"Orf1ab","pp1ab, pp1a, nsp8","GAAATCCAACAGGTTGTAGA","AACTTAGTGAAATTAGTATG","GAAATCCAACAGGTTGTAGATGCAGATAGTAAAATTGTTCAACTTAGTGAAATTAGTATG"
"5","GCAGATAGTAAAATTGTTCA","UGAACAAUUUUACUAUCUGC",12575,"ACTT",0.8005,1,"Orf1ab","pp1ab, pp1a, nsp8","AAATCCAACAGGTTGTAGAT","ACTTAGTGAAATTAGTATGG","AAATCCAACAGGTTGTAGATGCAGATAGTAAAATTGTTCAACTTAGTGAAATTAGTATGG"
"6","ATTACAGAATAATGAGCTTA","UAAGCUCAUUAUUCUGUAAU",12679,"GTCC",0.564,0,"Orf1ab","pp1ab, pp1a, nsp8","AGGGCCAATTCTGCTGTCAA","GTCCTGTTGCACTACGACAG","AGGGCCAATTCTGCTGTCAAATTACAGAATAATGAGCTTAGTCCTGTTGCACTACGACAG"
"7","TTACAGAATAATGAGCTTAG","CUAAGCUCAUUAUUCUGUAA",12680,"TCCT",0.5985,0,"Orf1ab","pp1ab, pp1a, nsp8","GGGCCAATTCTGCTGTCAAA","TCCTGTTGCACTACGACAGA","GGGCCAATTCTGCTGTCAAATTACAGAATAATGAGCTTAGTCCTGTTGCACTACGACAGA"
"8","GAATAATGAGCTTAGTCCTG","CAGGACUAAGCUCAUUAUUC",12685,"TTGC",0.6025,0,"Orf1ab","pp1ab, pp1a, nsp8, nsp9","AATTCTGCTGTCAAATTACA","TTGCACTACGACAGATGTCT","AATTCTGCTGTCAAATTACAGAATAATGAGCTTAGTCCTGTTGCACTACGACAGATGTCT"
"9","AATAATGAGCTTAGTCCTGT","ACAGGACUAAGCUCAUUAUU",12686,"TGCA",0.6035,0,"Orf1ab","pp1ab, pp1am nsp9","ATTCTGCTGTCAAATTACAG","TGCACTACGACAGATGTCTT","ATTCTGCTGTCAAATTACAGAATAATGAGCTTAGTCCTGTTGCACTACGACAGATGTCTT"
"10","ATAATGAGCTTAGTCCTGTT","AACAGGACUAAGCUCAUUAU",12687,"GCAC",0.5855,1,"Orf1ab","pp1ab, pp1am nsp9","TTCTGCTGTCAAATTACAGA","GCACTACGACAGATGTCTTG","TTCTGCTGTCAAATTACAGAATAATGAGCTTAGTCCTGTTGCACTACGACAGATGTCTTG"
"11","AATGAGCTTAGTCCTGTTGC","GCAACAGGACUAAGCUCAUU",12689,"ACTA",0.576,0,"Orf1ab","pp1ab, pp1am nsp9","CTGCTGTCAAATTACAGAAT","ACTACGACAGATGTCTTGTG","CTGCTGTCAAATTACAGAATAATGAGCTTAGTCCTGTTGCACTACGACAGATGTCTTGTG"
"12","GTGCATCGTGTTGTCTGTAC","GUACAGACAACACGAUGCAC",13233,"TGCC",0.5935,1,"Orf1ab","pp1ab, pp1a, nsp10","GGATCAAGAATCCTTTGGTG","TGCCGTTGCCACATAGATCA","GGATCAAGAATCCTTTGGTGGTGCATCGTGTTGTCTGTACTGCCGTTGCCACATAGATCA"
"13","TGCATCGTGTTGTCTGTACT","AGUACAGACAACACGAUGCA",13234,"GCCG",0.575,0,"Orf1ab","pp1ab, pp1a, nsp10","GATCAAGAATCCTTTGGTGG","GCCGTTGCCACATAGATCAT","GATCAAGAATCCTTTGGTGGTGCATCGTGTTGTCTGTACTGCCGTTGCCACATAGATCAT"
"14","GCATCGTGTTGTCTGTACTG","CAGUACAGACAACACGAUGC",13235,"CCGT",0.574,0,"Orf1ab","pp1ab, pp1a, nsp10","ATCAAGAATCCTTTGGTGGT","CCGTTGCCACATAGATCATC","ATCAAGAATCCTTTGGTGGTGCATCGTGTTGTCTGTACTGCCGTTGCCACATAGATCATC"
"15","ATTCATTGTTAATGCCTATA","UAUAGGCAUUAACAAUGAAU",14153,"TTAA",0.521,0,"Orf1ab","pp1ab, Pol","TCCTGTTGTAGATTCTTATT","TTAACCTTGACCAGGGCTTT","TCCTGTTGTAGATTCTTATTATTCATTGTTAATGCCTATATTAACCTTGACCAGGGCTTT"
"16","AGACTTCATTAAGATGTGGT","ACCACAUCUUAAUGAAGUCU",16268,"GCTT",0.676,0,"Orf1ab","pp1ab, Hel","TTGTGTTCTTTGCAATTCAC","GCTTGCATACGTAGACCATT","TTGTGTTCTTTGCAATTCACAGACTTCATTAAGATGTGGTGCTTGCATACGTAGACCATT"
"17","GATGAACTGAAGATTAATGC","GCAUUAAUCUUCAGUUCAUC",18940,"GGCT",0.555,0,"Orf1ab","pp1ab, ExoN","TTGAATATCCTATAATTGGT","GGCTTGTAGAAAGGTTCAAC","TTGAATATCCTATAATTGGTGATGAACTGAAGATTAATGCGGCTTGTAGAAAGGTTCAAC"
"18","TTGCCTACACTATGTCACTT","AAGUGACAUAGUGUAGGCAA",23640,"GGTG",0.668,0," ","S glycoprotein, Spike protein S2","TGTAGCTAGTCAATCCATCA","GGTGCAGAAAATTCAGTTGC","TGTAGCTAGTCAATCCATCATTGCCTACACTATGTCACTTGGTGCAGAAAATTCAGTTGC"
"19","TGCCTACACTATGTCACTTG","CAAGUGACAUAGUGUAGGCA",23641,"GTGC",0.678,0," ","S glycoprotein, Spike protein S2","GTAGCTAGTCAATCCATCAT","GTGCAGAAAATTCAGTTGCT","GTAGCTAGTCAATCCATCATTGCCTACACTATGTCACTTGGTGCAGAAAATTCAGTTGCT"
"20","GCCTACACTATGTCACTTGG","CCAAGUGACAUAGUGUAGGC",23642,"TGCA",0.6695,0," ","S glycoprotein, Spike protein S2","TAGCTAGTCAATCCATCATT","TGCAGAAAATTCAGTTGCTT","TAGCTAGTCAATCCATCATTGCCTACACTATGTCACTTGGTGCAGAAAATTCAGTTGCTT"
