,start,target,spacer,strand,antitag,GC_content,A_content,dist_to_3primeEnd,covid19_mismatch_0,covid19_mismatch_1,covid19_mismatch_2,sensitivity_0,sensitivity_01,has_crRNA_hairpin,crRNA_spacer_basepairs,target_basepairing_prob,specificity,match_against_hg38,match_against_bosTau9,region
8597,8597,CTTGTGTTCCTTTTTGTTGC,GCAACAAAAAGGAACACAAG,+,UGCU,0.4,0.6,21306,5613,12,3,0.997334755,0.999466951,TRUE,0,0.4885,1,17,5,1
8598,8598,TTGTGTTCCTTTTTGTTGCT,AGCAACAAAAAGGAACACAA,+,GCUA,0.35,0.65,21305,5613,12,3,0.997334755,0.999466951,TRUE,0,0.5125,1,10,6,1
8599,8599,TGTGTTCCTTTTTGTTGCTG,CAGCAACAAAAAGGAACACA,+,CUAU,0.4,0.6,21304,5613,12,3,0.997334755,0.999466951,TRUE,0,0.529,1,12,12,1
8600,8600,GTGTTCCTTTTTGTTGCTGC,GCAGCAACAAAAAGGAACAC,+,UAUU,0.45,0.55,21303,5617,8,3,0.998045487,0.999466951,TRUE,0,0.544,1,1,5,1
8601,8601,TGTTCCTTTTTGTTGCTGCT,AGCAGCAACAAAAAGGAACA,+,AUUU,0.4,0.6,21302,5617,8,3,0.998045487,0.999466951,TRUE,0,0.558,1,2,5,1
8849,8849,GTGGGTTTTGTCGTGCCTGG,CCAGGCACGACAAAACCCAC,+,UUUG,0.6,0.4,21054,5622,2,4,0.998933902,0.999289268,TRUE,0,0.8175,1,4,0,2
8850,8850,TGGGTTTTGTCGTGCCTGGT,ACCAGGCACGACAAAACCCA,+,UUGC,0.55,0.45,21053,5622,2,4,0.998933902,0.999289268,TRUE,0,0.776,1,8,0,2
8851,8851,GGGTTTTGTCGTGCCTGGTT,AACCAGGCACGACAAAACCC,+,UGCC,0.55,0.45,21052,5621,3,4,0.998756219,0.999289268,TRUE,0,0.732,1,2,0,2
8852,8852,GGTTTTGTCGTGCCTGGTTT,AAACCAGGCACGACAAAACC,+,GCCU,0.5,0.5,21051,5622,2,4,0.998933902,0.999289268,TRUE,0,0.689,1,2,0,2
8854,8854,TTTTGTCGTGCCTGGTTTGC,GCAAACCAGGCACGACAAAA,+,CUGG,0.5,0.5,21049,5621,2,5,0.998756219,0.999111585,TRUE,4,0.673,1,0,0,2
8856,8856,TTGTCGTGCCTGGTTTGCCT,AGGCAAACCAGGCACGACAA,+,GGCA,0.55,0.45,21047,5620,3,5,0.998578536,0.999111585,TRUE,4,0.663,1,0,0,2
11063,11063,TGGTCTTTGTTCTTTTTTTT,AAAAAAAAGAACAAAGACCA,+,GUAU,0.25,0.75,18840,5566,56,6,0.988983653,0.998933902,TRUE,0,0.371,1,50,46,3
11064,11064,GGTCTTTGTTCTTTTTTTTG,CAAAAAAAAGAACAAAGACC,+,UAUG,0.3,0.7,18839,4671,930,27,0.829957356,0.995202559,TRUE,0,0.382,1,50,1,3
11065,11065,GTCTTTGTTCTTTTTTTTGT,ACAAAAAAAAGAACAAAGAC,+,AUGA,0.25,0.75,18838,4671,930,27,0.829957356,0.995202559,TRUE,0,0.3605,1,50,11,3
11168,11168,TTTCTCTGTTTGTTTTTGTT,AACAAAAACAAACAGAGAAA,+,ACCU,0.25,0.75,18735,5622,4,2,0.998933902,0.999644634,TRUE,0,0.527,1,50,27,4
16236,16236,GGCTGTTGGGGCTTGTGTTC,GAACACAAGCCCCAACAGCC,+,UUUG,0.6,0.4,13667,5625,2,1,0.999466951,0.999822317,TRUE,0,0.7425,1,0,1,5
16237,16237,GCTGTTGGGGCTTGTGTTCT,AGAACACAAGCCCCAACAGC,+,UUGC,0.55,0.45,13666,5625,2,1,0.999466951,0.999822317,TRUE,0,0.6965,1,0,1,5
16238,16238,CTGTTGGGGCTTGTGTTCTT,AAGAACACAAGCCCCAACAG,+,UGCA,0.5,0.5,13665,5625,2,1,0.999466951,0.999822317,TRUE,0,0.65,1,3,0,5
16239,16239,TGTTGGGGCTTGTGTTCTTT,AAAGAACACAAGCCCCAACA,+,GCAA,0.45,0.55,13664,5625,2,1,0.999466951,0.999822317,TRUE,0,0.604,1,0,0,5
16240,16240,GTTGGGGCTTGTGTTCTTTG,CAAAGAACACAAGCCCCAAC,+,CAAU,0.5,0.5,13663,5625,2,1,0.999466951,0.999822317,TRUE,0,0.573,1,0,2,5
16241,16241,TTGGGGCTTGTGTTCTTTGC,GCAAAGAACACAAGCCCCAA,+,AAUU,0.5,0.5,13662,5615,12,1,0.997690121,0.999822317,TRUE,0,0.5465,1,0,0,5
25671,25671,CCTTTTGCTCGTTGCTGCTG,CAGCAGCAACGAGCAAAAGG,+,GCCU,0.55,0.45,4232,5557,64,7,0.987384506,0.998756219,TRUE,4,0.523,1,4,0,6
25672,25672,CTTTTGCTCGTTGCTGCTGG,CCAGCAGCAACGAGCAAAAG,+,CCUU,0.55,0.45,4231,5558,64,6,0.987562189,0.998933902,TRUE,4,0.5435,1,0,0,6
25673,25673,TTTTGCTCGTTGCTGCTGGC,GCCAGCAGCAACGAGCAAAA,+,CUUG,0.55,0.45,4230,5559,63,6,0.987739872,0.998933902,TRUE,4,0.5295,1,0,0,6
25674,25674,TTTGCTCGTTGCTGCTGGCC,GGCCAGCAGCAACGAGCAAA,+,UUGA,0.6,0.4,4229,5558,64,6,0.987562189,0.998933902,TRUE,4,0.52,1,0,0,6
25675,25675,TTGCTCGTTGCTGCTGGCCT,AGGCCAGCAGCAACGAGCAA,+,UGAA,0.6,0.4,4228,5558,63,7,0.987562189,0.998756219,TRUE,4,0.52,1,0,0,6
25676,25676,TGCTCGTTGCTGCTGGCCTT,AAGGCCAGCAGCAACGAGCA,+,GAAG,0.6,0.4,4227,5558,63,7,0.987562189,0.998756219,TRUE,4,0.5345,1,0,0,6
25677,25677,GCTCGTTGCTGCTGGCCTTG,CAAGGCCAGCAGCAACGAGC,+,AAGC,0.65,0.35,4226,5557,64,7,0.987384506,0.998756219,TRUE,4,0.558,1,0,0,6
28923,28923,CTGCTCTTGCTTTGCTGCTG,CAGCAGCAAAGCAAGAGCAG,+,CUUG,0.55,0.45,980,5620,7,1,0.998578536,0.999822317,TRUE,4,0.663,1,22,24,7
28925,28925,GCTCTTGCTTTGCTGCTGCT,AGCAGCAGCAAAGCAAGAGC,+,UGAC,0.55,0.45,978,5625,2,1,0.999466951,0.999822317,TRUE,4,0.651,1,8,1,7
28926,28926,CTCTTGCTTTGCTGCTGCTT,AAGCAGCAGCAAAGCAAGAG,+,GACA,0.5,0.5,977,5625,2,1,0.999466951,0.999822317,TRUE,4,0.653,1,3,7,7
28927,28927,TCTTGCTTTGCTGCTGCTTG,CAAGCAGCAGCAAAGCAAGA,+,ACAG,0.5,0.5,976,5625,2,1,0.999466951,0.999822317,TRUE,4,0.6465,1,0,0,7