start	target	spacer	strand	antitag	GC_content	A_content	dist_to_3primeEnd	covid19_mismatch_0	covid19_mismatch_1	covid19_mismatch_2	sensitivity_0	sensitivity_01	has_crRNA_hairpin	crRNA_spacer_basepairs	target_basepairing_prob	specificity	match_against_hg38	match_against_bosTau9	no_offtarget_vir	no_offtarget_bac	shape_map	dms_map	gblock	region	new_hairpin	guide sequence	NCR id
366	CCGTGGAGGAGGTCTTATCA	UGAUAAGACCUCCUCCACGG	+	GAGG	0.55	0.25	29537	5586	22	20	0.99253731	0.99644634	TRUE	0	0.549	1	0	0	TRUE	TRUE	FALSE	FALSE	gblock1	1	TRUE	uagaccaccccaaaaaugaaggggacuaaaacUGAUAAGACCUCCUCCACGG	NCR_504
510	GTCATGTTATGGTTGAGCTG	CAGCUCAACCAUAACAUGAC	+	GUAG	0.45	0.4	29393	5586	22	20	0.99253731	0.99644634	TRUE	0	0.5495	1	0	0	FALSE	TRUE	TRUE	TRUE	gblock1	2	TRUE	uagaccaccccaaaaaugaaggggacuaaaacCAGCUCAACCAUAACAUGAC	NCR_505
1381	ATGTCACAATTCAGAAGTAG	CUACUUCUGAAUUGUGACAU	+	GACC	0.35	0.25	28522	5528	98	2	0.9822317	0.99964463	TRUE	0	0.5795	1	0	0	TRUE	TRUE	FALSE	TRUE	gblock1	4	TRUE	uagaccaccccaaaaaugaaggggacuaaaacCUACUUCUGAAUUGUGACAU	NCR_506
1495	GTTCTCTTATGTTGGTTGCC	GGCAACCAACAUAAGAGAAC	+	AUAA	0.45	0.5	28408	5623	2	3	0.99911159	0.99946695	TRUE	0	0.762	1	0	1	TRUE	TRUE	FALSE	FALSE	gblock1	5	TRUE	uagaccaccccaaaaaugaaggggacuaaaacGGCAACCAACAUAAGAGAAC	NCR_507
1545	CTAGCGCTAACATAGGTTGT	ACAACCUAUGUUAGCGCUAG	+	AACC	0.45	0.3	28358	5617	8	3	0.99804549	0.99946695	TRUE	0	0.6885	1	0	0	TRUE	TRUE	FALSE	FALSE	gblock1	6	TRUE	uagaccaccccaaaaaugaaggggacuaaaacACAACCUAUGUUAGCGCUAG	NCR_508
2439	AAGAAACTGGCCTACTCATG	CAUGAGUAGGCCAGUUUCUU	+	CCUC	0.45	0.2	27464	5508	20	100	0.97867804	0.9822317	TRUE	0	0.3395	1	0	0	FALSE	FALSE	TRUE	TRUE	gblock1	8	TRUE	uagaccaccccaaaaaugaaggggacuaaaacCAUGAGUAGGCCAGUUUCUU	NCR_509
2614	TTGTATTAACGGGCTTATGT	ACAUAAGCCCGUUAAUACAA	+	UGCU	0.35	0.45	27289	5543	8	77	0.98489694	0.98631841	TRUE	0	0.4695	1	0	0	TRUE	TRUE	FALSE	FALSE	gblock1	9	TRUE	uagaccaccccaaaaaugaaggggacuaaaacACAUAAGCCCGUUAAUACAA	NCR_510
2626	GCTTATGTTGCTCGAAATCA	UGAUUUCGAGCAACAUAAGC	+	AAGA	0.4	0.35	27277	5549	9	70	0.98596304	0.98756219	TRUE	0	0.3885	1	0	0	TRUE	TRUE	FALSE	FALSE	gblock1	9	TRUE	uagaccaccccaaaaaugaaggggacuaaaacUGAUUUCGAGCAACAUAAGC	NCR_511
2866	AGTAAATGAGTTCGCCTGTG	CACAGGCGAACUCAUUUACU	+	UUGU	0.45	0.3	27037	5622	3	3	0.9989339	0.99946695	TRUE	0	0.765	1	0	0	TRUE	TRUE	FALSE	FALSE	gblock1	10	TRUE	uagaccaccccaaaaaugaaggggacuaaaacCACAGGCGAACUCAUUUACU	NCR_512
3565	TGGTAGTTGTGTTTTAAGCG	CGCUUAAAACACAACUACCA	+	GACA	0.4	0.45	26338	5622	2	4	0.9989339	0.99928927	TRUE	0	0.74	1	0	0	TRUE	TRUE	FALSE	FALSE	gblock1	11	TRUE	uagaccaccccaaaaaugaaggggacuaaaacCGCUUAAAACACAACUACCA	NCR_513
3777	CAAATGTCTACTTAGCTGTC	GACAGCUAAGUAGACAUUUG	+	UUUG	0.4	0.35	26126	5598	18	12	0.99466951	0.9978678	TRUE	0	0.489	1	0	0	FALSE	TRUE	FALSE	TRUE	gblock1	12	TRUE	uagaccaccccaaaaaugaaggggacuaaaacGACAGCUAAGUAGACAUUUG	NCR_514
4423	CAAATTAATGCCTGTCTGTG	CACAGACAGGCAUUAAUUUG	+	UGGA	0.4	0.35	25480	5617	3	8	0.99804549	0.99857854	TRUE	0	0.6095	1	0	0	TRUE	TRUE	FALSE	FALSE	gblock1	13	TRUE	uagaccaccccaaaaaugaaggggacuaaaacCACAGACAGGCAUUAAUUUG	NCR_515
5143	TCTACGTGTTGAGGCTTTTG	CAAAAGCCUCAACACGUAGA	+	AGUA	0.45	0.45	24760	5618	5	5	0.99822317	0.99911159	TRUE	0	0.447	1	0	0	TRUE	TRUE	FALSE	FALSE	gblock2	16	TRUE	uagaccaccccaaaaaugaaggggacuaaaacCAAAAGCCUCAACACGUAGA	NCR_516
5461	GAGTTACTTGTTTCAACATG	CAUGUUGAAACAAGUAACUC	+	CCAA	0.35	0.4	24442	5605	11	12	0.99591329	0.9978678	TRUE	0	0.6315	1	0	0	TRUE	TRUE	FALSE	FALSE	gblock2	17	TRUE	uagaccaccccaaaaaugaaggggacuaaaacCAUGUUGAAACAAGUAACUC	NCR_517
6030	ACGCAAGCTTCGATAATTTT	AAAAUUAUCGAAGCUUGCGU	+	AAGU	0.35	0.35	23873	5609	12	7	0.99662402	0.99875622	TRUE	0	0.5565	1	0	0	TRUE	TRUE	TRUE	FALSE	gblock2	18	TRUE	uagaccaccccaaaaaugaaggggacuaaaacAAAAUUAUCGAAGCUUGCGU	NCR_518
6121	AAGAGAGCTTAAAGTTACAT	AUGUAACUUUAAGCUCUCUU	+	UUUU	0.3	0.25	23782	5625	2	1	0.99946695	0.99982232	TRUE	0	0.523	1	0	0	FALSE	TRUE	FALSE	TRUE	gblock2	19	TRUE	uagaccaccccaaaaaugaaggggacuaaaacAUGUAACUUUAAGCUCUCUU	NCR_519
6123	GAGAGCTTAAAGTTACATTT	AAAUGUAACUUUAAGCUCUC	+	UUCC	0.3	0.35	23780	5625	2	1	0.99946695	0.99982232	TRUE	0	0.518	1	0	0	TRUE	TRUE	FALSE	TRUE	gblock2	19	TRUE	uagaccaccccaaaaaugaaggggacuaaaacAAAUGUAACUUUAAGCUCUC	NCR_520
6127	GCTTAAAGTTACATTTTTCC	GGAAAAAUGUAACUUUAAGC	+	CUGA	0.3	0.45	23776	5624	2	2	0.99928927	0.99964463	TRUE	0	0.484	1	0	0	TRUE	FALSE	FALSE	TRUE	gblock2	19	TRUE	uagaccaccccaaaaaugaaggggacuaaaacGGAAAAAUGUAACUUUAAGC	NCR_521
6282	ATACCTGGTGTATACGTTGT	ACAACGUAUACACCAGGUAU	+	CUUU	0.4	0.4	23621	5612	6	10	0.99715707	0.99822317	TRUE	0	0.613	1	0	0	TRUE	TRUE	FALSE	FALSE	gblock2	20	TRUE	uagaccaccccaaaaaugaaggggacuaaaacACAACGUAUACACCAGGUAU	NCR_522
6330	CAAATTCGTTTGATGTACTG	CAGUACAUCAAACGAAUUUG	+	AAGU	0.35	0.4	23573	5609	4	15	0.99662402	0.99733476	TRUE	0	0.6985	1	0	1	TRUE	TRUE	FALSE	FALSE	gblock2	21	TRUE	uagaccaccccaaaaaugaaggggacuaaaacCAGUACAUCAAACGAAUUUG	NCR_523
6501	CAGCAAATAATAGTTTAAAA	UUUUAAACUAUUAUUUGCUG	+	AUUA	0.2	0.25	23402	5599	11	18	0.99484719	0.99680171	TRUE	0	0.3045	1	0	0	TRUE	FALSE	TRUE	FALSE	gblock2	22	TRUE	uagaccaccccaaaaaugaaggggacuaaaacUUUUAAACUAUUAUUUGCUG	NCR_524
6883	CGGTAAATTTTGTCTAGAGG	CCUCUAGACAAAAUUUACCG	+	CUUC	0.4	0.35	23020	5541	10	77	0.98454158	0.98631841	TRUE	0	0.587	1	0	0	TRUE	TRUE	FALSE	FALSE	gblock2	23	TRUE	uagaccaccccaaaaaugaaggggacuaaaacCCUCUAGACAAAAUUUACCG	NCR_525
7261	TCTTTTCACTAGGTTTTTCT	AGAAAAACCUAGUGAAAAGA	+	AUGU	0.3	0.6	22642	5614	6	8	0.99751244	0.99857854	TRUE	0	0.3865	1	0	0	TRUE	FALSE	FALSE	TRUE	gblock2	24	TRUE	uagaccaccccaaaaaugaaggggacuaaaacAGAAAAACCUAGUGAAAAGA	NCR_526
7720	CCAGTCTTCTTACATCGTTG	CAACGAUGUAAGAAGACUGG	+	AUAG	0.45	0.4	22183	5613	7	8	0.99733476	0.99857854	TRUE	0	0.525	1	0	0	TRUE	TRUE	FALSE	FALSE	gblock2	25	TRUE	uagaccaccccaaaaaugaaggggacuaaaacCAACGAUGUAAGAAGACUGG	NCR_527
7721	CAGTCTTCTTACATCGTTGA	UCAACGAUGUAAGAAGACUG	+	UAGU	0.4	0.4	22182	5613	7	8	0.99733476	0.99857854	TRUE	0	0.5025	1	0	0	TRUE	TRUE	FALSE	FALSE	gblock2	25	TRUE	uagaccaccccaaaaaugaaggggacuaaaacUCAACGAUGUAAGAAGACUG	NCR_528
7727	TCTTACATCGTTGATAGTGT	ACACUAUCAACGAUGUAAGA	+	UACA	0.35	0.45	22176	5612	7	9	0.99715707	0.99840085	TRUE	0	0.4705	1	0	0	TRUE	FALSE	FALSE	TRUE	gblock2	25	TRUE	uagaccaccccaaaaaugaaggggacuaaaacACACUAUCAACGAUGUAAGA	NCR_529
7731	ACATCGTTGATAGTGTTACA	UGUAACACUAUCAACGAUGU	+	GUGA	0.35	0.35	22172	5617	2	9	0.99804549	0.99840085	TRUE	0	0.4915	1	0	0	TRUE	TRUE	FALSE	TRUE	gblock2	25	TRUE	uagaccaccccaaaaaugaaggggacuaaaacUGUAACACUAUCAACGAUGU	NCR_530
8910	TGCATTTCTTACCTAGAGTT	AACUCUAGGUAAGAAAUGCA	+	UUUA	0.35	0.45	20993	5615	12	1	0.99769012	0.99982232	TRUE	0	0.525	1	0	0	FALSE	TRUE	FALSE	TRUE	gblock2	26	TRUE	uagaccaccccaaaaaugaaggggacuaaaacAACUCUAGGUAAGAAAUGCA	NCR_531
8965	AAAACTTATAGAGTACACTG	CAGUGUACUCUAUAAGUUUU	+	ACUU	0.3	0.25	20938	5621	7	0	0.99875622	1	TRUE	0	0.4445	1	0	0	FALSE	TRUE	FALSE	TRUE	gblock2	27	TRUE	uagaccaccccaaaaaugaaggggacuaaaacCAGUGUACUCUAUAAGUUUU	NCR_532
9093	TTGCTTATGAAAGTTTACGC	GCGUAAACUUUCAUAAGCAA	+	CCUG	0.35	0.4	20810	5619	7	2	0.99840085	0.99964463	TRUE	4	0.49	1	0	0	TRUE	TRUE	FALSE	FALSE	gblock2	28	TRUE	uagaccaccccaaaaaugaaggggacuaaaacGCGUAAACUUUCAUAAGCAA	NCR_533
9626	TCTTTTTTAGCACATATTCA	UGAAUAUGUGCUAAAAAAGA	+	GUGG	0.25	0.5	20277	5610	12	6	0.99680171	0.9989339	TRUE	0	0.3475	1	0	5	TRUE	FALSE	FALSE	TRUE	gblock2	29	TRUE	uagaccaccccaaaaaugaaggggacuaaaacUGAAUAUGUGCUAAAAAAGA	NCR_534
9637	ACATATTCAGTGGATGGTTA	UAACCAUCCACUGAAUAUGU	+	UGUU	0.35	0.35	20266	5611	6	11	0.99697939	0.99804549	TRUE	0	0.6095	1	0	0	FALSE	TRUE	FALSE	TRUE	gblock2	29	TRUE	uagaccaccccaaaaaugaaggggacuaaaacUAACCAUCCACUGAAUAUGU	NCR_535
9674	CCTTTCTGGATAACAATTGC	GCAAUUGUUAUCCAGAAAGG	+	UUAU	0.4	0.35	20229	5617	6	5	0.99804549	0.99911159	TRUE	0	0.631	1	0	0	FALSE	TRUE	FALSE	TRUE	gblock2	30	TRUE	uagaccaccccaaaaaugaaggggacuaaaacGCAAUUGUUAUCCAGAAAGG	NCR_536
9679	CTGGATAACAATTGCTTATA	UAUAAGCAAUUGUUAUCCAG	+	UCAU	0.3	0.35	20224	5618	3	7	0.99822317	0.99875622	TRUE	0	0.5005	1	0	0	TRUE	FALSE	FALSE	TRUE	gblock2	30	TRUE	uagaccaccccaaaaaugaaggggacuaaaacUAUAAGCAAUUGUUAUCCAG	NCR_537
9688	AATTGCTTATATCATTTGTA	UACAAAUGAUAUAAGCAAUU	+	UUUC	0.2	0.5	20215	5617	3	8	0.99804549	0.99857854	TRUE	0	0.5235	1	0	3	TRUE	FALSE	FALSE	TRUE	gblock2	30	TRUE	uagaccaccccaaaaaugaaggggacuaaaacUACAAAUGAUAUAAGCAAUU	NCR_538
9693	CTTATATCATTTGTATTTCC	GGAAAUACAAAUGAUAUAAG	+	ACAA	0.25	0.55	20210	5617	3	8	0.99804549	0.99857854	TRUE	0	0.45	1	0	0	TRUE	FALSE	FALSE	TRUE	gblock2	30	TRUE	uagaccaccccaaaaaugaaggggacuaaaacGGAAAUACAAAUGAUAUAAG	NCR_539
9953	GCTTGTTGTCATCTCGCAAA	UUUGCGAGAUGACAACAAGC	+	GGCU	0.45	0.35	19950	5603	23	2	0.99555793	0.99964463	TRUE	0	0.601	1	0	0	FALSE	TRUE	FALSE	TRUE	gblock3	31	TRUE	uagaccaccccaaaaaugaaggggacuaaaacUUUGCGAGAUGACAACAAGC	NCR_540
9963	ATCTCGCAAAGGCTCTCAAT	AUUGAGAGCCUUUGCGAGAU	+	GACU	0.45	0.25	19940	5619	6	3	0.99840085	0.99946695	TRUE	0	0.4345	1	0	0	TRUE	FALSE	FALSE	TRUE	gblock3	31	TRUE	uagaccaccccaaaaaugaaggggacuaaaacAUUGAGAGCCUUUGCGAGAU	NCR_541
10144	TTGGCTTGATGACGTAGTTT	AAACUACGUCAUCAAGCCAA	+	ACUG	0.4	0.45	19759	5622	4	2	0.9989339	0.99964463	TRUE	0	0.524	1	0	0	FALSE	TRUE	FALSE	TRUE	gblock3	33	TRUE	uagaccaccccaaaaaugaaggggacuaaaacAAACUACGUCAUCAAGCCAA	NCR_542
10155	ACGTAGTTTACTGTCCAAGA	UCUUGGACAGUAAACUACGU	+	CAUG	0.4	0.3	19748	5621	5	2	0.99875622	0.99964463	TRUE	0	0.658	1	0	0	TRUE	FALSE	FALSE	TRUE	gblock3	33	TRUE	uagaccaccccaaaaaugaaggggacuaaaacUCUUGGACAGUAAACUACGU	NCR_543
10188	CCTCTGAAGACATGCTTAAC	GUUAAGCAUGUCUUCAGAGG	+	CCUA	0.45	0.25	19715	5620	5	3	0.99857854	0.99946695	TRUE	0	0.479	1	0	0	FALSE	TRUE	TRUE	FALSE	gblock3	34	TRUE	uagaccaccccaaaaaugaaggggacuaaaacGUUAAGCAUGUCUUCAGAGG	NCR_544
10314	TTAAGCTTAAGGTTGATACA	UGUAUCAACCUUAAGCUUAA	+	GCCA	0.3	0.35	19589	5523	102	3	0.98134328	0.99946695	TRUE	0	0.629	1	0	0	TRUE	FALSE	FALSE	TRUE	gblock3	35	TRUE	uagaccaccccaaaaaugaaggggacuaaaacUGUAUCAACCUUAAGCUUAA	NCR_545
10504	TAACATAGATTATGACTGTG	CACAGUCAUAAUCUAUGUUA	+	UCUC	0.3	0.35	19399	5616	11	1	0.9978678	0.99982232	TRUE	0	0.5445	1	0	0	FALSE	TRUE	FALSE	TRUE	gblock3	36	TRUE	uagaccaccccaaaaaugaaggggacuaaaacCACAGUCAUAAUCUAUGUUA	NCR_546
10517	GACTGTGTCTCTTTTTGTTA	UAACAAAAAGAGACACAGUC	+	CAUG	0.35	0.55	19386	5622	4	2	0.9989339	0.99964463	TRUE	0	0.487	1	0	0	FALSE	TRUE	FALSE	TRUE	gblock3	36	TRUE	uagaccaccccaaaaaugaaggggacuaaaacUAACAAAAAGAGACACAGUC	NCR_547
10524	TCTCTTTTTGTTACATGCAC	GUGCAUGUAACAAAAAGAGA	+	CAUA	0.35	0.5	19379	5625	2	1	0.99946695	0.99982232	TRUE	0	0.4585	1	0	0	FALSE	TRUE	FALSE	TRUE	gblock3	36	TRUE	uagaccaccccaaaaaugaaggggacuaaaacGUGCAUGUAACAAAAAGAGA	NCR_548
10699	AGACAGGTGGTTTCTCAATC	GAUUGAGAAACCACCUGUCU	+	GAUU	0.45	0.3	19204	5621	6	1	0.99875622	0.99982232	TRUE	0	0.483	1	0	0	FALSE	TRUE	TRUE	FALSE	gblock3	37	TRUE	uagaccaccccaaaaaugaaggggacuaaaacGAUUGAGAAACCACCUGUCU	NCR_549
11051	CAGAGTACTCAATGGTCTTT	AAAGACCAUUGAGUACUCUG	+	GUUC	0.4	0.35	18852	5625	2	1	0.99946695	0.99982232	TRUE	0	0.5755	1	0	1	FALSE	TRUE	FALSE	TRUE	gblock3	38	TRUE	uagaccaccccaaaaaugaaggggacuaaaacAAAGACCAUUGAGUACUCUG	NCR_550
12607	TAGTATGGACAATTCACCTA	UAGGUGAAUUGUCCAUACUA	+	AUUU	0.35	0.3	17296	5627	1	0	0.99982232	1	TRUE	4	0.6545	1	0	0	FALSE	TRUE	TRUE	FALSE	gblock3	39	TRUE	uagaccaccccaaaaaugaaggggacuaaaacUAGGUGAAUUGUCCAUACUA	NCR_551
14251	TTAAAATATGACTTCACGGA	UCCGUGAAGUCAUAUUUUAA	+	AGAG	0.3	0.3	15652	5621	6	1	0.99875622	0.99982232	TRUE	0	0.5595	1	0	0	FALSE	TRUE	TRUE	FALSE	gblock3	41	TRUE	uagaccaccccaaaaaugaaggggacuaaaacUCCGUGAAGUCAUAUUUUAA	NCR_552
16420	CAACTTTACTTAGGAGGTAT	AUACCUCCUAAGUAAAGUUG	+	GAGC	0.35	0.35	13483	5622	6	0	0.9989339	1	TRUE	0	0.528	1	0	0	FALSE	TRUE	TRUE	TRUE	gblock4	43	TRUE	uagaccaccccaaaaaugaaggggacuaaaacAUACCUCCUAAGUAAAGUUG	NCR_553
17658	GTTTTATAAGGGTGTTATCA	UGAUAACACCCUUAUAAAAC	+	CGCA	0.3	0.45	12245	5603	12	13	0.99555793	0.99769012	TRUE	0	0.5535	1	0	0	FALSE	TRUE	FALSE	TRUE	gblock4	45	TRUE	uagaccaccccaaaaaugaaggggacuaaaacUGAUAACACCCUUAUAAAAC	NCR_554
18052	ACAGGACTCTTTAAAGATTG	CAAUCUUUAAAGAGUCCUGU	+	UAGU	0.35	0.3	11851	5031	595	2	0.89392324	0.99964463	TRUE	0	0.457	1	0	0	TRUE	FALSE	FALSE	TRUE	gblock4	46	TRUE	uagaccaccccaaaaaugaaggggacuaaaacCAAUCUUUAAAGAGUCCUGU	NCR_555
18272	AAGCTATAAGACATGTACGT	ACGUACAUGUCUUAUAGCUU	+	GCAU	0.35	0.25	11631	5625	0	3	0.99946695	0.99946695	TRUE	0	0.52	1	0	0	TRUE	TRUE	FALSE	FALSE	gblock4	47	TRUE	uagaccaccccaaaaaugaaggggacuaaaacACGUACAUGUCUUAUAGCUU	NCR_556
18329	CTAGAGAAGCTGTTGGTACC	GGUACCAACAGCUUCUCUAG	+	AAUU	0.5	0.25	11574	5617	8	3	0.99804549	0.99946695	TRUE	0	0.6525	1	0	0	TRUE	FALSE	FALSE	TRUE	gblock4	48	TRUE	uagaccaccccaaaaaugaaggggacuaaaacGGUACCAACAGCUUCUCUAG	NCR_557
18460	CCGCCTGGAGATCAATTTAA	UUAAAUUGAUCUCCAGGCGG	+	ACAC	0.45	0.25	11443	5623	2	3	0.99911159	0.99946695	TRUE	0	0.482	1	0	0	TRUE	TRUE	FALSE	FALSE	gblock4	49	TRUE	uagaccaccccaaaaaugaaggggacuaaaacUUAAAUUGAUCUCCAGGCGG	NCR_558
18606	CTTTGAGTTGACATCTATGA	UCAUAGAUGUCAACUCAAAG	+	AGUA	0.35	0.4	11297	5625	1	2	0.99946695	0.99964463	TRUE	0	0.4695	1	0	0	TRUE	TRUE	FALSE	FALSE	gblock4	50	TRUE	uagaccaccccaaaaaugaaggggacuaaaacUCAUAGAUGUCAACUCAAAG	NCR_559
18816	GTATTGTCAAGTCCATGGTA	UACCAUGGACUUGACAAUAC	+	AUGC	0.4	0.35	11087	5620	7	1	0.99857854	0.99982232	TRUE	0	0.4565	1	0	0	TRUE	TRUE	FALSE	FALSE	gblock4	51	TRUE	uagaccaccccaaaaaugaaggggacuaaaacUACCAUGGACUUGACAAUAC	NCR_560
19169	TCACAGATGGTGTATGCCTA	UAGGCAUACACCAUCUGUGA	+	UUUU	0.45	0.3	10734	5604	22	2	0.99573561	0.99964463	TRUE	4	0.5815	1	0	0	FALSE	TRUE	TRUE	FALSE	gblock4	53	TRUE	uagaccaccccaaaaaugaaggggacuaaaacUAGGCAUACACCAUCUGUGA	NCR_561
20100	TAGTCTTAATGGAGTCACAT	AUGUGACUCCAUUAAGACUA	+	UAAU	0.35	0.35	9803	5535	3	90	0.98347548	0.98400853	TRUE	0	0.5645	1	0	0	FALSE	TRUE	FALSE	TRUE	gblock5	54	TRUE	uagaccaccccaaaaaugaaggggacuaaaacAUGUGACUCCAUUAAGACUA	NCR_562
20234	CCAGGAGTCAAATGGAAATT	AAUUUCCAUUUGACUCCUGG	+	GAUU	0.4	0.2	9669	5565	6	57	0.98880597	0.98987207	TRUE	0	0.551	1	0	0	FALSE	FALSE	TRUE	TRUE	gblock5	55	TRUE	uagaccaccccaaaaaugaaggggacuaaaacAAUUUCCAUUUGACUCCUGG	NCR_563
20716	ATGCTATTAGAAAAGTGTGA	UCACACUUUUCUAAUAGCAU	+	CCUU	0.3	0.3	9187	5621	2	5	0.99875622	0.99911159	TRUE	0	0.4775	1	0	0	TRUE	TRUE	FALSE	FALSE	gblock5	56	TRUE	uagaccaccccaaaaaugaaggggacuaaaacUCACACUUUUCUAAUAGCAU	NCR_564
20844	CTATAATATGAGAGTTATAC	GUAUAACUCUCAUAUUAUAG	+	AUUU	0.25	0.35	9059	5620	5	3	0.99857854	0.99946695	TRUE	0	0.5175	1	0	0	FALSE	TRUE	TRUE	FALSE	gblock5	57	TRUE	uagaccaccccaaaaaugaaggggacuaaaacGUAUAACUCUCAUAUUAUAG	NCR_565
20846	ATAATATGAGAGTTATACAT	AUGUAUAACUCUCAUAUUAU	+	UUUG	0.2	0.35	9057	5623	3	2	0.99911159	0.99964463	TRUE	0	0.4885	1	0	0	FALSE	FALSE	TRUE	TRUE	gblock5	57	TRUE	uagaccaccccaaaaaugaaggggacuaaaacAUGUAUAACUCUCAUAUUAU	NCR_566
21591	TAGTCTCTAGTCAGTGTGTT	AACACACUGACUAGAGACUA	+	AAUC	0.4	0.45	8312	5581	7	40	0.9916489	0.99289268	TRUE	0	0.57	1	0	0	FALSE	TRUE	FALSE	TRUE	gblock5	58	TRUE	uagaccaccccaaaaaugaaggggacuaaaacAACACACUGACUAGAGACUA	NCR_567
21595	CTCTAGTCAGTGTGTTAATC	GAUUAACACACUGACUAGAG	+	UUAC	0.4	0.4	8308	5578	16	34	0.99111585	0.99395878	TRUE	0	0.485	1	0	0	FALSE	TRUE	FALSE	TRUE	gblock5	58	TRUE	uagaccaccccaaaaaugaaggggacuaaaacGAUUAACACACUGACUAGAG	NCR_568
21600	GTCAGTGTGTTAATCTTACA	UGUAAGAUUAACACACUGAC	+	ACCA	0.35	0.4	8303	5581	12	35	0.9916489	0.9937811	TRUE	0	0.458	1	0	4	FALSE	TRUE	FALSE	TRUE	gblock5	58	TRUE	uagaccaccccaaaaaugaaggggacuaaaacUGUAAGAUUAACACACUGAC	NCR_569
21647	ACTAATTCTTTCACACGTGG	CCACGUGUGAAAGAAUUAGU	+	UGUU	0.4	0.35	8256	5587	12	29	0.992715	0.99484719	TRUE	0	0.348	1	0	0	TRUE	TRUE	FALSE	TRUE	gblock5	59	TRUE	uagaccaccccaaaaaugaaggggacuaaaacCCACGUGUGAAAGAAUUAGU	NCR_570
21693	GATCCTCAGTTTTACATTCA	UGAAUGUAAAACUGAGGAUC	+	ACUC	0.35	0.4	8210	5599	22	7	0.99484719	0.99875622	TRUE	0	0.4475	1	0	0	TRUE	TRUE	FALSE	FALSE	gblock5	60	TRUE	uagaccaccccaaaaaugaaggggacuaaaacUGAAUGUAAAACUGAGGAUC	NCR_571
21743	AATGTTACTTGGTTCCATGC	GCAUGGAACCAAGUAACAUU	+	UAUA	0.4	0.4	8160	5607	5	16	0.99626866	0.99715707	TRUE	0	0.5575	1	0	0	TRUE	TRUE	TRUE	FALSE	gblock5	61	TRUE	uagaccaccccaaaaaugaaggggacuaaaacGCAUGGAACCAAGUAACAUU	NCR_572
21748	TACTTGGTTCCATGCTATAC	GUAUAGCAUGGAACCAAGUA	+	AUGU	0.4	0.4	8155	5608	4	16	0.99644634	0.99715707	TRUE	0	0.5015	1	0	0	TRUE	TRUE	TRUE	FALSE	gblock5	61	TRUE	uagaccaccccaaaaaugaaggggacuaaaacGUAUAGCAUGGAACCAAGUA	NCR_573
21749	ACTTGGTTCCATGCTATACA	UGUAUAGCAUGGAACCAAGU	+	UGUC	0.4	0.35	8154	5608	5	15	0.99644634	0.99733476	TRUE	0	0.5075	1	0	0	FALSE	TRUE	TRUE	FALSE	gblock5	61	TRUE	uagaccaccccaaaaaugaaggggacuaaaacUGUAUAGCAUGGAACCAAGU	NCR_574
22194	ATTTAGTGCGTGATCTCCCT	AGGGAGAUCACGCACUAAAU	+	CAGG	0.45	0.4	7709	5608	9	11	0.99644634	0.99804549	TRUE	0	0.579	1	0	0	TRUE	TRUE	FALSE	FALSE	gblock5	62	TRUE	uagaccaccccaaaaaugaaggggacuaaaacAGGGAGAUCACGCACUAAAU	NCR_575
22659	CTGTCCTATATAATTCCGCA	UGCGGAAUUAUAUAGGACAG	+	UCAU	0.4	0.35	7244	5595	12	21	0.99413646	0.99626866	TRUE	0	0.4575	1	0	0	TRUE	TRUE	FALSE	FALSE	gblock5	63	TRUE	uagaccaccccaaaaaugaaggggacuaaaacUGCGGAAUUAUAUAGGACAG	NCR_576
22921	TAGATTGTTTAGGAAGTCTA	UAGACUUCCUAAACAAUCUA	+	AUCU	0.3	0.4	6982	5589	5	34	0.99307036	0.99395878	TRUE	0	0.618	1	0	0	TRUE	TRUE	FALSE	FALSE	gblock5	64	TRUE	uagaccaccccaaaaaugaaggggacuaaaacUAGACUUCCUAAACAAUCUA	NCR_577
23013	AAGGTTTTAATTGTTACTTT	AAAGUAACAAUUAAAACCUU	+	CCUU	0.2	0.55	6890	5592	7	29	0.99360341	0.99484719	TRUE	0	0.466	1	0	2	TRUE	FALSE	FALSE	TRUE	gblock5	65	TRUE	uagaccaccccaaaaaugaaggggacuaaaacAAAGUAACAAUUAAAACCUU	NCR_578
23185	CAACTTCAATGGTTTAACAG	CUGUUAAACCAUUGAAGUUG	+	GCAC	0.35	0.3	6718	5614	11	3	0.99751244	0.99946695	TRUE	0	0.498	1	0	0	TRUE	FALSE	TRUE	FALSE	gblock5	66	TRUE	uagaccaccccaaaaaugaaggggacuaaaacCUGUUAAACCAUUGAAGUUG	NCR_579
23206	CACAGGTGTTCTTACTGAGT	ACUCAGUAAGAACACCUGUG	+	CUAA	0.45	0.35	6697	5623	4	1	0.99911159	0.99982232	TRUE	0	0.619	1	0	0	TRUE	TRUE	FALSE	FALSE	gblock5	66	TRUE	uagaccaccccaaaaaugaaggggacuaaaacACUCAGUAAGAACACCUGUG	NCR_580
23214	TTCTTACTGAGTCTAACAAA	UUUGUUAGACUCAGUAAGAA	+	AAGU	0.3	0.35	6689	5623	3	2	0.99911159	0.99964463	TRUE	0	0.4	1	0	0	TRUE	TRUE	FALSE	TRUE	gblock5	66	TRUE	uagaccaccccaaaaaugaaggggacuaaaacUUUGUUAGACUCAGUAAGAA	NCR_581
23418	AAGTCCCTGTTGCTATTCAT	AUGAAUAGCAACAGGGACUU	+	GCAG	0.4	0.4	6485	5620	8	0	0.99857854	1	TRUE	0	0.464	1	0	4	FALSE	TRUE	FALSE	TRUE	gblock5	68	TRUE	uagaccaccccaaaaaugaaggggacuaaaacAUGAAUAGCAACAGGGACUU	NCR_582
23440	AGATCAACTTACTCCTACTT	AAGUAGGAGUAAGUUGAUCU	+	GGCG	0.35	0.35	6463	5622	4	2	0.9989339	0.99964463	TRUE	0	0.291	1	0	6	TRUE	TRUE	FALSE	FALSE	gblock5	68	TRUE	uagaccaccccaaaaaugaaggggacuaaaacAAGUAGGAGUAAGUUGAUCU	NCR_583
23461	GCGTGTTTATTCTACAGGTT	AACCUGUAGAAUAAACACGC	+	CUAA	0.4	0.45	6442	5626	0	2	0.99964463	0.99964463	TRUE	0	0.5415	1	0	0	TRUE	TRUE	FALSE	FALSE	gblock5	69	TRUE	uagaccaccccaaaaaugaaggggacuaaaacAACCUGUAGAAUAAACACGC	NCR_584
23612	GCACGTAGTGTAGCTAGTCA	UGACUAGCUACACUACGUGC	+	AUCC	0.5	0.25	6291	5621	5	2	0.99875622	0.99964463	TRUE	0	0.718	1	0	0	TRUE	TRUE	FALSE	FALSE	gblock6	70	TRUE	uagaccaccccaaaaaugaaggggacuaaaacUGACUAGCUACACUACGUGC	NCR_585
23616	GTAGTGTAGCTAGTCAATCC	GGAUUGACUAGCUACACUAC	+	AUCA	0.45	0.3	6287	5620	6	2	0.99857854	0.99964463	TRUE	0	0.6135	1	0	0	TRUE	TRUE	FALSE	FALSE	gblock6	70	TRUE	uagaccaccccaaaaaugaaggggacuaaaacGGAUUGACUAGCUACACUAC	NCR_586
23620	TGTAGCTAGTCAATCCATCA	UGAUGGAUUGACUAGCUACA	+	UUGC	0.4	0.3	6283	5617	9	2	0.99804549	0.99964463	TRUE	0	0.477	1	0	0	TRUE	TRUE	FALSE	FALSE	gblock6	70	TRUE	uagaccaccccaaaaaugaaggggacuaaaacUGAUGGAUUGACUAGCUACA	NCR_587
23833	CAGTTTTTGTACACAATTAA	UUAAUUGUGUACAAAAACUG	+	ACCG	0.25	0.4	6070	5624	2	2	0.99928927	0.99964463	TRUE	0	0.4015	1	0	0	TRUE	TRUE	FALSE	FALSE	gblock6	71	TRUE	uagaccaccccaaaaaugaaggggacuaaaacUUAAUUGUGUACAAAAACUG	NCR_588
24124	GTTTAACGGCCTTACTGTTT	AAACAGUAAGGCCGUUAAAC	+	UGCC	0.4	0.45	5779	5619	3	6	0.99840085	0.9989339	TRUE	0	0.5255	1	0	0	TRUE	TRUE	FALSE	FALSE	gblock6	73	TRUE	uagaccaccccaaaaaugaaggggacuaaaacAAACAGUAAGGCCGUUAAAC	NCR_589
25406	TGAGAATCTTCACAATTGGA	UCCAAUUGUGAAGAUUCUCA	+	ACUG	0.35	0.3	4497	5618	7	3	0.99822317	0.99946695	TRUE	0	0.431	1	0	0	TRUE	TRUE	FALSE	FALSE	gblock6	75	TRUE	uagaccaccccaaaaaugaaggggacuaaaacUCCAAUUGUGAAGAUUCUCA	NCR_590
25706	TTCTCTATCTTTATGCTTTA	UAAAGCAUAAAGAUAGAGAA	+	GUCU	0.25	0.6	4197	5614	4	10	0.99751244	0.99822317	TRUE	0	0.2965	1	0	3	TRUE	FALSE	FALSE	TRUE	gblock6	76	TRUE	uagaccaccccaaaaaugaaggggacuaaaacUAAAGCAUAAAGAUAGAGAA	NCR_591
25709	TCTATCTTTATGCTTTAGTC	GACUAAAGCAUAAAGAUAGA	+	UACU	0.3	0.55	4194	5613	4	11	0.99733476	0.99804549	TRUE	0	0.336	1	0	1	TRUE	TRUE	FALSE	TRUE	gblock6	76	TRUE	uagaccaccccaaaaaugaaggggacuaaaacGACUAAAGCAUAAAGAUAGA	NCR_592
25715	TTTATGCTTTAGTCTACTTC	GAAGUAGACUAAAGCAUAAA	+	UUGC	0.3	0.55	4188	5612	6	10	0.99715707	0.99822317	TRUE	0	0.4515	1	0	0	TRUE	TRUE	FALSE	FALSE	gblock6	76	TRUE	uagaccaccccaaaaaugaaggggacuaaaacGAAGUAGACUAAAGCAUAAA	NCR_593
26689	TGTTATGGCCAGTAACTTTA	UAAAGUUACUGGCCAUAACA	+	GCUU	0.35	0.4	3214	5625	1	2	0.99946695	0.99964463	TRUE	0	0.4755	1	0	0	TRUE	TRUE	FALSE	FALSE	gblock6	77	TRUE	uagaccaccccaaaaaugaaggggacuaaaacUAAAGUUACUGGCCAUAACA	NCR_594
26738	AATAAATTGGATCACCGGTG	CACCGGUGAUCCAAUUUAUU	+	GAAU	0.4	0.25	3165	5621	3	4	0.99875622	0.99928927	TRUE	4	0.5795	1	0	0	TRUE	TRUE	FALSE	FALSE	gblock6	78	TRUE	uagaccaccccaaaaaugaaggggacuaaaacCACCGGUGAUCCAAUUUAUU	NCR_595
27911	CTTAGGAATCATCACAACTG	CAGUUGUGAUGAUUCCUAAG	+	UAGC	0.4	0.25	1992	5615	10	3	0.99769012	0.99946695	TRUE	0	0.4985	1	0	0	TRUE	TRUE	TRUE	FALSE	gblock7	79	TRUE	uagaccaccccaaaaaugaaggggacuaaaacCAGUUGUGAUGAUUCCUAAG	NCR_596
28370	AGTGGGGCGCGATCAAAACA	UGUUUUGAUCGCGCCCCACU	+	ACGU	0.55	0.1	1533	5607	19	2	0.99626866	0.99964463	TRUE	0	0.506	1	0	0	TRUE	TRUE	FALSE	FALSE	gblock7	80	TRUE	uagaccaccccaaaaaugaaggggacuaaaacUGUUUUGAUCGCGCCCCACU	NCR_597
29072	GCATACAATGTAACACAAGC	GCUUGUGUUACAUUGUAUGC	+	UUUC	0.4	0.15	831	5624	1	3	0.99928927	0.99946695	TRUE	0	0.246	1	0	0	TRUE	TRUE	TRUE	FALSE	gblock7	81	TRUE	uagaccaccccaaaaaugaaggggacuaaaacGCUUGUGUUACAUUGUAUGC	NCR_598
29270	TACACAGGTGCCATCAAATT	AAUUUGAUGGCACCUGUGUA	+	GGAU	0.4	0.25	633	5624	3	1	0.99928927	0.99982232	TRUE	0	0.4295	1	0	0	TRUE	TRUE	FALSE	FALSE	gblock7	82	TRUE	uagaccaccccaaaaaugaaggggacuaaaacAAUUUGAUGGCACCUGUGUA	NCR_599
13342	CCCTGTGGGTTTTACACTTA	UAAGUGUAAAACCCACAGGG	+	AAAA	0.45	0.4	16561	5624	1	3	0.99928927	0.99946695	TRUE	6	0.584	0.83333333	0	0	NA	NA	FALSE	FALSE	gblock3	NA	TRUE	uagaccaccccaaaaaugaaggggacuaaaacUAAGUGUAAAACCCACAGGG	NCR_600
13382	TGCGGTATGTGGAAAGGTTA	UAACCUUUCCACAUACCGCA	+	UGGC	0.45	0.3	16521	5611	2	15	0.99697939	0.99733476	TRUE	0	0.6565	0.83333333	0	0	NA	NA	FALSE	FALSE	gblock3	NA	TRUE	uagaccaccccaaaaaugaaggggacuaaaacUAACCUUUCCACAUACCGCA	NCR_601
13442	TCAGCTGATGCACAATCGTT	AACGAUUGUGCAUCAGCUGA	+	UUUA	0.45	0.3	16461	5617	3	8	0.99804549	0.99857854	FALSE	11	0.532	1	0	0	NA	NA	FALSE	FALSE	gblock3	NA	TRUE	uagaccaccccaaaaaugaaggggacuaaaacAACGAUUGUGCAUCAGCUGA	NCR_602
28286	GGACCCCAAAATCAGCGAAA	UUUCGCUGAUUUUGGGGUCC	+	UGCA	0.5	0.05	1617	5616	11	1	0.9978678	0.99982232	FALSE	11	0.568	1	11	0	NA	NA	FALSE	FALSE	gblock7	NA	FALSE	uagaccaccccaaaaaugaaggggacuaaaacUUUCGCUGAUUUUGGGGUCC	NCR_603
28313	CGCATTACGTTTGGTGGACC	GGUCCACCAAACGUAAUGCG	+	CUCA	0.55	0.3	1590	5617	11	0	0.99804549	1	FALSE	4	0.727	0.83333333	0	0	NA	NA	FALSE	FALSE	gblock7	NA	FALSE	uagaccaccccaaaaaugaaggggacuaaaacGGUCCACCAAACGUAAUGCG	NCR_604
28339	TTCAACTGGCAGTAACCAGA	UCUGGUUACUGCCAGUUGAA	+	AUGG	0.45	0.2	1564	5605	23	0	0.99591329	1	TRUE	10	0.49	0.83333333	0	0	NA	NA	FALSE	FALSE	gblock7	NA	TRUE	uagaccaccccaaaaaugaaggggacuaaaacUCUGGUUACUGCCAGUUGAA	NCR_605
28681	GGGAGCCTTGAATACACCAA	UUGGUGUAUUCAAGGCUCCC	+	AAGA	0.5	0.15	1222	5523	105	0	0.98134328	1	FALSE	15	0.3225	0.83333333	0	0	NA	NA	FALSE	FALSE	gblock7	NA	FALSE	uagaccaccccaaaaaugaaggggacuaaaacUUGGUGUAUUCAAGGCUCCC	NCR_606
28706	CACATTGGCACCCGCAATCC	GGAUUGCGGGUGCCAAUGUG	+	UGCU	0.6	0.15	1197	5612	16	0	0.99715707	1	FALSE	13	0.5	0.83333333	8	0	NA	NA	FALSE	FALSE	gblock7	NA	FALSE	uagaccaccccaaaaaugaaggggacuaaaacGGAUUGCGGGUGCCAAUGUG	NCR_607
28733	AATGCTGCAATCGTGCTACA	UGUAGCACGAUUGCAGCAUU	+	ACUU	0.45	0.25	1170	5612	16	0	0.99715707	1	FALSE	11	0.453	0.83333333	0	0	NA	NA	FALSE	TRUE	gblock7	NA	FALSE	uagaccaccccaaaaaugaaggggacuaaaacUGUAGCACGAUUGCAGCAUU	NCR_608
28881	GGGGAACTTCTCCTGCTAGA	UCUAGCAGGAGAAGUUCCCC	+	AUGG	0.55	0.25	1022	4590	36	1002	0.81556503	0.82196162	FALSE	7	0.714	0.83333333	0	0	NA	NA	FALSE	FALSE	gblock7	NA	FALSE	uagaccaccccaaaaaugaaggggacuaaaacUCUAGCAGGAGAAGUUCCCC	NCR_609
28932	CTTTGCTGCTGCTTGACAGA	UCUGUCAAGCAGCAGCAAAG	+	UUGA	0.5	0.35	971	5625	2	1	0.99946695	0.99982232	FALSE	11	0.628	1	6	2	NA	NA	FALSE	FALSE	gblock7	NA	FALSE	uagaccaccccaaaaaugaaggggacuaaaacUCUGUCAAGCAGCAGCAAAG	NCR_610
28958	CAGCTTGAGAGCAAAATGTC	GACAUUUUGCUCUCAAGCUG	+	UGGU	0.45	0.2	945	5618	9	1	0.99822317	0.99982232	TRUE	6	0.434	0.83333333	0	0	NA	NA	FALSE	FALSE	gblock7	NA	TRUE	uagaccaccccaaaaaugaaggggacuaaaacGACAUUUUGCUCUCAAGCUG	NCR_611
29164	TTACAAACATTGGCCGCAAA	UUUGCGGCCAAUGUUUGUAA	+	UUGC	0.4	0.2	739	5618	10	0	0.99822317	1	FALSE	10	0.5205	0.83333333	0	0	NA	NA	FALSE	FALSE	gblock7	NA	FALSE	uagaccaccccaaaaaugaaggggacuaaaacUUUGCGGCCAAUGUUUGUAA	NCR_612
29189	CAATTTGCCCCCAGCGCTTC	GAAGCGCUGGGGGCAAAUUG	+	AGCG	0.6	0.25	714	5618	7	3	0.99822317	0.99946695	FALSE	8	0.645	1	1	5	NA	NA	FALSE	FALSE	gblock7	NA	TRUE	uagaccaccccaaaaaugaaggggacuaaaacGAAGCGCUGGGGGCAAAUUG	NCR_613
29213	TTCTTCGGAATGTCGCGCAT	AUGCGCGACAUUCCGAAGAA	+	UGGC	0.5	0.35	690	5624	4	0	0.99928927	1	FALSE	8	0.604	0.83333333	0	0	NA	NA	FALSE	FALSE	gblock7	NA	TRUE	uagaccaccccaaaaaugaaggggacuaaaacAUGCGCGACAUUCCGAAGAA	NCR_614