#chrom	chromStart	chromEnd	name	ref	minorAlleleFreq	majorAllele	minorAllele	class
chr8	98117328	98117329	rs77277723	C	0.0545128,-inf,0.0545282,-inf,0.0830113,0.0500733,-inf,-inf,0.000518941,0.000539374,-inf,-inf,	C,,C,,C,C,,,C,C,,,	T,,T,,T,T,,,T,T,,,	snv
chr8	98117329	98117330	rs80085618	G	0.0165735,-inf,0.0170744,-inf,0.0138882,0.0128712,-inf,0.00625,0.0179035,0.0175297,0.02,-inf,	G,,G,,G,G,,G,G,G,G,,	A,,A,,A,A,,A,A,A,A,,	snv
chr8	98117420	98117421	rs2071597	A	0.276558,-inf,0.296397,-inf,-inf,0.30431,-inf,0.357589,0.362481,0.377832,0.438333,0.273585,	A,,A,,,A,,A,A,A,A,A,	G,,G,,,G,,G,G,G,G,G,	snv
chr8	98117788	98117795	rs113320288	CTGTCTG	0.0740815,-inf,0.0598719,-inf,-inf,0.0510581,-inf,0.0171875,0.0316554,0.030205,0.0216667,-inf,	CTGTCTG,,CTGTCTG,,,CTGTCTG,,CTGTCTG,CTGTCTG,CTGTCTG,CTGTCTG,,	CTG,,CTG,,,CTG,,CTG,CTG,CTG,CTG,,	delins
chr8	98117926	98117927	rs117361122	A	0.0203674,-inf,0.0268619,-inf,-inf,0.0277353,-inf,0.0350446,0.0373638,0.0358684,0.0516667,-inf,	A,,A,,,A,,A,A,A,A,,	G,,G,,,G,,G,G,G,G,,	snv
chr8	98117987	98117988	rs76697107	C	0.0151757,-inf,0.01365,-inf,-inf,0.0115463,-inf,-inf,-inf,-inf,-inf,-inf,	C,,C,,,C,,,,,,,	T,,T,,,T,,,,,,,	snv
chr8	98118045	98118046	rs5893455	T	0.34365,-inf,-inf,-inf,-inf,0.344278,-inf,0.362054,0.373897,0.365426,0.335,-inf,	,,,,,,,,,,,,	T,,,,,T,,T,T,T,T,,	del
chr8	98118045	98118046	rs74951928	T	0.0393371,-inf,-inf,-inf,0.334958,0.00323466,-inf,-inf,0.00648677,0.00782093,-inf,-inf,	T,,,,A,T,,,T,T,,,	A,,,,T,A,,,A,A,,,	snv
chr8	98118567	98118568	rs6998439	A	0.276358,-inf,0.29631,-inf,-inf,0.304402,-inf,0.357589,0.362999,0.378371,0.438333,0.25,	A,,A,,,A,,A,A,A,A,A,	G,,G,,,G,,G,G,G,G,G,	snv
chr8	98118682	98118683	rs7002564	C	0.0257588,-inf,0.0271247,-inf,-inf,0.0275636,-inf,0.0174107,0.0249092,0.030205,0.0183333,0.00943396,	C,,C,,,C,,C,C,C,C,C,	T,,T,,,T,,T,T,T,T,T,	snv
chr8	98118932	98118933	rs35499247	G	0.276358,-inf,0.296079,-inf,-inf,0.304511,-inf,0.358196,0.362999,0.378371,0.438333,0.257282,	G,,G,,,G,,G,G,G,G,G,	A,,A,,,A,,A,A,A,A,A,	snv
chr8	98120426	98120427	rs6980529	A	0.184704,-inf,0.189873,-inf,-inf,0.211138,-inf,0.259152,0.214323,0.208738,0.188333,0.0601852,	A,,A,,,A,,A,A,A,A,A,	T,,T,,,T,,T,T,T,T,T,	snv
chr8	98120507	98120508	rs184012694	A	0.0101837,-inf,0.00190335,-inf,-inf,0.000989214,-inf,-inf,-inf,-inf,-inf,0.00925926,	A,,A,,,A,,,,,,A,	G,,G,,,G,,,,,,G,	snv
chr8	98120646	98120661	rs112406747	TTTTTTTTTTTTTTT	0.19369,-inf,-inf,-inf,-inf,0.193317,-inf,-inf,-inf,-inf,0.0266667,-inf,	TTTTTTTTTTTTTTT,,,,,TTTTTTTTTTTTTTT,,,,,TTTTTTTTTTTTTTT,,	TTTTTTTTTTTTTT,,,,,TTTTTTTTTTTTTT,,,,,TTTTTTTTTTTTTT,,	delins
chr8	98120676	98120677	rs9642947	T	0.276158,-inf,0.294239,-inf,-inf,0.302311,-inf,-inf,0.36274,0.377832,-inf,-inf,	T,,T,,,T,,,T,T,,,	C,,C,,,C,,,C,C,,,	snv
chr8	98120706	98120707	rs185255528	C	0.0345447,-inf,0.037191,-inf,-inf,0.0300259,-inf,-inf,-inf,-inf,0.0183333,-inf,	C,,C,,,C,,,,,C,,	T,,T,,,T,,,,,T,,	snv
chr8	98120724	98120725	rs6985147	G	0.410144,-inf,0.418283,-inf,-inf,0.413051,-inf,-inf,-inf,-inf,-inf,-inf,	G,,G,,,G,,,,,,,	C,,C,,,C,,,,,,,	snv
chr8	98120792	98120793	rs6984915	C	0.264177,-inf,0.286673,-inf,-inf,0.296846,-inf,-inf,-inf,-inf,0.436667,0.240566,	C,,C,,,C,,,,,C,C,	T,,T,,,T,,,,,T,T,	snv
chr8	98120927	98120928	rs62522162	G	0.0744808,-inf,0.111047,-inf,-inf,0.142423,-inf,-inf,0.173067,0.167206,0.165,-inf,	G,,G,,,G,,,G,G,G,,	A,,A,,,A,,,A,A,A,,	snv
chr8	98120955	98120956	rs111927216	A	0.0746805,-inf,0.0600233,-inf,-inf,0.0515173,-inf,-inf,0.0319149,0.0304746,0.0216667,0.00925926,	A,,A,,,A,,,A,A,A,A,	G,,G,,,G,,,G,G,G,G,	snv
chr8	98120981	98120982	rs112660892	C	0.0746805,-inf,0.0600153,-inf,-inf,0.0513941,-inf,-inf,0.0316554,0.030205,0.0216667,0.00943396,	C,,C,,,C,,,C,C,C,C,	T,,T,,,T,,,T,T,T,T,	snv
chr8	98121010	98121011	rs11988409	G	0.0698882,-inf,0.070647,-inf,-inf,0.0623445,-inf,-inf,0.0168656,0.0169903,0.02,-inf,	G,,G,,,G,,,G,G,G,,	A,,A,,,A,,,A,A,A,,	snv
chr8	98121449	98121450	rs4734384	A	0.264976,-inf,0.288218,-inf,-inf,0.298909,-inf,0.358259,0.363778,0.37945,0.438333,-inf,	A,,A,,,A,,A,A,A,A,,	C,,C,,,C,,C,C,C,C,,	snv
chr8	98121631	98121632	rs145019040	C	0.0101837,-inf,0.0019591,-inf,-inf,0.00112954,-inf,-inf,-inf,-inf,-inf,-inf,	C,,C,,,C,,,,,,,	T,,T,,,T,,,,,,,	snv
chr8	98121641	98121642	rs117887884	C	0.0159744,-inf,0.0164373,-inf,-inf,0.0121478,-inf,-inf,0.0160872,0.0161812,0.0166667,-inf,	C,,C,,,C,,,C,C,C,,	T,,T,,,T,,,T,T,T,,	snv
chr8	98121666	98121667	rs146874895	G	0.0159744,-inf,-inf,-inf,-inf,0.0117716,-inf,-inf,-inf,-inf,0.015,-inf,	G,,,,,G,,,,,G,,	A,,,,,A,,,,,A,,	snv
chr8	98121684	98121700	rs35137527	TTTTTTTTTTTTTTTT	0.313299,-inf,-inf,-inf,-inf,-inf,-inf,-inf,-inf,-inf,-inf,-inf,	TTTTTTTTTTTTTTTT,,,,,,,,,,,,	TTTTTTTTTTTTTTT,,,,,,,,,,,,	delins
chr8	98121859	98121860	rs112416669	T	0.0539137,-inf,0.0541778,-inf,-inf,0.0496735,-inf,-inf,0.000518941,0.000539374,-inf,-inf,	T,,T,,,T,,,T,T,,,	A,,A,,,A,,,A,A,,,	snv
chr8	98121880	98121881	rs12546976	T	0.264776,-inf,0.287796,-inf,-inf,0.297163,-inf,0.356186,0.364037,0.37945,0.436667,0.235849,	T,,T,,,T,,T,T,T,T,T,	G,,G,,,G,,G,G,G,G,G,	snv
chr8	98121926	98121927	rs183638244	C	0.0345447,-inf,0.0374379,-inf,-inf,0.0314178,-inf,0.0171875,0.0319149,0.0304746,0.0216667,-inf,	C,,C,,,C,,C,C,C,C,,	T,,T,,,T,,T,T,T,T,,	snv
chr8	98121979	98121980	rs113059206	C	0.0752796,-inf,-inf,-inf,-inf,0.0518386,-inf,0.0169643,0.0321744,0.0307443,0.0216667,0.00934579,	C,,,,,C,,C,C,C,C,C,	T,,,,,T,,T,T,T,T,T,	snv
chr8	98122458	98122459	rs141055723	G	0.0133786,-inf,0.0116829,-inf,-inf,0.00942915,-inf,-inf,0.000259471,0,-inf,-inf,	G,,G,,,G,,,G,G,,,	A,,A,,,A,,,A,A,,,	snv
chr8	98122759	98122760	rs76979034	T	0.0101837,-inf,0.00185557,-inf,-inf,0.00101898,-inf,-inf,-inf,-inf,-inf,0.00934579,	T,,T,,,T,,,,,,T,	C,,C,,,C,,,,,,C,	snv
chr8	98122981	98122982	rs17764917	A	0.27496,-inf,0.293697,-inf,-inf,-inf,-inf,0.358482,0.363778,0.379989,0.438333,0.266355,	A,,A,,,,,A,A,A,A,A,	C,,C,,,,,C,C,C,C,C,	snv
chr8	98123208	98123209	rs11997551	A	0.418131,-inf,0.423754,-inf,-inf,0.415475,-inf,0.382366,0.412039,0.425836,0.48,0.275701,	A,,A,,,A,,A,A,A,A,A,	G,,G,,,G,,G,G,G,G,G,	snv
chr8	98123516	98123517	rs138050896	G	0.0153754,-inf,0.0136659,0.0043908,-inf,0.0115529,0.0146086,-inf,-inf,-inf,-inf,-inf,	G,,G,G,,G,G,,,,,,	A,,A,A,,A,A,,,,,,	snv
chr8	98123558	98123559	rs28556674	A	0.154353,-inf,0.167089,-inf,-inf,0.190297,-inf,0.258598,0.214063,0.209547,0.19,0.0560748,	A,,A,,,A,,A,A,A,A,A,	G,,G,,,G,,G,G,G,G,G,	snv
chr8	98123980	98123981	rs13280283	A	0.273762,-inf,0.292973,-inf,-inf,0.301289,-inf,0.358482,0.364037,0.37945,0.438333,0.247619,	A,,A,,,A,,A,A,A,A,A,	G,,G,,,G,,G,G,G,G,G,	snv
chr8	98124234	98124235	rs13281146	A	0.418131,-inf,0.423922,-inf,-inf,0.415682,-inf,0.38192,0.413077,0.427994,0.48,0.271028,	A,,A,,,A,,A,A,A,A,A,	G,,G,,,G,,G,G,G,G,G,	snv
chr8	98124238	98124239	rs114464477	C	0.0221645,-inf,0.0189061,-inf,-inf,0.0175807,-inf,-inf,-inf,-inf,-inf,-inf,	C,,C,,,C,,,,,,,	A,,A,,,A,,,,,,,	snv
chr8	98124390	98124391	rs116879341	G	0.0217652,-inf,0.0217094,-inf,-inf,0.022794,-inf,0.0171875,0.0249092,0.0299353,0.0183333,0.00943396,	G,,G,,,G,,G,G,G,G,G,	A,,A,,,A,,A,A,A,A,A,	snv
chr8	98124440	98124441	rs111841960	A	0.0748802,-inf,0.0604533,-inf,-inf,0.0515559,-inf,0.0171875,0.0319149,0.0304746,0.0216667,0.00925926,	A,,A,,,A,,A,A,A,A,A,	G,,G,,,G,,G,G,G,G,G,	snv
chr8	98124667	98124668	rs76141957	C	0.0103834,-inf,0.00187946,-inf,-inf,0.00101917,-inf,-inf,-inf,-inf,-inf,0.00925926,	C,,C,,,C,,,,,,C,	T,,T,,,T,,,,,,T,	snv
chr8	98124732	98124733	rs10504985	T	0.271765,-inf,0.291627,-inf,-inf,-inf,-inf,0.358482,0.363518,0.37945,0.438333,0.257009,	T,,T,,,,,T,T,T,T,T,	A,,A,,,,,A,A,A,A,A,	snv
chr8	98124839	98124840	rs115961914	T	0.0163738,-inf,0.012551,-inf,-inf,0.0113065,-inf,-inf,-inf,-inf,-inf,-inf,	T,,T,,,T,,,,,,,	A,,A,,,A,,,,,,,	snv
chr8	98124924	98124925	rs10808358	G	0.417732,-inf,0.423611,-inf,0.411484,0.415441,-inf,0.382366,0.412558,0.427184,0.48,0.280374,	G,,G,,G,G,,G,G,G,G,G,	A,,A,,A,A,,A,A,A,A,A,	snv
chr8	98125345	98125346	rs12549139	T	0.41893,-inf,0.424543,-inf,-inf,0.418975,-inf,0.378741,0.412299,0.426375,0.48,-inf,	T,,T,,,T,,T,T,T,T,,	C,,C,,,C,,C,C,C,C,,	snv
chr8	98125566	98125567	rs113226357	G	0.0465256,-inf,0.0471697,-inf,-inf,0.0432174,-inf,-inf,0.000518941,0.000539374,-inf,-inf,	G,,G,,,G,,,G,G,,,	T,,T,,,T,,,T,T,,,	snv
chr8	98125602	98125603	rs10429310	C	0.41893,-inf,0.4242,-inf,-inf,0.416581,-inf,0.38192,0.412818,0.426915,0.48,-inf,	C,,C,,,C,,C,C,C,C,,	T,,T,,,T,,T,T,T,T,,	snv
chr8	98125783	98125784	rs13264776	C	0.274561,-inf,0.293459,-inf,-inf,0.302027,-inf,0.358482,0.364037,0.37945,0.438333,-inf,	C,,C,,,C,,C,C,C,C,,	T,,T,,,T,,T,T,T,T,,	snv
chr8	98126076	98126077	rs113542661	G	0.0644968,-inf,-inf,-inf,-inf,0.0507116,-inf,0.0169643,0.0319149,0.0304746,0.0216667,-inf,	G,,,,,G,,G,G,G,G,,	A,,,,,A,,A,A,A,A,,	snv
chr8	98126090	98126091	rs9297282	T	0.312899,-inf,0.301438,-inf,-inf,0.297419,-inf,0.360912,0.372081,0.362999,0.33,0.306604,	C,,C,,,C,,C,C,C,C,T,	T,,T,,,T,,T,T,T,T,C,	snv
chr8	98126091	98126092	rs150054684	G	0.0151757,-inf,-inf,-inf,-inf,0.0117392,-inf,-inf,-inf,-inf,-inf,-inf,	G,,,,,G,,,,,,,	A,,,,,A,,,,,,,	snv
chr8	98126202	98126203	rs13266661	G	0.274561,-inf,0.293411,-inf,-inf,0.300269,-inf,0.357812,0.36274,0.378101,0.438333,-inf,	G,,G,,,G,,G,G,G,G,,	T,,T,,,T,,T,T,T,T,,	snv
chr8	98126209	98126210	rs10429316	G	0.419129,-inf,0.424479,-inf,-inf,0.41525,-inf,0.38125,0.41178,0.425566,0.48,-inf,	G,,G,,,G,,G,G,G,G,,	A,,A,,,A,,A,A,A,A,,	snv
chr8	98126259	98126260	rs16896652	T	0.0539137,-inf,0.0541858,-inf,-inf,0.0498087,-inf,-inf,0.000518941,0.000539374,-inf,-inf,	T,,T,,,T,,,T,T,,,	C,,C,,,C,,,C,C,,,	snv
chr8	98126652	98126653	rs113842188	A	0.0465256,-inf,0.0472174,-inf,-inf,0.0429727,-inf,-inf,0.000518941,0.000539374,-inf,-inf,	A,,A,,,A,,,A,A,,,	G,,G,,,G,,,G,G,,,	snv
chr8	98126873	98126874	rs76344584	C	0.0698882,-inf,0.0706948,-inf,-inf,0.0625677,-inf,0.00625,0.0168656,0.0169903,0.02,-inf,	C,,C,,,C,,C,C,C,C,,	T,,T,,,T,,T,T,T,T,,	snv
chr8	98127222	98127223	rs2877459	C	0.186901,-inf,0.196563,-inf,-inf,0.217713,-inf,0.262946,0.222107,0.221143,0.196667,0.0555556,	C,,C,,,C,,C,C,C,C,C,	T,,T,,,T,,T,T,T,T,T,	snv
chr8	98127381	98127382	rs4735529	C	0.446086,-inf,0.477526,-inf,-inf,0.492718,-inf,0.456696,0.5,0.495685,0.441667,0.278302,	C,,C,,,C,,T,C,T,T,C,	T,,T,,,T,,C,T,C,C,T,	snv
chr8	98127855	98127856	rs75598961	C	0.029353,-inf,0.0281441,-inf,-inf,0.0306702,-inf,0.0361607,0.0384017,0.0428803,0.0316667,0.00925926,	C,,C,,,C,,C,C,C,C,C,	G,,G,,,G,,G,G,G,G,G,	snv
chr8	98127979	98127980	rs3802195	T	0.256589,-inf,0.256817,-inf,0.301798,-inf,-inf,0.154911,0.198495,0.186084,0.191667,0.204762,	G,,G,,G,,,G,G,G,G,G,	T,,T,,T,,,T,T,T,T,T,	snv
chr8	98128150	98128151	rs3802196	T	0.145767,-inf,0.156632,-inf,-inf,0.146764,-inf,0.15431,0.197717,0.183387,0.19,0.185714,	G,,G,,,G,,G,G,G,G,G,	T,,T,,,T,,T,T,T,T,T,	snv
chr8	98128879	98128880	rs28460391	T	0.316494,-inf,0.362871,-inf,-inf,0.362639,-inf,0.391964,0.380643,0.359493,0.386667,-inf,	C,,C,,,C,,C,C,C,C,,	T,,T,,,T,,T,T,T,T,,	snv
chr8	98129020	98129021	rs4734386	G	0.316693,-inf,0.362855,-inf,-inf,0.362152,-inf,0.391295,0.380643,0.358684,0.386667,-inf,	C,,C,,,C,,C,C,C,C,,	G,,G,,,G,,G,G,G,G,,	snv
chr8	98129585	98129586	rs7840318	T	0.407947,-inf,0.450306,-inf,0.469463,0.440681,-inf,0.408929,0.41152,0.38808,0.405,0.282407,	C,,C,,C,C,,C,C,C,C,C,	T,,T,,T,T,,T,T,T,T,T,	snv
chr8	98129736	98129737	rs17184067	C	0.0231629,-inf,0.0229039,-inf,-inf,0.0236624,-inf,0.0183036,0.0285418,0.0307443,0.02,0.00925926,	C,,C,,,C,,C,C,C,C,C,	T,,T,,,T,,T,T,T,T,T,	snv
chr8	98129828	98129829	rs73701260	T	0.01877,-inf,0.0167001,-inf,-inf,0.0150029,-inf,-inf,0.00103788,0.000539374,-inf,-inf,	T,,T,,,T,,,T,T,,,	C,,C,,,C,,,C,C,,,	snv
chr8	98130462	98130463	rs116017409	A	0.0107827,-inf,0.0111573,-inf,-inf,0.0102541,-inf,-inf,-inf,-inf,-inf,-inf,	A,,A,,,A,,,,,,,	G,,G,,,G,,,,,,,	snv
chr8	98130500	98130501	rs17765119	G	0.0231629,-inf,0.0226889,-inf,-inf,0.0236832,-inf,0.0183036,0.0282823,0.031014,0.02,0.00934579,	G,,G,,,G,,G,G,G,G,G,	A,,A,,,A,,A,A,A,A,A,	snv
chr8	98130538	98130539	rs200529403	T	0.0101837,-inf,0.00187946,-inf,-inf,0.00301716,-inf,-inf,-inf,-inf,-inf,-inf,	T,,T,,,T,,,,,,,	G,,G,,,G,,,,,,,	snv
chr8	98130543	98130544	rs59547925	T	0.0127796,-inf,0.0132438,-inf,0.019786,0.0355633,-inf,-inf,-inf,-inf,-inf,-inf,	T,,T,,T,T,,,,,,,	C,,C,,C,C,,,,,,,	snv
chr8	98130545	98130552	rs34286627	GGAGGAG	0.189097,-inf,-inf,-inf,-inf,0.187852,-inf,0.155134,0.204722,0.190399,0.196667,-inf,	GGAG,,,,,GGAG,,GGAG,GGAG,GGAG,GGAG,,	GGAGGAG,,,,,GGAGGAG,,GGAGGAG,GGAGGAG,GGAGGAG,GGAGGAG,,	delins
chr8	98130604	98130605	rs55691545	G	0.0800719,-inf,0.0747643,-inf,0.0944346,0.065521,-inf,0.0191964,0.0319149,0.0299353,0.0183333,0.00925926,	G,,G,,G,G,,G,G,G,G,G,	A,,A,,A,A,,A,A,A,A,A,	snv
chr8	98130683	98130684	rs58818924	G	0.0686901,-inf,0.072407,-inf,-inf,0.0642652,-inf,0.0191964,0.0319149,0.030205,0.0183333,-inf,	G,,G,,,G,,G,G,G,G,,	A,,A,,,A,,A,A,A,A,,	snv
chr8	98131262	98131265	rs34614400	CCC	0.0127796,-inf,0.0132199,-inf,-inf,0.0122301,-inf,-inf,-inf,-inf,-inf,-inf,	CCC,,CCC,,,CCC,,,,,,,	CCCC,,CCCC,,,CCCC,,,,,,,	delins
chr8	98131320	98131321	rs77645195	A	0.0345447,-inf,0.0322933,-inf,-inf,0.027845,-inf,-inf,0,0.000269687,-inf,-inf,	A,,A,,,A,,,A,A,,,	G,,G,,,G,,,G,G,,,	snv
chr8	98131484	98131485	rs12549651	T	0.0295527,-inf,0.0280724,-inf,-inf,0.030442,-inf,0.0363839,0.0381422,0.0423409,0.03,0.00925926,	T,,T,,,T,,T,T,T,T,T,	C,,C,,,C,,C,C,C,C,C,	snv
chr8	98131637	98131638	rs10453057	A	0.0800719,-inf,0.0748359,-inf,-inf,0.0669735,-inf,0.0191964,0.0316554,0.0304746,0.0183333,0.00934579,	A,,A,,,A,,A,A,A,A,A,	G,,G,,,G,,G,G,G,G,G,	snv
chr8	98131664	98131667	rs11293197	TTT	0.410144,-inf,0.451875,-inf,-inf,0.441866,-inf,0.409375,0.412299,0.38835,0.405,-inf,	TT,,TT,,,TT,,TT,TT,TT,TT,,	TTT,,TTT,,,TTT,,TTT,TTT,TTT,TTT,,	delins
chr8	98131946	98131947	rs184695081	G	0.0121805,-inf,0.00634716,-inf,-inf,0.00254858,-inf,-inf,-inf,-inf,-inf,-inf,	G,,G,,,G,,,,,,,	A,,A,,,A,,,,,,,	snv
chr8	98131947	98131948	rs6468616	G	0.410144,-inf,0.451365,-inf,-inf,0.440752,-inf,0.408929,0.412299,0.388619,0.405,0.275701,	C,,C,,,C,,C,C,C,C,C,	G,,G,,,G,,G,G,G,G,G,	snv
chr8	98131970	98131971	rs10453067	T	0.0802716,-inf,0.0748121,-inf,-inf,0.0657425,-inf,0.0191964,0.0319149,0.030205,0.0183333,0.00934579,	T,,T,,,T,,T,T,T,T,T,	C,,C,,,C,,C,C,C,C,C,	snv
chr8	98132295	98132296	rs1870954	T	0.307907,-inf,0.35615,-inf,-inf,0.359064,-inf,0.384375,0.381162,0.358954,0.38,0.275701,	C,,C,,,C,,C,C,C,C,C,	T,,T,,,T,,T,T,T,T,T,	snv
chr8	98132577	98132578	rs117472303	A	0.0101837,-inf,0.00187946,-inf,-inf,0.00101937,-inf,-inf,-inf,-inf,-inf,-inf,	A,,A,,,A,,,,,,,	G,,G,,,G,,,,,,,	snv
chr8	98132697	98132698	rs10955149	T	0.307508,-inf,0.356253,-inf,-inf,0.362552,-inf,0.38817,0.380903,0.357066,0.38,0.27619,	C,,C,,,C,,C,C,C,C,C,	T,,T,,,T,,T,T,T,T,T,	snv
chr8	98132699	98132700	rs2232	G	0.400359,-inf,0.444301,-inf,-inf,0.441042,-inf,0.40692,0.412818,0.387271,0.398333,-inf,	A,,A,,,A,,A,A,A,A,,	G,,G,,,G,,G,G,G,G,,	snv
chr8	98133499	98133500	rs73701263	C	0.0826677,-inf,0.078133,-inf,-inf,0.0688325,-inf,0.0191964,0.0319149,0.0304746,0.0183333,0.00934579,	C,,C,,,C,,C,C,C,C,C,	T,,T,,,T,,T,T,T,T,T,	snv
chr8	98133573	98133574	rs73701265	G	0.0800719,-inf,0.0747085,-inf,-inf,0.0657601,-inf,0.0191964,0.0319149,0.0304746,0.0183333,0.00462963,	G,,G,,,G,,G,G,G,G,G,	C,,C,,,C,,C,C,C,C,C,	snv
chr8	98133719	98133720	rs73701266	G	0.0798722,-inf,0.0747165,-inf,-inf,0.0656981,-inf,0.0191964,0.0319149,0.0304746,0.0183333,-inf,	G,,G,,,G,,G,G,G,G,,	A,,A,,,A,,A,A,A,A,,	snv
chr8	98133799	98133799	rs555902323		0.0101837,-inf,-inf,-inf,-inf,0.00101904,-inf,-inf,-inf,-inf,-inf,-inf,	,,,,,,,,,,,,	TTCTCCTTCTC,,,,,TTCTCCTTCTC,,,,,,,	ins
chr8	98133875	98133876	rs73701267	C	0.0798722,-inf,0.0747006,-inf,-inf,0.0656469,-inf,0.0191964,0.0319149,0.0304746,0.0183333,0.00934579,	C,,C,,,C,,C,C,C,C,C,	T,,T,,,T,,T,T,T,T,T,	snv
chr8	98134278	98134279	rs73701268	T	0.0800719,-inf,0.0746846,-inf,-inf,0.0657132,-inf,0.0191964,0.0319149,0.0299353,0.0183333,0.00925926,	T,,T,,,T,,T,T,T,T,T,	A,,A,,,A,,A,A,A,A,A,	snv
chr8	98134376	98134377	rs16896659	A	0.121805,-inf,0.113612,-inf,-inf,0.118715,-inf,0.149777,0.138817,0.153182,0.19,0.254717,	A,,A,,,A,,A,A,A,A,A,	C,,C,,,C,,C,C,C,C,C,	snv
chr8	98134433	98134434	rs73701269	C	0.0800719,0.0483993,0.0746767,0.0496697,-inf,0.0655816,0.0771951,0.0191964,0.031396,0.0299353,0.0183333,0.00925926,	C,C,C,C,,C,C,C,C,C,C,C,	T,T,T,T,,T,T,T,T,T,T,T,	snv
chr8	98134580	98134581	rs34680723	C	0.0127796,0.00298322,0.0132996,0.00360928,-inf,0.0123233,0.0141473,-inf,-inf,-inf,-inf,-inf,	C,C,C,C,,C,C,,,,,,	T,T,T,T,,T,T,,,,,,	snv
chr8	98134863	98134864	rs58328760	C	0.0127796,-inf,0.0132916,-inf,-inf,0.0123358,-inf,-inf,-inf,-inf,-inf,-inf,	C,,C,,,C,,,,,,,	A,,A,,,A,,,,,,,	snv
chr8	98135057	98135058	rs76690475	A	0.0800719,-inf,0.0748917,-inf,-inf,0.065719,-inf,0.0194196,0.0321744,0.0299353,0.0183333,0.00943396,	A,,A,,,A,,A,A,A,A,A,	G,,G,,,G,,G,G,G,G,G,	snv
chr8	98135094	98135095	rs111356455	C	0.0129792,-inf,0.0133075,-inf,-inf,0.0123205,-inf,-inf,-inf,-inf,-inf,-inf,	C,,C,,,C,,,,,,,	T,,T,,,T,,,,,,,	snv
chr8	98135105	98135106	rs79363673	T	0.0802716,-inf,0.0747085,-inf,-inf,0.0656895,-inf,0.0191964,0.0316554,0.0296656,0.0183333,0.00925926,	T,,T,,,T,,T,T,T,T,T,	C,,C,,,C,,C,C,C,C,C,	snv
chr8	98135706	98135707	rs75626022	A	0.0105831,-inf,-inf,-inf,-inf,0.00401983,-inf,-inf,-inf,-inf,-inf,-inf,	A,,,,,A,,,,,,,	T,,,,,T,,,,,,,	snv
chr8	98135820	98135824	rs58233241	CCCC	0.0806709,-inf,0.0747324,-inf,-inf,0.0657466,-inf,0.0191964,0.0319149,0.0299353,0.0183333,-inf,	CCCC,,CCCC,,,CCCC,,CCCC,CCCC,CCCC,CCCC,,	CCC,,CCC,,,CCC,,CCC,CCC,CCC,CCC,,	delins
chr8	98135917	98135918	rs79655710	T	0.0800719,-inf,0.0740714,-inf,-inf,0.0650606,-inf,0.0189732,0.0321744,0.0304746,0.0183333,0.00934579,	T,,T,,,T,,T,T,T,T,T,	C,,C,,,C,,C,C,C,C,C,	snv
chr8	98135953	98135954	rs116938203	C	0.0109824,-inf,0.00418897,-inf,-inf,0.00296235,-inf,0.000223214,0,0.000539374,0.005,0.00934579,	C,,C,,,C,,C,C,C,C,C,	T,,T,,,T,,T,T,T,T,T,	snv
chr8	98135984	98135985	rs112491901	G	0.0804712,-inf,0.0747245,-inf,-inf,0.0656862,-inf,0.0191964,0.0319149,0.0299353,0.0183333,0.00943396,	G,,G,,,G,,G,G,G,G,G,	A,,A,,,A,,A,A,A,A,A,	snv
chr8	98136004	98136005	rs6999826	G	0.402556,-inf,0.447025,-inf,-inf,0.436433,-inf,0.40625,0.418267,0.392125,0.398333,0.287736,	T,,T,,,T,,T,T,T,T,T,	G,,G,,,G,,G,G,G,G,G,	snv
chr8	98136056	98136057	rs4543513	C	0.13758,-inf,0.150428,-inf,0.126993,0.144772,-inf,0.149554,0.197457,0.182309,0.188333,-inf,	A,,A,,A,A,,A,A,A,A,,	C,,C,,C,C,,C,C,C,C,,	snv
chr8	98136065	98136066	rs4543514	T	0.309305,-inf,-inf,-inf,-inf,0.362813,-inf,-inf,-inf,-inf,0.378333,-inf,	A,,,,,A,,,,,A,,	T,,,,,T,,,,,T,,	snv
chr8	98136068	98136095	rs202067789	TTTTTTATTTTTTATTTTTTATTTTTT	0.0928514,-inf,-inf,-inf,-inf,0.108383,-inf,-inf,0.390763,0.365965,0.0183333,-inf,	TTTTTTATTTTTTATTTTTTATTTTTT,,,,,TTTTTTATTTTTTATTTTTTATTTTTT,,,TTTTTTATTTTTTATTTTTT,TTTTTTATTTTTTATTTTTT,TTTTTTATTTTTTATTTTTTATTTTTT,,	TTTTTTATTTTTTATTTTTT,,,,,TTTTTTATTTTTTATTTTTT,,,TTTTTTATTTTTTATTTTTTATTTTTT,TTTTTTATTTTTTATTTTTTATTTTTT,TTTTTTATTTTTTATTTTTT,,	delins
chr8	98136082	98136096	rs148544823	TTTTTTATTTTTTT	0.401358,-inf,-inf,-inf,-inf,0.440345,-inf,-inf,0.390503,0.363538,0.396667,-inf,	TTTTTT,,,,,TTTTTT,,,TTTTTT,TTTTTT,TTTTTT,,	TTTTTTATTTTTTT,,,,,TTTTTTATTTTTTT,,,TTTTTTATTTTTTT,TTTTTTATTTTTTT,TTTTTTATTTTTTT,,	delins
chr8	98136120	98136121	rs144890016	C	0.0802716,-inf,0.0747085,-inf,-inf,0.0659141,-inf,0.0189817,0.031396,0.0283172,0.0183333,-inf,	C,,C,,,C,,C,C,C,C,,	T,,T,,,T,,T,T,T,T,,	snv
chr8	98136142	98136143	rs112147546	C	0.0806709,-inf,0.0747245,-inf,-inf,0.0655072,-inf,0.0187584,0.031396,0.0283172,0.0183333,-inf,	C,,C,,,C,,C,C,C,C,,	T,,T,,,T,,T,T,T,T,,	snv
chr8	98136312	98136313	rs113840326	T	0.0341454,-inf,0.0366017,-inf,-inf,0.0303917,-inf,0.0176339,0.0300986,0.0291262,0.0166667,-inf,	T,,T,,,T,,T,T,T,T,,	C,,C,,,C,,C,C,C,C,,	snv
chr8	98136387	98136388	rs76745470	T	0.0804712,-inf,0.0746926,-inf,-inf,0.0638236,-inf,-inf,0.030877,0.0280475,0.0166667,0.00485437,	T,,T,,,T,,,T,T,T,T,	G,,G,,,G,,,G,G,G,G,	snv
chr8	98136398	98136401	rs113307100	TTT	0.0802716,-inf,-inf,-inf,-inf,0.0638023,-inf,-inf,0.0236118,0.0234628,0.0183333,-inf,	TTT,,,,,TTT,,,TTT,TTT,TTT,,	TT,,,,,TT,,,TT,TT,TT,,	delins
chr8	98136412	98136413	rs115741751	C	0.0804712,-inf,0.0745891,-inf,-inf,0.0646894,-inf,0.0176339,-inf,-inf,0.0183333,0.0046729,	C,,C,,,C,,C,,,C,C,	A,,A,,,A,,A,,,A,A,	snv
chr8	98136428	98136429	rs75347577	G	0.0804712,-inf,0.0747245,-inf,-inf,0.0653343,-inf,0.0191964,0.031396,0.0285868,0.0183333,0.0046729,	G,,G,,,G,,G,G,G,G,G,	A,,A,,,A,,A,A,A,A,A,	snv
chr8	98136470	98136471	rs78782053	T	0.0127796,0.00297234,0.0132916,0.00348754,-inf,0.0124089,0.0138389,-inf,-inf,-inf,-inf,-inf,	T,T,T,T,,T,T,,,,,,	C,C,C,C,,C,C,,,,,,	snv
chr8	98136597	98136598	rs62639698	T	0.0191693,0.00371768,0.0155852,0.00436234,-inf,0.0134239,0.0144549,-inf,-inf,-inf,-inf,-inf,	T,T,T,T,,T,T,,,,,,	A,A,A,A,,A,A,,,,,,	snv
chr8	98137307	98137318	rs113798017	TTTTTTTTTTT	0.0898562,-inf,-inf,-inf,-inf,0.0718651,-inf,-inf,-inf,-inf,0.0183333,-inf,	TTTTTTTTTTT,,,,,TTTTTTTTTTT,,,,,TTTTTTTTTTT,,	TTTTTTTTTT,,,,,TTTTTTTTTT,,,,,TTTTTTTTTT,,	delins
chr8	98137325	98137326	rs74644398	T	0.0804712,-inf,0.0747643,-inf,-inf,0.0648862,-inf,0.0189732,0.031396,0.0291262,0.0183333,-inf,	T,,T,,,T,,T,T,T,T,,	G,,G,,,G,,G,G,G,G,,	snv
chr8	98137335	98137336	rs114621778	C	0.0798722,-inf,0.0745731,-inf,-inf,0.0651334,-inf,0.0189732,0.031396,0.0288565,0.0183333,-inf,	C,,C,,,C,,C,C,C,C,,	T,,T,,,T,,T,T,T,T,,	snv
chr8	98137353	98137354	rs118166746	A	0.0798722,-inf,0.074597,-inf,-inf,0.0647643,-inf,0.0189732,0.031396,0.0288565,0.0183333,-inf,	A,,A,,,A,,A,A,A,A,,	G,,G,,,G,,G,G,G,G,,	snv
chr8	98137492	98137493	rs144861722	G	0.0189696,-inf,-inf,-inf,-inf,0.013324,-inf,-inf,-inf,-inf,-inf,-inf,	G,,,,,G,,,,,,,	T,,,,,T,,,,,,,	snv
chr8	98137638	98137639	rs2034596	C	0.113419,-inf,0.106365,-inf,-inf,0.09309,-inf,0.0191964,0.0319149,0.030205,0.0166667,0.00934579,	C,,C,,,C,,C,C,C,C,C,	T,,T,,,T,,T,T,T,T,T,	snv
chr8	98137704	98137705	rs717229	G	0.30631,-inf,0.358268,-inf,-inf,0.361467,-inf,0.3875,0.386092,0.361111,0.38,0.266355,	A,,A,,,A,,A,A,A,A,A,	G,,G,,,G,,G,G,G,G,G,	snv
chr8	98137707	98137708	rs141737085	C	0.0127796,-inf,0.013419,-inf,-inf,0.0124522,-inf,-inf,-inf,-inf,-inf,-inf,	C,,C,,,C,,,,,,,	T,,T,,,T,,,,,,,	snv
chr8	98137945	98137946	rs717230	C	0.208067,-inf,0.205275,-inf,-inf,0.194606,-inf,0.145536,0.181629,0.168824,0.168333,0.217593,	T,,T,,,T,,T,T,T,T,T,	C,,C,,,C,,C,C,C,C,C,	snv
chr8	98138319	98138322	rs56169443	CCC	0.307508,-inf,0.289771,-inf,-inf,0.30228,-inf,0.390848,0.307732,0.308522,0.275,0.471429,	CC,,CC,,,CC,,CC,CC,CC,CC,CCC,	CCC,,CCC,,,CCC,,CCC,CCC,CCC,CCC,CC,	delins
chr8	98138757	98138758	rs28628213	A	0.194888,-inf,0.260958,-inf,-inf,0.263193,-inf,0.303125,0.329787,0.314455,0.323333,0.17619,	T,,T,,,T,,T,T,T,T,T,	A,,A,,,A,,A,A,A,A,A,	snv
chr8	98138847	98138866	rs369408285	TTTTTTTTTTTTTTTTTTT	0.0395367,-inf,-inf,-inf,-inf,-inf,-inf,-inf,-inf,-inf,-inf,-inf,	TTTTTTTTTTTTTTTTTTT,,,,,,,,,,,,	TTTTTTTTTTT,,,,,,,,,,,,	delins
chr8	98139145	98139146	rs28655431	C	0.0996406,-inf,0.132414,-inf,-inf,0.127169,-inf,0.134821,0.119097,0.115696,0.0966667,-inf,	C,,C,,,C,,C,C,C,C,,	T,,T,,,T,,T,T,T,T,,	snv
chr8	98139146	98139147	rs114886181	G	0.0357428,-inf,0.0287016,-inf,-inf,0.02619,-inf,-inf,-inf,-inf,-inf,-inf,	G,,G,,,G,,,,,,,	A,,A,,,A,,,,,,,	snv
chr8	98139170	98139171	rs7015881	C	0.0996406,-inf,0.132422,-inf,-inf,0.127313,-inf,0.135268,0.100156,0.10302,0.0966667,-inf,	C,,C,,,C,,C,C,C,C,,	T,,T,,,T,,T,T,T,T,,	snv
chr8	98139187	98139188	rs28417572	C	0.10004,-inf,0.132956,-inf,-inf,0.126945,-inf,0.134821,0.101972,0.10383,0.0966667,-inf,	C,,C,,,C,,C,C,C,C,,	T,,T,,,T,,T,T,T,T,,	snv
chr8	98139192	98139193	rs28420141	G	0.10004,-inf,0.13239,-inf,-inf,0.12677,-inf,0.134821,0.102231,0.10383,0.0966667,-inf,	G,,G,,,G,,G,G,G,G,,	A,,A,,,A,,A,A,A,A,,	snv
chr8	98139234	98139235	rs28439600	C	0.100439,-inf,0.13294,-inf,-inf,0.12748,-inf,0.134598,0.128438,0.12891,0.0966667,-inf,	C,,C,,,C,,C,C,C,C,,	T,,T,,,T,,T,T,T,T,,	snv
chr8	98139472	98139473	rs147531486	C	0.0113818,-inf,0.00476236,-inf,-inf,0.00302741,-inf,0.000223214,0,0.000539374,0.005,0.00934579,	C,,C,,,C,,C,C,C,C,C,	T,,T,,,T,,T,T,T,T,T,	snv
chr8	98139518	98139519	rs112075863	A	0.0165735,-inf,0.0145101,-inf,-inf,0.0119564,-inf,-inf,0.000518941,0.000539374,-inf,-inf,	A,,A,,,A,,,A,A,,,	C,,C,,,C,,,C,C,,,	snv
chr8	98139534	98139535	rs117351645	C	0.0113818,-inf,0.00540743,-inf,-inf,0.00431062,-inf,0.00267857,0.00674624,0.00701187,0.0116667,-inf,	C,,C,,,C,,C,C,C,C,,	T,,T,,,T,,T,T,T,T,,	snv
chr8	98139569	98139570	rs28661810	A	0.10004,-inf,0.131952,-inf,-inf,-inf,-inf,0.133705,0.131033,0.130529,0.0966667,-inf,	A,,A,,,,,A,A,A,A,,	C,,C,,,,,C,C,C,C,,	snv
chr8	98139628	98139629	rs28581864	A	0.10004,-inf,0.132462,-inf,-inf,0.126606,-inf,0.133929,0.130773,0.130529,0.0966667,-inf,	A,,A,,,A,,A,A,A,A,,	G,,G,,,G,,G,G,G,G,,	snv
chr8	98139728	98139730	rs148557625	AA	0.053115,-inf,-inf,-inf,-inf,-inf,-inf,0.112419,-inf,-inf,-inf,-inf,	AA,,,,,,,AA,,,,,	AAA,,,,,,,AAA,,,,,	delins
chr8	98139730	98139731	rs72678802	G	0.10004,-inf,-inf,-inf,0.110399,0.125771,-inf,0.128182,-inf,-inf,0.0966667,-inf,	G,,,,G,G,,G,,,G,,	A,,,,A,A,,A,,,A,,	snv
chr8	98139818	98139819	rs76007115	A	0.0113818,-inf,0.00540743,-inf,-inf,0.00429882,-inf,0.00267857,0.00674624,0.00701187,0.0116667,-inf,	A,,A,,,A,,A,A,A,A,,	G,,G,,,G,,G,G,G,G,,	snv
chr8	98139897	98139898	rs28695425	G	0.10004,-inf,0.132374,-inf,-inf,0.126619,-inf,0.133929,0.125843,0.127023,0.0966667,-inf,	G,,G,,,G,,G,G,G,G,,	A,,A,,,A,,A,A,A,A,,	snv
chr8	98139901	98139902	rs28668499	G	0.10004,-inf,0.13239,-inf,-inf,0.126483,-inf,0.133929,0.125843,0.127023,0.0966667,-inf,	G,,G,,,G,,G,G,G,G,,	T,,T,,,T,,T,T,T,T,,	snv
chr8	98139941	98139942	rs28549107	C	0.10004,-inf,0.13239,-inf,-inf,0.126858,-inf,0.134598,0.128438,0.12918,0.0966667,-inf,	C,,C,,,C,,C,C,C,C,,	T,,T,,,T,,T,T,T,T,,	snv
chr8	98139954	98139955	rs28645170	T	0.10004,-inf,0.132398,-inf,-inf,0.127009,-inf,0.134598,0.128438,0.12891,0.0966667,-inf,	T,,T,,,T,,T,T,T,T,,	C,,C,,,C,,C,C,C,C,,	snv
chr8	98140023	98140024	rs16896666	A	0.0846645,-inf,0.0760146,-inf,-inf,0.0687335,-inf,0.00401786,0.0121951,0.0121359,0.0133333,-inf,	A,,A,,,A,,A,A,A,A,,	G,,G,,,G,,G,G,G,G,,	snv
chr8	98140041	98140043	rs111460631	TT	0.10004,0.115065,0.13239,0.138674,-inf,0.127112,0.15274,0.134598,0.130773,0.130798,0.0966667,-inf,	TT,TT,TT,TT,,TT,TT,TT,TT,TT,TT,,	T,T,T,T,,T,T,T,T,T,T,,	delins
chr8	98140644	98140645	rs17184298	A	0.0541134,-inf,0.0841058,-inf,-inf,0.0860246,-inf,0.117857,-inf,-inf,0.085,-inf,	A,,A,,,A,,A,,,A,,	G,,G,,,G,,G,,,G,,	snv
chr8	98140674	98140675	rs2306130	G	0.0117812,-inf,0.00473847,-inf,-inf,0.00296254,-inf,0.000223214,0,0.000809061,0.005,0.00934579,	G,,G,,,G,,G,G,G,G,G,	A,,A,,,A,,A,A,A,A,A,	snv
chr8	98140859	98140860	rs17184326	A	0.102835,0.113124,0.135098,0.117087,0.115447,0.132749,0.153775,0.149107,0.130254,0.132147,0.09,-inf,	A,A,A,A,A,A,A,A,A,A,A,,	C,C,C,C,C,C,C,C,C,C,C,,	snv
chr8	98140897	98140898	rs28575522	C	0.072484,0.0893028,0.0998105,0.0921757,-inf,0.0961637,0.111641,0.12111,0.0957447,0.0898058,0.075,-inf,	C,C,C,C,,C,C,C,C,C,C,,	T,T,T,T,,T,T,T,T,T,T,,	snv
chr8	98140931	98140932	rs17184361	C	0.0840655,0.0910632,0.109383,0.0947328,-inf,0.104472,0.12179,0.118527,0.0952257,0.0892665,0.0816667,-inf,	C,C,C,C,,C,C,C,C,C,C,,	T,T,T,T,,T,T,T,T,T,T,,	snv
chr8	98141057	98141058	rs16896671	G	0.101238,-inf,0.133243,-inf,-inf,0.128155,-inf,0.135714,0.131292,0.132147,0.101667,-inf,	G,,G,,,G,,G,G,G,G,,	T,,T,,,T,,T,T,T,T,,	snv
chr8	98141348	98141349	rs16896675	C	0.0319489,-inf,0.028399,-inf,-inf,0.0251179,-inf,-inf,0,0.000269687,-inf,-inf,	C,,C,,,C,,,C,C,,,	G,,G,,,G,,,G,G,,,	snv
chr8	98141454	98141455	rs28589768	C	0.101637,-inf,0.134397,-inf,-inf,0.128921,-inf,0.134375,0.130514,0.130798,0.0966667,-inf,	C,,C,,,C,,C,C,C,C,,	T,,T,,,T,,T,T,T,T,,	snv
chr8	98141612	98141620	rs34546404	ATGGATGG	0.101637,-inf,0.134318,-inf,-inf,0.127217,-inf,0.132038,0.130773,0.131338,0.095,-inf,	ATGGATGG,,ATGGATGG,,,ATGGATGG,,ATGGATGG,ATGGATGG,ATGGATGG,ATGGATGG,,	ATGG,,ATGG,,,ATGG,,ATGG,ATGG,ATGG,ATGG,,	delins
chr8	98141827	98141828	rs28541413	A	0.101837,-inf,0.13435,-inf,-inf,0.1286,-inf,0.133482,0.130773,0.131068,0.1,-inf,	A,,A,,,A,,A,A,A,A,,	G,,G,,,G,,G,G,G,G,,	snv
chr8	98142056	98142057	rs16896680	C	0.101837,-inf,0.134437,-inf,0.113725,0.129221,-inf,0.133929,0.130514,0.131068,0.1,-inf,	C,,C,,C,C,,C,C,C,C,,	T,,T,,T,T,,T,T,T,T,,	snv
chr8	98143052	98143053	rs17765430	A	0.0517173,-inf,0.0829033,-inf,-inf,0.0848197,-inf,0.116964,-inf,-inf,0.0883333,-inf,	A,,A,,,A,,A,,,A,,	G,,G,,,G,,G,,,G,,	snv
chr8	98143303	98143304	rs16896685	G	0.212859,-inf,0.190972,-inf,0.237325,0.188481,-inf,0.123884,0.140114,0.145901,0.143333,0.116822,	G,,G,,G,G,,G,G,G,G,G,	A,,A,,A,A,,A,A,A,A,A,	snv
chr8	98143468	98143469	rs62522188	G	0.101238,-inf,0.134421,-inf,-inf,0.128938,-inf,0.134598,0.130254,0.131338,0.1,-inf,	G,,G,,,G,,G,G,G,G,,	C,,C,,,C,,C,C,C,C,,	snv
chr8	98143494	98143495	rs11781906	A	0.0403355,-inf,0.0460945,-inf,-inf,0.0436763,-inf,0.0412946,0.0469642,0.0461165,0.04,0.0047619,	A,,A,,,A,,A,A,A,A,A,	G,,G,,,G,,G,G,G,G,G,	snv
chr8	98143573	98143574	rs112325871	T	0.0155751,-inf,0.0142393,-inf,-inf,0.0117287,-inf,-inf,0.000518941,0.000539374,-inf,-inf,	T,,T,,,T,,,T,T,,,	TT,,TT,,,TT,,,TT,TT,,,	delins
chr8	98143617	98143618	rs62522189	C	0.0980431,-inf,0.126306,-inf,-inf,0.122445,-inf,0.134152,-inf,-inf,0.1,-inf,	C,,C,,,C,,C,,,C,,	T,,T,,,T,,T,,,T,,	snv
chr8	98143743	98143744	rs62522190	C	0.250599,-inf,0.222764,-inf,-inf,0.219095,-inf,0.12433,0.140374,0.145901,0.143333,0.115741,	C,,C,,,C,,C,C,C,C,C,	G,,G,,,G,,G,G,G,G,G,	snv
chr8	98143855	98143856	rs72680607	A	0.0980431,-inf,0.126107,-inf,-inf,0.122256,-inf,0.134152,0.130254,0.131338,0.1,-inf,	A,,A,,,A,,A,A,A,A,,	T,,T,,,T,,T,T,T,T,,	snv
chr8	98144157	98144166	rs146187108	AAAAAAAAA	0.0992412,-inf,-inf,-inf,-inf,-inf,-inf,0.134375,0.129216,0.130798,0.1,-inf,	AAAAAAAAA,,,,,,,AAAAAAAAA,AAAAAAAAA,AAAAAAAAA,AAAAAAAAA,,	AAAAAAAA,,,,,,,AAAAAAAA,AAAAAAAA,AAAAAAAA,AAAAAAAA,,	delins
chr8	98144317	98144318	rs28632091	C	0.252796,-inf,0.222772,-inf,-inf,0.218726,-inf,0.123884,0.139595,0.145631,0.143333,0.109524,	C,,C,,,C,,C,C,C,C,C,	G,,G,,,G,,G,G,G,G,G,	snv
chr8	98144377	98144378	rs113727389	C	0.0203674,-inf,0.0379237,-inf,-inf,0.0533274,-inf,0.0917411,0.0614946,0.061219,0.0366667,-inf,	C,,C,,,C,,C,C,C,C,,	T,,T,,,T,,T,T,T,T,,	snv
chr8	98144639	98144640	rs17184543	G	0.101438,-inf,0.134342,-inf,-inf,0.128992,-inf,0.134375,0.129995,0.131068,0.1,-inf,	G,,G,,,G,,G,G,G,G,,	A,,A,,,A,,A,A,A,A,,	snv
chr8	98144767	98144768	rs17184571	A	0.101438,-inf,0.134357,-inf,-inf,0.128882,-inf,0.134375,0.129995,0.130798,0.1,-inf,	A,,A,,,A,,A,A,A,A,,	G,,G,,,G,,G,G,G,G,,	snv
chr8	98144826	98144827	rs62522191	G	0.0982428,-inf,0.12621,-inf,-inf,0.122394,-inf,0.134375,0.129735,0.130529,0.1,-inf,	G,,G,,,G,,G,G,G,G,,	A,,A,,,A,,A,A,A,A,,	snv
chr8	98144929	98144930	rs149834506	C	0.0153754,-inf,0.0210961,-inf,-inf,0.0207404,-inf,0.0180804,0.0290607,0.0291262,0.03,0.00462963,	C,,C,,,C,,C,C,C,C,C,	T,,T,,,T,,T,T,T,T,T,	snv
chr8	98144962	98144963	rs62522192	C	0.0982428,-inf,0.12621,-inf,-inf,0.122323,-inf,0.134375,0.129476,0.129989,0.1,-inf,	C,,C,,,C,,C,C,C,C,,	T,,T,,,T,,T,T,T,T,,	snv
chr8	98145045	98145046	rs62522193	A	0.0980431,-inf,0.126218,-inf,-inf,0.121819,-inf,0.133929,0.127919,0.12891,0.1,-inf,	A,,A,,,A,,A,A,A,A,,	C,,C,,,C,,C,C,C,C,,	snv
chr8	98145065	98145066	rs62522194	T	0.0980431,-inf,0.126195,-inf,-inf,0.121869,-inf,0.134375,0.127919,0.12891,0.1,-inf,	T,,T,,,T,,T,T,T,T,,	C,,C,,,C,,C,C,C,C,,	snv
chr8	98145256	98145257	rs17184620	G	0.0982428,-inf,0.126203,-inf,-inf,0.122416,-inf,0.134152,0.129995,0.131068,0.1,-inf,	G,,G,,,G,,G,G,G,G,,	C,,C,,,C,,C,C,C,C,,	snv
chr8	98145284	98145285	rs79875461	G	0.0982428,-inf,0.12621,-inf,-inf,0.122322,-inf,0.133929,0.129995,0.131338,0.1,-inf,	G,,G,,,G,,G,G,G,G,,	A,,A,,,A,,A,A,A,A,,	snv
chr8	98145330	98145331	rs62522195	G	0.252995,-inf,0.222867,-inf,-inf,0.21888,-inf,0.124554,0.140374,0.145631,0.143333,0.11215,	G,,G,,,G,,G,G,G,G,G,	A,,A,,,A,,A,A,A,A,A,	snv
chr8	98145378	98145379	rs17765595	C	0.0141773,-inf,0.0201007,-inf,-inf,0.0201312,-inf,0.0183036,0.0290607,0.0291262,0.03,0.00462963,	C,,C,,,C,,C,C,C,C,C,	T,,T,,,T,,T,T,T,T,T,	snv
chr8	98145632	98145633	rs61348164	C	0.286342,-inf,0.2755,-inf,-inf,0.2868,-inf,0.344196,0.288272,0.287217,0.261667,0.371429,	C,,C,,,C,,C,C,C,C,C,	T,,T,,,T,,T,T,T,T,T,	snv
chr8	98145706	98145707	rs62522196	A	0.0519169,-inf,0.0830546,-inf,-inf,0.0847841,-inf,0.116518,-inf,-inf,0.0883333,-inf,	A,,A,,,A,,A,,,A,,	G,,G,,,G,,G,,,G,,	snv
chr8	98145883	98145884	rs28547554	T	0.101637,-inf,0.134652,-inf,-inf,0.12851,-inf,0.133705,0.131033,0.131338,0.1,-inf,	T,,T,,,T,,T,T,T,T,,	C,,C,,,C,,C,C,C,C,,	snv
chr8	98145926	98145927	rs56743833	A	0.0119808,-inf,0.00342444,-inf,-inf,0.00439602,-inf,0.00669643,0.000259471,0,0.015,0.0607477,	A,,A,,,A,,A,A,A,A,A,	G,,G,,,G,,G,G,G,G,G,	snv
chr8	98146158	98146159	rs72680612	G	0.0982428,-inf,-inf,-inf,-inf,0.122366,-inf,0.134375,0.131033,0.131068,0.1,-inf,	G,,,,,G,,G,G,G,G,,	A,,,,,A,,A,A,A,A,,	snv
chr8	98146362	98146363	rs72680613	A	0.0982428,-inf,0.126545,-inf,-inf,0.122524,-inf,0.134375,0.130773,0.130798,0.1,-inf,	A,,A,,,A,,A,A,A,A,,	G,,G,,,G,,G,G,G,G,,	snv
chr8	98146375	98146376	rs62522197	G	0.0982428,-inf,0.126545,-inf,-inf,0.122548,-inf,0.134152,0.131033,0.131338,0.1,-inf,	G,,G,,,G,,G,G,G,G,,	A,,A,,,A,,A,A,A,A,,	snv
chr8	98146549	98146550	rs17184704	A	0.0982428,0.113445,0.126545,0.116194,-inf,0.122323,0.146086,0.134375,0.130773,0.131068,0.1,-inf,	A,A,A,A,,A,A,A,A,A,A,,	G,G,G,G,,G,G,G,G,G,G,,	snv
chr8	98147365	98147366	rs11996826	A	0.439696,-inf,0.431153,-inf,0.496785,0.414633,-inf,0.276562,0.300467,0.306904,0.273333,0.148148,	A,,A,,G,A,,A,A,A,A,A,	G,,G,,A,G,,G,G,G,G,G,	snv
chr8	98147524	98147525	rs17765679	A	0.0155751,-inf,0.0210643,-inf,-inf,0.0206741,-inf,0.0180804,0.0290607,0.0291262,0.03,-inf,	A,,A,,,A,,A,A,A,A,,	G,,G,,,G,,G,G,G,G,,	snv
chr8	98147797	98147798	rs117993578	G	0.0101837,-inf,0.00199095,-inf,-inf,0.00127389,-inf,-inf,-inf,-inf,-inf,0.00925926,	G,,G,,,G,,,,,,G,	A,,A,,,A,,,,,,A,	snv
chr8	98147906	98147907	rs74643454	C	0.0982428,-inf,0.126195,-inf,-inf,0.122235,-inf,0.134375,0.129995,0.131068,0.1,-inf,	C,,C,,,C,,C,C,C,C,,	T,,T,,,T,,T,T,T,T,,	snv
chr8	98148171	98148172	rs17765705	A	0.0982428,-inf,0.12621,-inf,-inf,0.122154,-inf,0.134375,0.130254,0.130798,0.1,-inf,	A,,A,,,A,,A,A,A,A,,	G,,G,,,G,,G,G,G,G,,	snv
chr8	98148179	98148180	rs17184837	G	0.0153754,-inf,0.0210404,-inf,-inf,0.0206435,-inf,0.0180804,0.0290607,0.0291262,0.03,0.0046729,	G,,G,,,G,,G,G,G,G,G,	T,,T,,,T,,T,T,T,T,T,	snv
chr8	98148421	98148422	rs17184865	G	0.0982428,-inf,0.126282,-inf,-inf,0.122427,-inf,0.134152,0.129995,0.130798,0.1,-inf,	G,,G,,,G,,G,G,G,G,,	C,,C,,,C,,C,C,C,C,,	snv
chr8	98148607	98148608	rs9969669	A	0.101438,-inf,0.134342,-inf,-inf,0.128879,-inf,0.134375,0.130254,0.131068,0.1,-inf,	A,,A,,,A,,A,A,A,A,,	C,,C,,,C,,C,C,C,C,,	snv
chr8	98148728	98148729	rs9969536	T	0.0982428,-inf,0.126218,-inf,-inf,0.122435,-inf,0.134375,0.129995,0.131068,0.1,-inf,	T,,T,,,T,,T,T,T,T,,	C,,C,,,C,,C,C,C,C,,	snv
chr8	98149098	98149099	rs72680615	C	0.0982428,-inf,0.126203,-inf,-inf,0.122299,-inf,0.134375,0.129995,0.131068,0.1,-inf,	C,,C,,,C,,C,C,C,C,,	T,,T,,,T,,T,T,T,T,,	snv
chr8	98149264	98149265	rs142221691	C	0.0119808,-inf,0.00532779,-inf,-inf,-inf,-inf,0.00290179,0.00674624,0.00701187,0.0116667,-inf,	C,,C,,,,,C,C,C,C,,	T,,T,,,,,T,T,T,T,,	snv
chr8	98149383	98149384	rs62522198	C	0.0984425,-inf,0.126226,-inf,0.10156,0.122827,-inf,0.134375,0.130254,0.131068,0.1,-inf,	C,,C,,C,C,,C,C,C,C,,	T,,T,,T,T,,T,T,T,T,,	snv
chr8	98149521	98149522	rs62522199	C	0.0988419,-inf,0.126179,-inf,-inf,0.122805,-inf,0.134152,-inf,-inf,0.1,-inf,	C,,C,,,C,,C,,,C,,	T,,T,,,T,,T,,,T,,	snv
chr8	98149566	98149567	rs62522200	G	0.0982428,-inf,0.126529,-inf,-inf,0.122061,-inf,0.133705,0.130254,0.131068,0.1,-inf,	G,,G,,,G,,G,G,G,G,,	T,,T,,,T,,T,T,T,T,,	snv
chr8	98149687	98149688	rs147702723	C	0.0135783,-inf,0.028168,-inf,-inf,0.0263612,-inf,0.0359375,0.0386611,0.0366775,0.03,-inf,	C,,C,,,C,,C,C,C,C,,	T,,T,,,T,,T,T,T,T,,	snv
chr8	98149784	98149806	rs149431668	TAAATAAATAAATAAATAAATA	0.0982428,-inf,-inf,-inf,-inf,-inf,-inf,-inf,0.130514,0.131068,0.1,-inf,	TAAATAAATAAATAAATAAATA,,,,,,,,TAAATAAATAAATAAATAAATA,TAAATAAATAAATAAATAAATA,TAAATAAATAAATAAATAAATA,,	TAAATAAATAAATA,,,,,,,,TAAATAAATAAATA,TAAATAAATAAATA,TAAATAAATAAATA,,	delins
chr8	98150239	98150240	rs10112133	T	0.333466,-inf,0.299662,-inf,-inf,0.288652,-inf,0.142634,0.170472,0.175566,0.173333,0.134259,	T,,T,,,T,,T,T,T,T,T,	C,,C,,,C,,C,C,C,C,C,	snv
chr8	98150405	98150406	rs7000738	T	0.43151,-inf,0.426183,-inf,-inf,0.411489,-inf,0.276562,0.300986,0.306634,0.273333,0.126168,	T,,T,,,T,,T,T,T,T,T,	C,,C,,,C,,C,C,C,C,C,	snv
chr8	98150659	98150660	rs4735530	A	0.299121,0.367395,0.306463,0.358325,-inf,0.309285,0.299708,0.377232,0.405812,0.403182,0.463333,0.452769,	G,G,G,G,,G,G,G,G,G,G,A,	A,A,A,A,,A,A,A,A,A,A,G,	snv
chr8	98150684	98150685	rs117915472	G	0.0101837,0.00420731,0.00211041,0.00443534,-inf,0.00152847,0.000153775,-inf,-inf,-inf,-inf,0.00934579,	G,G,G,G,,G,G,,,,,G,	A,A,A,A,,A,A,,,,,A,	snv
chr8	98150887	98150888	rs79366232	A	0.0101837,-inf,0.00212634,-inf,-inf,0.00152857,-inf,-inf,-inf,-inf,-inf,0.00943396,	A,,A,,,A,,,,,,A,	G,,G,,,G,,,,,,G,	snv
chr8	98151087	98151088	rs184577513	G	0.0463259,-inf,-inf,-inf,-inf,0.00325669,-inf,0.00322878,-inf,-inf,-inf,-inf,	G,,,,,G,,G,,,,,	T,,,,,T,,T,,,,,	snv
chr8	98151091	98151092	rs200139994	G	0.0978435,-inf,-inf,-inf,-inf,0.0800248,-inf,0.102553,0.0801764,0.0903452,0.075,-inf,	G,,,,,G,,G,G,G,G,,	,,,,,,,,,,,,	del
chr8	98151091	98151092	rs370124962	G	0.0764776,-inf,-inf,-inf,-inf,0.035559,-inf,-inf,0.0114167,0.0134844,0.005,-inf,	G,,,,,G,,,G,G,G,,	T,,,,,T,,,T,T,T,,	snv
chr8	98151095	98151096	rs9969548	G	0.0982428,-inf,0.126035,-inf,5.1496e-05,0.115011,-inf,0.124832,-inf,-inf,0.08,-inf,	G,,G,,G,G,,G,,,G,,	T,,T,,T,T,,T,,,T,,	snv
chr8	98151233	98151234	rs78667621	A	0.0139776,-inf,0.0200688,-inf,-inf,0.019921,-inf,0.0180804,0.0290607,0.0291262,0.03,0.0046729,	A,,A,,,A,,A,A,A,A,A,	C,,C,,,C,,C,C,C,C,C,	snv
chr8	98151288	98151289	rs112148569	C	0.0103834,-inf,0.0101379,-inf,-inf,0.00789859,-inf,-inf,0.000259471,0.000269687,-inf,-inf,	C,,C,,,C,,,C,C,,,	T,,T,,,T,,,T,T,,,	snv
chr8	98151412	98151413	rs17184907	T	0.0139776,-inf,0.0199732,-inf,-inf,0.0200663,-inf,0.0180804,0.0290607,0.0291262,0.03,0.00471698,	T,,T,,,T,,T,T,T,T,T,	C,,C,,,C,,C,C,C,C,C,	snv
chr8	98151526	98151527	rs9969553	G	0.0982428,-inf,0.126561,-inf,-inf,0.122377,-inf,0.134152,0.130514,0.131068,0.1,-inf,	G,,G,,,G,,G,G,G,G,,	A,,A,,,A,,A,A,A,A,,	snv
chr8	98151611	98151614	rs147264868	TTT	0.0463259,-inf,0.0433231,-inf,-inf,0.0376173,-inf,0.0174107,0.0241308,0.0231931,0.0116667,-inf,	TTT,,TTT,,,TTT,,TTT,TTT,TTT,TTT,,	TT,,TT,,,TT,,TT,TT,TT,TT,,	delins
chr8	98151641	98151642	rs17184921	T	0.0982428,-inf,0.126569,-inf,-inf,0.122307,-inf,0.134152,0.130514,0.131068,0.1,-inf,	T,,T,,,T,,T,T,T,T,,	C,,C,,,C,,C,C,C,C,,	snv
chr8	98151712	98151713	rs62522202	A	0.0988419,-inf,0.128337,-inf,-inf,0.125025,-inf,0.132589,0.134146,0.133225,0.1,-inf,	A,,A,,,A,,A,A,A,A,,	G,,G,,,G,,G,G,G,G,,	snv
chr8	98151733	98151734	rs62522203	G	0.0982428,-inf,-inf,-inf,-inf,0.120984,-inf,0.131144,0.12766,0.130259,0.101667,-inf,	G,,,,,G,,G,G,G,G,,	A,,,,,A,,A,A,A,A,,	snv
chr8	98151835	98151836	rs62522204	G	0.0415335,-inf,-inf,-inf,-inf,0.0782134,-inf,0.115677,0.105864,0.107335,0.0883333,-inf,	G,,,,,G,,G,G,G,G,,	A,,,,,A,,A,A,A,A,,	snv
chr8	98151964	98151971	rs111936912	CTCAAGT	0.0982428,-inf,-inf,-inf,-inf,0.120281,-inf,0.132143,0.129735,0.131068,0.0983333,-inf,	CTCAAGT,,,,,CTCAAGT,,CTCAAGT,CTCAAGT,CTCAAGT,CTCAAGT,,	CTCAAGTCTCAAGT,,,,,CTCAAGTCTCAAGT,,CTCAAGTCTCAAGT,CTCAAGTCTCAAGT,CTCAAGTCTCAAGT,CTCAAGTCTCAAGT,,	delins
chr8	98152165	98152166	rs62522205	T	0.0984425,-inf,0.126521,-inf,-inf,0.122156,-inf,0.134152,0.130254,0.131068,0.1,-inf,	T,,T,,,T,,T,T,T,T,,	C,,C,,,C,,C,C,C,C,,	snv
chr8	98152217	98152218	rs77432545	T	0.0103834,-inf,0.00923006,-inf,-inf,0.00726022,-inf,-inf,0.000259471,0.000269687,-inf,-inf,	T,,T,,,T,,,T,T,,,	G,,G,,,G,,,G,G,,,	snv
chr8	98152365	98152366	rs62522206	T	0.0363419,-inf,0.0687834,-inf,-inf,0.0730394,-inf,0.116964,0.105864,0.107335,0.0883333,-inf,	T,,T,,,T,,T,T,T,T,,	A,,A,,,A,,A,A,A,A,,	snv
chr8	98152441	98152442	rs62522207	C	0.0828674,-inf,0.11213,-inf,-inf,0.110601,-inf,0.134152,0.129995,0.130798,0.1,-inf,	C,,C,,,C,,C,C,C,C,,	T,,T,,,T,,T,T,T,T,,	snv
chr8	98152550	98152551	rs72680617	C	0.0982428,-inf,0.126569,-inf,-inf,0.122554,-inf,0.134152,0.129735,0.131068,0.1,-inf,	C,,C,,,C,,C,C,C,C,,	A,,A,,,A,,A,A,A,A,,	snv
chr8	98152572	98152573	rs62522208	A	0.0982428,-inf,0.126505,-inf,-inf,0.122396,-inf,0.134375,0.129735,0.131068,0.1,-inf,	A,,A,,,A,,A,A,A,A,,	G,,G,,,G,,G,G,G,G,,	snv
chr8	98152591	98152598	rs144991236	TATTATT	0.0463259,-inf,0.0433231,-inf,-inf,0.0375892,-inf,0.0174107,0.0238713,0.0231931,0.0116667,-inf,	TATTATT,,TATTATT,,,TATTATT,,TATTATT,TATTATT,TATTATT,TATTATT,,	TATT,,TATT,,,TATT,,TATT,TATT,TATT,TATT,,	delins
chr8	98152614	98152615	rs75389053	C	0.0179712,-inf,0.0158321,-inf,-inf,0.0144604,-inf,0.0149554,0.0186819,0.0196872,0.0283333,0.0654206,	C,,C,,,C,,C,C,C,C,C,	G,,G,,,G,,G,G,G,G,G,	snv
chr8	98152627	98152628	rs4735531	A	0.116813,-inf,0.102287,-inf,-inf,0.108251,-inf,0.109598,0.119357,0.125135,0.115,0.0555556,	A,,A,,,A,,A,A,A,A,A,	G,,G,,,G,,G,G,G,G,G,	snv
chr8	98152826	98152827	rs62522209	A	0.101438,-inf,0.134668,-inf,-inf,0.129138,-inf,0.135045,0.130514,0.131068,0.1,-inf,	A,,A,,,A,,A,A,A,A,,	G,,G,,,G,,G,G,G,G,,	snv
chr8	98152925	98152926	rs116995255	G	0.0101837,-inf,0.00212634,-inf,-inf,0.00152818,-inf,-inf,-inf,-inf,-inf,0.00943396,	G,,G,,,G,,,,,,G,	T,,T,,,T,,,,,,T,	snv
chr8	98152972	98152980	rs72317709	TTCTTCTT	0.199081,-inf,0.177155,-inf,-inf,0.176997,-inf,0.124554,0.142709,0.149137,0.145,-inf,	TTCTTCTT,,TTCTTCTT,,,TTCTTCTT,,TTCTTCTT,TTCTTCTT,TTCTTCTT,TTCTTCTT,,	TTCTT,,TTCTT,,,TTCTT,,TTCTT,TTCTT,TTCTT,TTCTT,,	delins
chr8	98153060	98153061	rs10283306	G	0.290136,-inf,0.304058,-inf,-inf,0.30743,-inf,0.377232,0.407109,0.401294,0.463333,0.481308,	C,,C,,,C,,C,C,C,C,G,	G,,G,,,G,,G,G,G,G,C,	snv
chr8	98153531	98153532	rs12547757	T	0.198283,-inf,-inf,-inf,-inf,0.00541839,-inf,-inf,0.13726,0.143474,0.0155709,-inf,	T,,,,,T,,,T,T,T,,	C,,,,,C,,,C,C,C,,	snv
chr8	98153597	98153598	rs151239640	C	0.0239617,-inf,-inf,-inf,-inf,0.015465,-inf,0.000223214,-inf,-inf,-inf,-inf,	C,,,,,C,,C,,,,,	T,,,,,T,,T,,,,,	snv
chr8	98153639	98153640	rs28436986	C	0.113019,-inf,0.10169,-inf,-inf,0.106943,-inf,0.107861,0.119616,0.125135,0.115,0.0480769,	C,,C,,,C,,C,C,C,C,C,	T,,T,,,T,,T,T,T,T,T,	snv
chr8	98153686	98153687	rs7341621	A	0.0948482,-inf,0.128106,-inf,-inf,0.124106,-inf,0.134598,0.13233,0.131877,0.1,-inf,	A,,A,,,A,,A,A,A,A,,	G,,G,,,G,,G,G,G,G,,	snv
chr8	98153812	98153813	rs142943700	G	0.0365415,-inf,0.069532,-inf,-inf,0.0733009,-inf,0.116741,0.106902,0.107605,0.0883333,-inf,	G,,G,,,G,,G,G,G,G,,	A,,A,,,A,,A,A,A,A,,	snv
chr8	98153825	98153826	rs190572738	G	0.0363419,-inf,0.0695719,-inf,-inf,-inf,-inf,0.116071,0.106383,0.106526,0.0883333,-inf,	G,,G,,,,,G,G,G,G,,	T,,T,,,,,T,T,T,T,,	snv
chr8	98153826	98153827	rs183153524	T	0.0363419,-inf,0.0695559,-inf,-inf,0.0731287,-inf,0.116071,0.106383,0.106257,0.0883333,-inf,	T,,T,,,T,,T,T,T,T,,	C,,C,,,C,,C,C,C,C,,	snv
chr8	98154127	98154128	rs143959968	C	0.0101837,-inf,0.00210245,-inf,-inf,0.00153022,-inf,-inf,-inf,-inf,-inf,-inf,	C,,C,,,C,,,,,,,	T,,T,,,T,,,,,,,	snv
chr8	98154267	98154268	rs112357934	T	0.0397364,-inf,0.0539469,-inf,0.0480227,0.0598037,-inf,0.0819196,0.0591593,0.0563646,0.0633333,0.0138889,	T,,T,,T,T,,T,T,T,T,T,	C,,C,,C,C,,C,C,C,C,C,	snv
chr8	98154430	98154431	rs73281827	G	0.0199681,-inf,0.0160471,-inf,0.0251334,0.0138924,-inf,-inf,-inf,-inf,-inf,-inf,	G,,G,,G,G,,,,,,,	A,,A,,A,A,,,,,,,	snv
chr8	98154516	98154517	rs113289212	G	0.0389377,-inf,0.0373821,-inf,-inf,0.0338961,-inf,0.000223214,0.004411,0.00161812,-inf,-inf,	G,,G,,,G,,G,G,G,,,	,,,,,,,,,,,,	del
chr8	98154542	98154543	rs73281828	G	0.0375399,-inf,0.0277698,-inf,0.0419458,0.0243801,-inf,-inf,0,0.000269687,-inf,-inf,	G,,G,,G,G,,,G,G,,,	C,,C,,C,C,,,C,C,,,	snv
chr8	98154667	98154668	rs9297283	G	0.224042,-inf,0.201787,-inf,-inf,0.197778,-inf,0.133036,0.144006,0.148058,0.143333,0.101852,	G,,G,,,G,,G,G,G,G,G,	T,,T,,,T,,T,T,T,T,T,	snv
chr8	98154990	98154991	rs60926451	A	0.0197684,-inf,0.0164612,-inf,-inf,0.0154807,-inf,0.0158482,0.0215361,0.0210356,0.035,0.0560748,	A,,A,,,A,,A,A,A,A,A,	G,,G,,,G,,G,G,G,G,G,	snv
chr8	98155094	98155095	rs4305870	T	0.0207668,-inf,0.0184203,-inf,-inf,0.0158123,-inf,-inf,-inf,-inf,-inf,-inf,	T,,T,,,T,,,,,,,	C,,C,,,C,,,,,,,	snv
chr8	98155270	98155284	rs59511600	TTATTATTATTATT	0.0207668,-inf,-inf,-inf,-inf,0.0157865,-inf,-inf,-inf,-inf,-inf,-inf,	TTATTATTATTATT,,,,,TTATTATTATTATT,,,,,,,	TTATTATTATTATTATT,,,,,TTATTATTATTATTATT,,,,,,,	delins
chr8	98155281	98155282	rs78114038	A	0.113219,-inf,0.111334,-inf,-inf,0.100472,-inf,-inf,0.0723923,0.0701187,0.095,-inf,	A,,A,,,A,,,A,A,A,,	G,,G,,,G,,,G,G,G,,	snv
chr8	98155436	98155437	rs57699737	C	0.11262,-inf,0.111191,-inf,-inf,0.100032,-inf,0.0540179,0.0718734,0.0701187,0.095,0.00471698,	C,,C,,,C,,C,C,C,C,C,	T,,T,,,T,,T,T,T,T,T,	snv
chr8	98155817	98155818	rs7012074	G	0.115415,-inf,0.111621,-inf,-inf,0.101007,-inf,0.0542411,0.0718734,0.0701187,0.095,-inf,	G,,G,,,G,,G,G,G,G,,	A,,A,,,A,,A,A,A,A,,	snv
chr8	98155909	98155909	rs546303141		0.415136,-inf,-inf,-inf,-inf,-inf,-inf,-inf,-inf,-inf,-inf,-inf,	,,,,,,,,,,,,	GTGTGTG,,,,,,,,,,,,	ins
chr8	98155967	98155968	rs10092979	G	0.033746,-inf,-inf,-inf,-inf,0.0258395,-inf,-inf,-inf,-inf,-inf,-inf,	G,,,,,G,,,,,,,	A,,,,,A,,,,,,,	snv
chr8	98156154	98156155	rs16896695	T	0.0736821,0.0576201,0.0705673,0.0613467,-inf,0.065216,0.0725819,0.0453125,0.0428127,0.0407228,0.0666667,0.0162866,	T,T,T,T,,T,T,T,T,T,T,T,	C,C,C,C,,C,C,C,C,C,C,C,	snv
chr8	98156497	98156498	rs112219567	G	0.033746,-inf,0.0285104,-inf,-inf,0.0252644,-inf,-inf,0.000259471,0,-inf,0.00952381,	G,,G,,,G,,,G,G,,G,	C,,C,,,C,,,C,C,,C,	snv
chr8	98156526	98156527	rs80179941	G	0.033746,-inf,0.0285104,-inf,-inf,0.0252931,-inf,-inf,0.000259471,0,-inf,0.00943396,	G,,G,,,G,,,G,G,,G,	A,,A,,,A,,,A,A,,A,	snv
chr8	98156592	98156593	rs75235928	T	0.0834665,-inf,0.079885,-inf,0.0996544,0.0682108,-inf,0.0198661,0.0324338,0.0350593,0.015,0.00925926,	T,,T,,T,T,,T,T,T,T,T,	C,,C,,C,C,,C,C,C,C,C,	snv
chr8	98156652	98156653	rs76263123	C	0.033746,-inf,0.0285104,-inf,-inf,0.0252487,-inf,-inf,0.000259471,0,-inf,0.00943396,	C,,C,,,C,,,C,C,,C,	T,,T,,,T,,,T,T,,T,	snv
chr8	98156665	98156673	rs33983499	TTTTTTTT	0.033746,-inf,0.0285184,-inf,-inf,0.0252938,-inf,-inf,-inf,-inf,-inf,0.00952381,	TTTTTTTT,,TTTTTTTT,,,TTTTTTTT,,,,,,TTTTTTTT,	TTTTTTT,,TTTTTTT,,,TTTTTTT,,,,,,TTTTTTT,	delins
chr8	98156718	98156719	rs79647250	T	0.033746,-inf,0.0285184,-inf,-inf,0.0251849,-inf,-inf,0.000259471,0,-inf,0.00934579,	T,,T,,,T,,,T,T,,T,	C,,C,,,C,,,C,C,,C,	snv
chr8	98156746	98156747	rs78816202	T	0.033746,-inf,0.0285104,-inf,-inf,0.0253205,-inf,-inf,0.000259471,0,-inf,0.00934579,	T,,T,,,T,,,T,T,,T,	C,,C,,,C,,,C,C,,C,	snv
chr8	98156940	98156941	rs148341760	A	0.043131,-inf,0.0359407,-inf,-inf,0.0329701,-inf,-inf,-inf,-inf,-inf,-inf,	A,,A,,,A,,,,,,,	G,,G,,,G,,,,,,,	snv
chr8	98156986	98156987	rs190599768	G	0.0335463,-inf,-inf,-inf,-inf,0.0251726,-inf,-inf,-inf,-inf,-inf,-inf,	G,,,,,G,,,,,,,	T,,,,,T,,,,,,,	snv
chr8	98156987	98156988	rs193150855	G	0.0335463,-inf,-inf,-inf,-inf,0.0250275,-inf,-inf,-inf,-inf,-inf,-inf,	G,,,,,G,,,,,,,	A,,,,,A,,,,,,,	snv
chr8	98157019	98157020	rs150108471	G	0.033746,-inf,0.0285104,-inf,-inf,0.0251427,-inf,-inf,-inf,-inf,-inf,0.00934579,	G,,G,,,G,,,,,,G,	C,,C,,,C,,,,,,C,	snv
chr8	98157079	98157081	rs112661981	TT	0.033746,-inf,0.0285025,-inf,-inf,0.0251089,-inf,-inf,-inf,-inf,-inf,0.00934579,	TT,,TT,,,TT,,,,,,TT,	T,,T,,,T,,,,,,T,	delins
chr8	98157172	98157173	rs112971219	G	0.033746,-inf,0.0284547,-inf,-inf,0.0251739,-inf,-inf,0.000259471,0,-inf,-inf,	G,,G,,,G,,,G,G,,,	A,,A,,,A,,,A,A,,,	snv
chr8	98157353	98157354	rs73701274	T	0.0650958,-inf,0.0688073,-inf,0.089681,0.0603811,-inf,0.00959821,0.0298391,0.0296656,0.0283333,0.00471698,	T,,T,,T,T,,T,T,T,T,T,	C,,C,,C,C,,C,C,C,C,C,	snv
chr8	98157694	98157695	rs111665863	C	0.033746,-inf,0.0284866,-inf,-inf,0.0252342,0.0277564,-inf,0.000259471,0,-inf,0.0147783,	C,,C,,,C,C,,C,C,,C,	T,,T,,,T,T,,T,T,,T,	snv
chr8	98157727	98157728	rs12541183	T	0.033746,0.0138239,0.0285104,0.0159105,-inf,0.0251721,0.0279102,-inf,-inf,-inf,-inf,0.0163399,	T,T,T,T,,T,T,,,,,T,	C,C,C,C,,C,C,,,,,C,	snv
chr8	98158175	98158176	rs17856355	C	0.038139,0.0373665,0.0419693,0.0373527,-inf,0.0361354,0.0462863,0.0198661,0.0316554,0.0342503,0.015,-inf,	C,C,C,C,,C,C,C,C,C,C,,	G,G,G,G,,G,G,G,G,G,G,,	snv
chr8	98158433	98158434	rs7816896	C	0.033746,-inf,0.0285104,-inf,-inf,0.0253011,-inf,-inf,0.000259471,0,-inf,0.00934579,	C,,C,,,C,,,C,C,,C,	T,,T,,,T,,,T,T,,T,	snv
chr8	98158646	98158647	rs10104260	A	0.033746,-inf,0.0285104,-inf,-inf,-inf,-inf,-inf,0.000259471,0,-inf,0.00925926,	A,,A,,,,,,A,A,,A,	C,,C,,,,,,C,C,,C,	snv
chr8	98158690	98158691	rs3735882	C	0.033746,-inf,0.0285343,-inf,-inf,0.0252757,-inf,-inf,0.000259471,0.000269687,-inf,0.00925926,	C,,C,,,C,,,C,C,,C,	T,,T,,,T,,,T,T,,T,	snv
chr8	98158798	98158799	rs10104499	A	0.033746,-inf,0.0285025,-inf,-inf,0.0251975,-inf,-inf,-inf,-inf,-inf,0.00934579,	A,,A,,,A,,,,,,A,	T,,T,,,T,,,,,,T,	snv
chr8	98159066	98159067	rs7821171	C	0.252396,-inf,0.244107,-inf,-inf,0.254211,-inf,0.299554,0.261546,0.259709,0.218333,0.324074,	C,,C,,,C,,C,C,C,C,C,	T,,T,,,T,,T,T,T,T,T,	snv
chr8	98159156	98159157	rs75232257	G	0.0121805,-inf,0.0112369,-inf,-inf,0.00996942,-inf,-inf,-inf,-inf,-inf,-inf,	G,,G,,,G,,,,,,,	A,,A,,,A,,,,,,,	snv
chr8	98159194	98159195	rs10955150	T	0.033746,-inf,0.0285104,-inf,-inf,0.02525,-inf,-inf,0.000259471,0,-inf,0.00925926,	T,,T,,,T,,,T,T,,T,	C,,C,,,C,,,C,C,,C,	snv
chr8	98159237	98159238	rs10955151	G	0.033746,-inf,0.0285025,-inf,-inf,0.0252786,-inf,-inf,0.000259471,0,-inf,0.00934579,	G,,G,,,G,,,G,G,,G,	C,,C,,,C,,,C,C,,C,	snv
chr8	98159256	98159257	rs10955152	T	0.033746,-inf,0.0285025,-inf,-inf,0.0252165,-inf,-inf,0.000259471,0,-inf,0.00952381,	T,,T,,,T,,,T,T,,T,	G,,G,,,G,,,G,G,,G,	snv
chr8	98159440	98159441	rs10955153	A	0.033746,-inf,0.0285104,-inf,-inf,0.0252329,-inf,-inf,0.000259471,0,-inf,-inf,	A,,A,,,A,,,A,A,,,	C,,C,,,C,,,C,C,,,	snv
chr8	98159541	98159543	rs112219911	AA	0.033746,-inf,0.0284786,-inf,-inf,0.0251656,-inf,-inf,-inf,-inf,-inf,-inf,	AA,,AA,,,AA,,,,,,,	AAA,,AAA,,,AAA,,,,,,,	delins
chr8	98159666	98159667	rs77187656	A	0.033746,-inf,0.0285104,-inf,-inf,0.0249009,-inf,-inf,0.000259471,0,-inf,-inf,	A,,A,,,A,,,A,A,,,	G,,G,,,G,,,G,G,,,	snv
chr8	98159728	98159729	rs76120586	T	0.033746,-inf,0.0284706,-inf,-inf,0.0241811,-inf,-inf,0.000259471,0,-inf,-inf,	T,,T,,,T,,,T,T,,,	C,,C,,,C,,,C,C,,,	snv
chr8	98159772	98159784	rs35267229	AAAAAAAAAAAA	0.126198,-inf,-inf,-inf,-inf,-inf,-inf,-inf,-inf,-inf,0.0547945,-inf,	AAAAAAAAAAAA,,,,,,,,,,AAAAAAAAAAAA,,	AAAAAAAAAAAAA,,,,,,,,,,AAAAAAAAAAAAA,,	delins
chr8	98159783	98159784	rs1058241	A	0.208067,-inf,0.200011,-inf,0.175632,0.208377,-inf,-inf,0.260768,0.260248,0.215719,-inf,	A,,A,,A,A,,,A,A,A,,	C,,C,,C,C,,,C,C,C,,	snv
