"start","target","spacer","strand","antitag","GC_content","A_content","dist_to_3primeEnd","covid19_mismatch_0","covid19_mismatch_1","covid19_mismatch_2","sensitivity_0","sensitivity_01","has_crRNA_hairpin","crRNA_spacer_basepairs","target_basepairing_prob","specificity","match_against_hg38","match_against_bosTau9","group","sequence"
894,"AAGCTTCATGCACTTTGTCC","GGACAAAGUGCAUGAAGCUU","+","GAAC",0.45,0.35,29009,5620,8,0,0.998578535891969,1,TRUE,"4",0.6955,1,0,0,"intact hairpin / 4 spacer basepairs","uagaccaccccaaaaaugaaggggacuaaaacGGACAAAGUGCAUGAAGCUU"
1057,"CACCTTCAATGGGGAATGTC","GACAUUCCCCAUUGAAGGUG","+","CAAA",0.5,0.25,28846,4640,949,39,0.824449182658138,0.993070362473348,TRUE,"4",0.6015,1,0,0,"intact hairpin / 4 spacer basepairs","uagaccaccccaaaaaugaaggggacuaaaacGACAUUCCCCAUUGAAGGUG"
8854,"TTTTGTCGTGCCTGGTTTGC","GCAAACCAGGCACGACAAAA","+","CUGG",0.5,0.5,21049,5621,2,5,0.998756218905473,0.99911158493248,TRUE,"4",0.673,1,0,0,"intact hairpin / 4 spacer basepairs","uagaccaccccaaaaaugaaggggacuaaaacGCAAACCAGGCACGACAAAA"
9392,"ATATCAGCATCTATAGTAGC","GCUACUAUAGAUGCUGAUAU","+","UGGU",0.35,0.3,20511,5617,1,10,0.998045486851457,0.998223169864961,TRUE,"4",0.7455,1,0,0,"intact hairpin / 4 spacer basepairs","uagaccaccccaaaaaugaaggggacuaaaacGCUACUAUAGAUGCUGAUAU"
14027,"TGCGAAATGCTGGTATTGTT","AACAAUACCAGCAUUUCGCA","+","GGUG",0.4,0.4,15876,5623,2,3,0.99911158493248,0.999466950959488,TRUE,"4",0.619,1,0,0,"intact hairpin / 4 spacer basepairs","uagaccaccccaaaaaugaaggggacuaaaacAACAAUACCAGCAUUUCGCA"
25772,"TTTGGCTTTGCTGGAAATGC","GCAUUUCCAGCAAAGCCAAA","+","CGUU",0.45,0.4,4131,5600,17,11,0.995024875621891,0.998045486851457,TRUE,"4",0.5255,1,0,0,"intact hairpin / 4 spacer basepairs","uagaccaccccaaaaaugaaggggacuaaaacGCAUUUCCAGCAAAGCCAAA"
28480,"ACAAGGCGTTCCAATTAACA","UGUUAAUUGGAACGCCUUGU","+","CCAA",0.4,0.2,1423,5621,4,3,0.998756218905473,0.999466950959488,TRUE,"4",0.3685,1,0,0,"intact hairpin / 4 spacer basepairs","uagaccaccccaaaaaugaaggggacuaaaacUGUUAAUUGGAACGCCUUGU"
28914,"GCGGTGATGCTGCTCTTGCT","AGCAAGAGCAGCAUCACCGC","+","UUGC",0.6,0.35,989,5616,11,1,0.997867803837953,0.999822316986496,TRUE,"4",0.703,1,0,0,"intact hairpin / 4 spacer basepairs","uagaccaccccaaaaaugaaggggacuaaaacAGCAAGAGCAGCAUCACCGC"
3121,"AGATGATTACCAAGGTAAAC","GUUUACCUUGGUAAUCAUCU","+","CUUU",0.35,0.2,26782,5618,8,2,0.998223169864961,0.999644633972992,FALSE,"4",0.449,1,0,0,"misfolded hairpin / 4 spacer basepairs","uagaccaccccaaaaaugaaggggacuaaaacGUUUACCUUGGUAAUCAUCU"
4583,"GATCTAAATGAAACTCTTGT","ACAAGAGUUUCAUUUAGAUC","+","UACA",0.3,0.35,25320,5612,6,10,0.997157071783937,0.998223169864961,FALSE,"4",0.466,1,0,0,"misfolded hairpin / 4 spacer basepairs","uagaccaccccaaaaaugaaggggacuaaaacACAAGAGUUUCAUUUAGAUC"
6451,"TGAGTGTAATGTGAAAACTA","UAGUUUUCACAUUACACUCA","+","CCGA",0.3,0.3,23452,5596,11,21,0.994314143567875,0.996268656716418,FALSE,"4",0.658,1,0,0,"misfolded hairpin / 4 spacer basepairs","uagaccaccccaaaaaugaaggggacuaaaacUAGUUUUCACAUUACACUCA"
10427,"GTTTACCAATGTGCTATGAG","CUCAUAGCACAUUGGUAAAC","+","GCCC",0.4,0.35,19476,5624,3,1,0.999289267945984,0.999822316986496,FALSE,"4",0.629,1,0,0,"misfolded hairpin / 4 spacer basepairs","uagaccaccccaaaaaugaaggggacuaaaacCUCAUAGCACAUUGGUAAAC"
13618,"GACGAAGATGACAATTTAAT","AUUAAAUUGUCAUCUUCGUC","+","UGAU",0.3,0.25,16285,5598,27,3,0.994669509594883,0.999466950959488,FALSE,"4",0.561,1,0,0,"misfolded hairpin / 4 spacer basepairs","uagaccaccccaaaaaugaaggggacuaaaacAUUAAAUUGUCAUCUUCGUC"
18411,"TGTTGATACACCTAATAATA","UAUUAUUAGGUGUAUCAACA","+","CAGA",0.25,0.35,11492,5625,2,1,0.999466950959488,0.999822316986496,FALSE,"4",0.42,1,0,0,"misfolded hairpin / 4 spacer basepairs","uagaccaccccaaaaaugaaggggacuaaaacUAUUAUUAGGUGUAUCAACA"
21806,"CCTGTCCTACCATTTAATGA","UCAUUAAAUGGUAGGACAGG","+","UGGU",0.4,0.35,8097,5623,2,3,0.99911158493248,0.999466950959488,FALSE,"4",0.644,1,0,0,"misfolded hairpin / 4 spacer basepairs","uagaccaccccaaaaaugaaggggacuaaaacUCAUUAAAUGGUAGGACAGG"
25151,"CTCATCGATCTCCAAGAACT","AGUUCUUGGAGAUCGAUGAG","+","UGGA",0.45,0.25,4752,5623,4,1,0.99911158493248,0.999822316986496,FALSE,"4",0.5415,1,0,0,"misfolded hairpin / 4 spacer basepairs","uagaccaccccaaaaaugaaggggacuaaaacAGUUCUUGGAGAUCGAUGAG"
2888,"GTGGCAGATGCTGTCATAAA","UUUAUGACAGCAUCUGCCAC","+","AACU",0.45,0.25,27015,5463,163,2,0.970682302771855,0.999644633972992,TRUE,"10",0.5895,1,0,0,"intact hairpin / 10 spacer basepairs","uagaccaccccaaaaaugaaggggacuaaaacUUUAUGACAGCAUCUGCCAC"
4186,"TGGCACTACTGAAATGCTAG","CUAGCAUUUCAGUAGUGCCA","+","CGAA",0.45,0.25,25717,5617,8,3,0.998045486851457,0.999466950959488,TRUE,"10",0.6475,1,0,0,"intact hairpin / 10 spacer basepairs","uagaccaccccaaaaaugaaggggacuaaaacCUAGCAUUUCAGUAGUGCCA"
6379,"TCTTGCCTGCGAAGATCTAA","UUAGAUCUUCGCAGGCAAGA","+","AACC",0.45,0.3,23524,5598,5,25,0.994669509594883,0.995557924662402,TRUE,"10",0.4685,1,0,0,"intact hairpin / 10 spacer basepairs","uagaccaccccaaaaaugaaggggacuaaaacUUAGAUCUUCGCAGGCAAGA"
8234,"TTGTCACATCAATCTGACAT","AUGUCAGAUUGAUGUGACAA","+","AGAA",0.35,0.35,21669,5625,1,2,0.999466950959488,0.999644633972992,TRUE,"10",0.5765,1,0,0,"intact hairpin / 10 spacer basepairs","uagaccaccccaaaaaugaaggggacuaaaacAUGUCAGAUUGAUGUGACAA"
8511,"AAGTTGTTAATGTTGTAACA","UGUUACAACAUUAACAACUU","+","ACAA",0.25,0.4,21392,5626,1,1,0.999644633972992,0.999822316986496,TRUE,"10",0.5985,1,0,0,"intact hairpin / 10 spacer basepairs","uagaccaccccaaaaaugaaggggacuaaaacUGUUACAACAUUAACAACUU"
20130,"AGCCGTAAAAACACAGTTCA","UGAACUGUGUUUUUACGGCU","+","AUUA",0.4,0.15,9773,5502,20,106,0.977611940298508,0.981165600568586,TRUE,"10",0.357,1,0,0,"intact hairpin / 10 spacer basepairs","uagaccaccccaaaaaugaaggggacuaaaacUGAACUGUGUUUUUACGGCU"
22044,"CTAGTGCGAATAATTGCACT","AGUGCAAUUAUUCGCACUAG","+","UUUG",0.4,0.3,7859,5621,1,6,0.998756218905473,0.998933901918977,TRUE,"10",0.6735,1,0,0,"intact hairpin / 10 spacer basepairs","uagaccaccccaaaaaugaaggggacuaaaacAGUGCAAUUAUUCGCACUAG"
29299,"AGATCCAAATTTCAAAGATC","GAUCUUUGAAAUUUGGAUCU","+","AAGU",0.3,0.25,604,5612,16,0,0.997157071783937,1,TRUE,"10",0.325,1,0,0,"intact hairpin / 10 spacer basepairs","uagaccaccccaaaaaugaaggggacuaaaacGAUCUUUGAAAUUUGGAUCU"
4543,"CAGTAAAACAACTGTAGCGT","ACGCUACAGUUGUUUUACUG","+","CACU",0.4,0.2,25360,5614,4,10,0.997512437810945,0.998223169864961,FALSE,"10",0.5375,1,0,0,"misfolded hairpin / 10 spacer basepairs","uagaccaccccaaaaaugaaggggacuaaaacACGCUACAGUUGUUUUACUG"
8810,"AAAGCTTGCCCATTGATTGC","GCAAUCAAUGGGCAAGCUUU","+","UGCA",0.45,0.3,21093,5614,5,9,0.997512437810945,0.998400852878465,FALSE,"10",0.436,1,0,0,"misfolded hairpin / 10 spacer basepairs","uagaccaccccaaaaaugaaggggacuaaaacGCAAUCAAUGGGCAAGCUUU"
9931,"TACAACTAGCTACAGAGAAG","CUUCUCUGUAGCUAGUUGUA","+","CUGC",0.4,0.15,19972,5623,4,1,0.99911158493248,0.999822316986496,FALSE,"10",0.5115,1,0,0,"misfolded hairpin / 10 spacer basepairs","uagaccaccccaaaaaugaaggggacuaaaacCUUCUCUGUAGCUAGUUGUA"
10209,"CTAATTATGAAGATTTACTC","GAGUAAAUCUUCAUAAUUAG","+","AUUC",0.25,0.4,19694,5624,2,2,0.999289267945984,0.999644633972992,FALSE,"10",0.6455,1,0,0,"misfolded hairpin / 10 spacer basepairs","uagaccaccccaaaaaugaaggggacuaaaacGAGUAAAUCUUCAUAAUUAG"
10378,"AGGACAGACTTTTTCAGTGT","ACACUGAAAAAGUCUGUCCU","+","UAGC",0.4,0.35,19525,5625,2,1,0.999466950959488,0.999822316986496,FALSE,"10",0.6515,1,0,0,"misfolded hairpin / 10 spacer basepairs","uagaccaccccaaaaaugaaggggacuaaaacACACUGAAAAAGUCUGUCCU"
18085,"ACTGGGTTACATCCTACACA","UGUGUAGGAUGUAACCCAGU","+","GGCA",0.45,0.25,11818,5616,9,3,0.997867803837953,0.999466950959488,FALSE,"10",0.563,1,0,0,"misfolded hairpin / 10 spacer basepairs","uagaccaccccaaaaaugaaggggacuaaaacUGUGUAGGAUGUAACCCAGU"
26968,"TTCGTATTGCTGGACACCAT","AUGGUGUCCAGCAAUACGAA","+","CUAG",0.45,0.35,2935,5626,2,0,0.999644633972992,1,FALSE,"10",0.607,1,0,0,"misfolded hairpin / 10 spacer basepairs","uagaccaccccaaaaaugaaggggacuaaaacAUGGUGUCCAGCAAUACGAA"
28641,"ATGGTGCTAACAAAGACGGC","GCCGUCUUUGUUAGCACCAU","+","AUCA",0.5,0.15,1262,5538,90,0,0.984008528784648,1,FALSE,"10",0.5225,1,0,0,"misfolded hairpin / 10 spacer basepairs","uagaccaccccaaaaaugaaggggacuaaaacGCCGUCUUUGUUAGCACCAU"
2500,"AACACTTCCCACAGAAGTGT","ACACUUCUGUGGGAAGUGUU","+","UAAC",0.45,0.2,27403,5522,12,94,0.981165600568586,0.983297796730633,TRUE,"16",0.688,1,0,0,"intact hairpin / 16 spacer basepairs","uagaccaccccaaaaaugaaggggacuaaaacACACUUCUGUGGGAAGUGUU"
4093,"CACTTTCTTAAAGAAAGATG","CAUCUUUCUUUAAGAAAGUG","+","CUCC",0.3,0.3,25810,5626,0,2,0.999644633972992,0.999644633972992,TRUE,"16",0.616,1,0,0,"intact hairpin / 16 spacer basepairs","uagaccaccccaaaaaugaaggggacuaaaacCAUCUUUCUUUAAGAAAGUG"
10112,"GTAACTTGTGGTACAACTAC","GUAGUUGUACCACAAGUUAC","+","ACUU",0.4,0.3,19791,5621,5,2,0.998756218905473,0.999644633972992,TRUE,"16",0.6815,1,0,0,"intact hairpin / 16 spacer basepairs","uagaccaccccaaaaaugaaggggacuaaaacGUAGUUGUACCACAAGUUAC"
12498,"ACACATATAAAAATACGTGT","ACACGUAUUUUUAUAUGUGU","+","GAUG",0.25,0.25,17405,5626,1,1,0.999644633972992,0.999822316986496,TRUE,"16",0.6015,1,0,0,"intact hairpin / 16 spacer basepairs","uagaccaccccaaaaaugaaggggacuaaaacACACGUAUUUUUAUAUGUGU"
13717,"TGTCCAGCTGTTGCTAAACA","UGUUUAGCAACAGCUGGACA","+","UGAC",0.45,0.3,16186,5596,32,0,0.994314143567875,1,TRUE,"16",0.547,1,0,0,"intact hairpin / 16 spacer basepairs","uagaccaccccaaaaaugaaggggacuaaaacUGUUUAGCAACAGCUGGACA"
14351,"ACAGATGCATTCTGCATTGT","ACAAUGCAGAAUGCAUCUGU","+","GCAA",0.4,0.35,15552,5626,2,0,0.999644633972992,1,TRUE,"16",0.666,1,0,0,"intact hairpin / 16 spacer basepairs","uagaccaccccaaaaaugaaggggacuaaaacACAAUGCAGAAUGCAUCUGU"
26035,"TACTCAACTCAATTGAGTAC","GUACUCAAUUGAGUUGAGUA","+","AGAC",0.35,0.3,3868,5617,8,3,0.998045486851457,0.999466950959488,TRUE,"16",0.681,1,0,0,"intact hairpin / 16 spacer basepairs","uagaccaccccaaaaaugaaggggacuaaaacGUACUCAAUUGAGUUGAGUA"
27976,"ATCAACCATATGTAGTTGAT","AUCAACUACAUAUGGUUGAU","+","GACC",0.3,0.35,1927,5623,3,2,0.99911158493248,0.999644633972992,TRUE,"16",0.534,1,0,0,"intact hairpin / 16 spacer basepairs","uagaccaccccaaaaaugaaggggacuaaaacAUCAACUACAUAUGGUUGAU"
3484,"AGCCTTAAATAAGGCTACTA","UAGUAGCCUUAUUUAAGGCU","+","ACAA",0.35,0.25,26419,5624,2,2,0.999289267945984,0.999644633972992,FALSE,"16",0.644,1,0,0,"misfolded hairpin / 16 spacer basepairs","uagaccaccccaaaaaugaaggggacuaaaacUAGUAGCCUUAUUUAAGGCU"
5242,"ACAAGTTAATGGTTTAACTT","AAGUUAAACCAUUAACUUGU","+","CUAU",0.25,0.4,24661,5621,3,4,0.998756218905473,0.999289267945984,FALSE,"16",0.6415,1,0,0,"misfolded hairpin / 16 spacer basepairs","uagaccaccccaaaaaugaaggggacuaaaacAAGUUAAACCAUUAACUUGU"
6709,"AGTTGTTAGTACAACTACTA","UAGUAGUUGUACUAACAACU","+","ACAU",0.3,0.35,23194,5609,3,16,0.996624022743426,0.997157071783937,FALSE,"16",0.588,1,0,0,"misfolded hairpin / 16 spacer basepairs","uagaccaccccaaaaaugaaggggacuaaaacUAGUAGUUGUACUAACAACU"
7836,"TAGACAACCTGAGAGCTAAT","AUUAGCUCUCAGGUUGUCUA","+","AACA",0.4,0.2,22067,5615,5,8,0.997690120824449,0.998578535891969,FALSE,"16",0.627,1,0,0,"misfolded hairpin / 16 spacer basepairs","uagaccaccccaaaaaugaaggggacuaaaacAUUAGCUCUCAGGUUGUCUA"
8061,"CATCAACTTTTAACGTACCA","UGGUACGUUAAAAGUUGAUG","+","AUGG",0.35,0.3,21842,5606,19,3,0.996090973702914,0.999466950959488,FALSE,"16",0.6625,1,0,0,"misfolded hairpin / 16 spacer basepairs","uagaccaccccaaaaaugaaggggacuaaaacUGGUACGUUAAAAGUUGAUG"
11746,"ACTACTCCCACCCAAGAATA","UAUUCUUGGGUGGGAGUAGU","+","GCAU",0.45,0.15,18157,5614,11,3,0.997512437810945,0.999466950959488,FALSE,"16",0.339,1,0,0,"misfolded hairpin / 16 spacer basepairs","uagaccaccccaaaaaugaaggggacuaaaacUAUUCUUGGGUGGGAGUAGU"
11815,"ACCTTGTATCAAAGTAGCCA","UGGCUACUUUGAUACAAGGU","+","CUGU",0.4,0.25,18088,5621,6,1,0.998756218905473,0.999822316986496,FALSE,"16",0.43,1,0,0,"misfolded hairpin / 16 spacer basepairs","uagaccaccccaaaaaugaaggggacuaaaacUGGCUACUUUGAUACAAGGU"
27292,"TACATCATAAACCTCATAAT","AUUAUGAGGUUUAUGAUGUA","+","UAAA",0.25,0.3,2611,5613,9,6,0.997334754797441,0.998933901918977,FALSE,"16",0.3765,1,0,0,"misfolded hairpin / 16 spacer basepairs","uagaccaccccaaaaaugaaggggacuaaaacAUUAUGAGGUUUAUGAUGUA"
172,"TCGTCTATCTTCTGCAGGCT","AGCCUGCAGAAGAUAGACGA","+","GCUU",0.5,0.4,29731,5457,52,119,0.969616204690832,0.978855721393035,TRUE,"0",0.617,1,0,0,"random tiling","uagaccaccccaaaaaugaaggggacuaaaacAGCCUGCAGAAGAUAGACGA"
898,"TTCATGCACTTTGTCCGAAC","GUUCGGACAAAGUGCAUGAA","+","AACU",0.45,0.35,29005,5617,11,0,0.998045486851457,1,TRUE,"0",0.6735,1,0,0,"random tiling","uagaccaccccaaaaaugaaggggacuaaaacGUUCGGACAAAGUGCAUGAA"
1570,"TACAGGTGTTGTTGGAGAAG","CUUCUCCAACAACACCUGUA","+","GUUC",0.45,0.3,28333,5610,15,3,0.99680170575693,0.999466950959488,TRUE,"0",0.6925,1,0,0,"random tiling","uagaccaccccaaaaaugaaggggacuaaaacCUUCUCCAACAACACCUGUA"
2191,"TAGAGACGGTTGGGAAATTG","CAAUUUCCCAACCGUCUCUA","+","UUAA",0.45,0.25,27712,5616,2,10,0.997867803837953,0.998223169864961,TRUE,"0",0.7345,1,0,0,"random tiling","uagaccaccccaaaaaugaaggggacuaaaacCAAUUUCCCAACCGUCUCUA"
3109,"GTATGGTACTGAAGATGATT","AAUCAUCUUCAGUACCAUAC","+","ACCA",0.35,0.35,26794,5626,1,1,0.999644633972992,0.999822316986496,TRUE,"0",0.619,1,0,0,"random tiling","uagaccaccccaaaaaugaaggggacuaaaacAAUCAUCUUCAGUACCAUAC"
3338,"GTGAATAGTTTTAGTGGTTA","UAACCACUAAAACUAUUCAC","+","UUUA",0.3,0.45,26565,5624,3,1,0.999289267945984,0.999822316986496,TRUE,"0",0.7435,1,0,0,"random tiling","uagaccaccccaaaaaugaaggggacuaaaacUAACCACUAAAACUAUUCAC"
4376,"GTTTCTTGGAATTTGCGAGA","UCUCGCAAAUUCCAAGAAAC","+","AAUG",0.4,0.4,25527,5627,1,0,0.999822316986496,1,TRUE,"0",0.6995,1,0,0,"random tiling","uagaccaccccaaaaaugaaggggacuaaaacUCUCGCAAAUUCCAAGAAAC"
4640,"TTGGAAGAAGCTGCTCGGTA","UACCGAGCAGCUUCUUCCAA","+","UAUG",0.5,0.25,25263,5612,8,8,0.997157071783937,0.998578535891969,TRUE,"0",0.6575,1,0,0,"random tiling","uagaccaccccaaaaaugaaggggacuaaaacUACCGAGCAGCUUCUUCCAA"
5430,"TAGGTGAGTTAGGTGATGTT","AACAUCACCUAACUCACCUA","+","AGAG",0.4,0.4,24473,5616,3,9,0.997867803837953,0.998400852878465,TRUE,"0",0.78,1,0,0,"random tiling","uagaccaccccaaaaaugaaggggacuaaaacAACAUCACCUAACUCACCUA"
5715,"AGCATGGTACATTTACTTGT","ACAAGUAAAUGUACCAUGCU","+","GCUA",0.35,0.4,24188,5618,9,1,0.998223169864961,0.999822316986496,TRUE,"0",0.611,1,0,0,"random tiling","uagaccaccccaaaaaugaaggggacuaaaacACAAGUAAAUGUACCAUGCU"
6359,"GACGCGCAGGGAATGGATAA","UUAUCCAUUCCCUGCGCGUC","+","UCUU",0.55,0.1,23544,5595,11,22,0.994136460554371,0.996090973702914,TRUE,"0",0.545,1,0,0,"random tiling","uagaccaccccaaaaaugaaggggacuaaaacUUAUCCAUUCCCUGCGCGUC"
7325,"TTTGCAGTACATTTTATTAG","CUAAUAAAAUGUACUGCAAA","+","UAAU",0.25,0.5,22578,5619,4,5,0.998400852878465,0.99911158493248,TRUE,"0",0.609,1,0,0,"random tiling","uagaccaccccaaaaaugaaggggacuaaaacCUAAUAAAAUGUACUGCAAA"
7627,"TTGTGATACATTCTGTGCTG","CAGCACAGAAUGUAUCACAA","+","GUAG",0.4,0.45,22276,5623,3,2,0.99911158493248,0.999644633972992,TRUE,"0",0.584,1,0,0,"random tiling","uagaccaccccaaaaaugaaggggacuaaaacCAGCACAGAAUGUAUCACAA"
8255,"GAAGTTACTGGCGATAGTTG","CAACUAUCGCCAGUAACUUC","+","UAAU",0.45,0.3,21648,5621,5,2,0.998756218905473,0.999644633972992,TRUE,"0",0.6405,1,0,0,"random tiling","uagaccaccccaaaaaugaaggggacuaaaacCAACUAUCGCCAGUAACUUC"
9131,"CTCATGGATGGCTCTATTAT","AUAAUAGAGCCAUCCAUGAG","+","UCAA",0.4,0.4,20772,5618,7,3,0.998223169864961,0.999466950959488,TRUE,"0",0.6005,1,0,0,"random tiling","uagaccaccccaaaaaugaaggggacuaaaacAUAAUAGAGCCAUCCAUGAG"
9427,"TATCGTAGTAACATGCCTTG","CAAGGCAUGUUACUACGAUA","+","CCUA",0.4,0.35,20476,5583,35,10,0.992004264392324,0.998223169864961,TRUE,"0",0.6275,1,0,0,"random tiling","uagaccaccccaaaaaugaaggggacuaaaacCAAGGCAUGUUACUACGAUA"
10455,"TCACTATTAAGGGTTCATTC","GAAUGAACCCUUAAUAGUGA","+","CUUA",0.35,0.4,19448,5625,1,2,0.999466950959488,0.999644633972992,TRUE,"0",0.633,1,0,0,"random tiling","uagaccaccccaaaaaugaaggggacuaaaacGAAUGAACCCUUAAUAGUGA"
10840,"AGATATGTGTGCTTCATTAA","UUAAUGAAGCACACAUAUCU","+","AAGA",0.3,0.4,19063,5606,21,1,0.996090973702914,0.999822316986496,TRUE,"0",0.559,1,0,0,"random tiling","uagaccaccccaaaaaugaaggggacuaaaacUUAAUGAAGCACACAUAUCU"
11558,"TATTGCCCTATTTTCTTCAT","AUGAAGAAAAUAGGGCAAUA","+","AACU",0.3,0.55,18345,5624,3,1,0.999289267945984,0.999822316986496,TRUE,"0",0.3035,1,0,0,"random tiling","uagaccaccccaaaaaugaaggggacuaaaacAUGAAGAAAAUAGGGCAAUA"
12375,"TTAGAAAGTTGGATAATGAT","AUCAUUAUCCAACUUUCUAA","+","GCAC",0.25,0.35,17528,5628,0,0,1,1,TRUE,"0",0.584,1,0,0,"random tiling","uagaccaccccaaaaaugaaggggacuaaaacAUCAUUAUCCAACUUUCUAA"
12560,"CAACAGGTTGTAGATGCAGA","UCUGCAUCUACAACCUGUUG","+","UAGU",0.45,0.2,17343,5625,2,1,0.999466950959488,0.999822316986496,TRUE,"0",0.7,1,0,0,"random tiling","uagaccaccccaaaaaugaaggggacuaaaacUCUGCAUCUACAACCUGUUG"
13553,"ACAATGATAAAGTAGCTGGT","ACCAGCUACUUUAUCAUUGU","+","UUUG",0.35,0.25,16350,5603,9,16,0.995557924662402,0.997157071783937,TRUE,"0",0.545,1,0,0,"random tiling","uagaccaccccaaaaaugaaggggacuaaaacACCAGCUACUUUAUCAUUGU"
14040,"TATTGTTGGTGTACTGACAT","AUGUCAGUACACCAACAAUA","+","UAGA",0.35,0.45,15863,5625,1,2,0.999466950959488,0.999644633972992,TRUE,"0",0.7165,1,0,0,"random tiling","uagaccaccccaaaaaugaaggggacuaaaacAUGUCAGUACACCAACAAUA"
14486,"GAGAGCTAGGTGTTGTACAT","AUGUACAACACCUAGCUCUC","+","AAUC",0.45,0.3,15417,5621,5,2,0.998756218905473,0.999644633972992,TRUE,"0",0.699,1,0,0,"random tiling","uagaccaccccaaaaaugaaggggacuaaaacAUGUACAACACCUAGCUCUC"
15331,"AGAATTATGGCCTCACTTGT","ACAAGUGAGGCCAUAAUUCU","+","UCUU",0.4,0.35,14572,5627,0,1,0.999822316986496,0.999822316986496,TRUE,"0",0.586,1,0,0,"random tiling","uagaccaccccaaaaaugaaggggacuaaaacACAAGUGAGGCCAUAAUUCU"
15713,"TCTCTGACGATGCTGTTGTG","CACAACAGCAUCGUCAGAGA","+","UGUU",0.5,0.4,14190,5622,5,1,0.998933901918977,0.999822316986496,TRUE,"0",0.634,1,0,0,"random tiling","uagaccaccccaaaaaugaaggggacuaaaacCACAACAGCAUCGUCAGAGA"
16268,"AGACTTCATTAAGATGTGGT","ACCACAUCUUAAUGAAGUCU","+","GCUU",0.35,0.35,13635,5628,0,0,1,1,TRUE,"0",0.676,1,0,0,"random tiling","uagaccaccccaaaaaugaaggggacuaaaacACCACAUCUUAAUGAAGUCU"
16925,"ATACAGTAATGCCATTAAGT","ACUUAAUGGCAUUACUGUAU","+","GCAC",0.3,0.3,12978,5626,1,1,0.999644633972992,0.999822316986496,TRUE,"0",0.669,1,0,0,"random tiling","uagaccaccccaaaaaugaaggggacuaaaacACUUAAUGGCAUUACUGUAU"
17354,"TTGATGAAATTTCAATGGCC","GGCCAUUGAAAUUUCAUCAA","+","ACAA",0.35,0.35,12549,5616,11,1,0.997867803837953,0.999822316986496,TRUE,"0",0.4705,1,0,0,"random tiling","uagaccaccccaaaaaugaaggggacuaaaacGGCCAUUGAAAUUUCAUCAA"
18358,"TTACAGCTAGGTTTTTCTAC","GUAGAAAAACCUAGCUGUAA","+","AGGU",0.35,0.45,11545,5624,2,2,0.999289267945984,0.999644633972992,TRUE,"0",0.543,1,0,0,"random tiling","uagaccaccccaaaaaugaaggggacuaaaacGUAGAAAAACCUAGCUGUAA"
18987,"TGTTAAAGCTGCATTATTAG","CUAAUAAUGCAGCUUUAACA","+","CAGA",0.3,0.4,10916,5556,67,5,0.987206823027719,0.99911158493248,TRUE,"0",0.6075,1,0,0,"random tiling","uagaccaccccaaaaaugaaggggacuaaaacCUAAUAAUGCAGCUUUAACA"
19203,"TGTCGATAGATATCCTGCTA","UAGCAGGAUAUCUAUCGACA","+","AUUC",0.4,0.35,10700,5621,4,3,0.998756218905473,0.999466950959488,TRUE,"0",0.6395,1,0,0,"random tiling","uagaccaccccaaaaaugaaggggacuaaaacUAGCAGGAUAUCUAUCGACA"
20345,"ATAGTCAGTTAGGTGGTTTA","UAAACCACCUAACUGACUAU","+","CAUC",0.35,0.4,9558,5582,6,40,0.99182658137882,0.992892679459844,TRUE,"0",0.6275,1,0,0,"random tiling","uagaccaccccaaaaaugaaggggacuaaaacUAAACCACCUAACUGACUAU"
20974,"GATGCAGATTCAACTTTGAT","AUCAAAGUUGAAUCUGCAUC","+","UGGU",0.35,0.35,8929,5625,3,0,0.999466950959488,1,TRUE,"0",0.5345,1,0,0,"random tiling","uagaccaccccaaaaaugaaggggacuaaaacAUCAAAGUUGAAUCUGCAUC"
21464,"ATATGATTTTATCTCTTCTT","AAGAAGAGAUAAAAUCAUAU","+","AGUA",0.2,0.6,8439,5554,5,69,0.986851457000711,0.98773987206823,TRUE,"0",0.6105,1,0,0,"random tiling","uagaccaccccaaaaaugaaggggacuaaaacAAGAAGAGAUAAAAUCAUAU"
21940,"TGTTATTAAAGTCTGTGAAT","AUUCACAGACUUUAAUAACA","+","UUCA",0.25,0.45,7963,5621,2,5,0.998756218905473,0.99911158493248,TRUE,"0",0.6565,1,0,0,"random tiling","uagaccaccccaaaaaugaaggggacuaaaacAUUCACAGACUUUAAUAACA"
22720,"ATTAAATGATCTCTGCTTTA","UAAAGCAGAGAUCAUUUAAU","+","CUAA",0.25,0.45,7183,5611,1,16,0.996979388770434,0.997157071783937,TRUE,"0",0.5805,1,0,0,"random tiling","uagaccaccccaaaaaugaaggggacuaaaacUAAAGCAGAGAUCAUUUAAU"
22881,"ATCTTGATTCTAAGGTTGGT","ACCAACCUUAGAAUCAAGAU","+","GGUA",0.35,0.45,7022,5592,9,27,0.993603411513859,0.995202558635394,TRUE,"0",0.6075,1,0,0,"random tiling","uagaccaccccaaaaaugaaggggacuaaaacACCAACCUUAGAAUCAAGAU"
23803,"TGAATGCAGCAATCTTTTGT","ACAAAAGAUUGCUGCAUUCA","+","UGCA",0.35,0.4,6100,5624,1,3,0.999289267945984,0.999466950959488,TRUE,"0",0.617,1,0,0,"random tiling","uagaccaccccaaaaaugaaggggacuaaaacACAAAAGAUUGCUGCAUUCA"
24532,"AGTGCAAATTGATAGGTTGA","UCAACCUAUCAAUUUGCACU","+","UCAC",0.35,0.3,5371,5624,1,3,0.999289267945984,0.999466950959488,TRUE,"0",0.634,1,0,0,"random tiling","uagaccaccccaaaaaugaaggggacuaaaacUCAACCUAUCAAUUUGCACU"
24839,"GGTGTCTTTGTTTCAAATGG","CCAUUUGAAACAAAGACACC","+","CACA",0.4,0.45,5064,5624,2,2,0.999289267945984,0.999644633972992,TRUE,"0",0.759,1,0,0,"random tiling","uagaccaccccaaaaaugaaggggacuaaaacCCAUUUGAAACAAAGACACC"
25763,"TAATGAGGCTTTGGCTTTGC","GCAAAGCCAAAGCCUCAUUA","+","UGGA",0.45,0.4,4140,5608,7,13,0.996446339729922,0.997690120824449,TRUE,"0",0.5905,1,0,0,"random tiling","uagaccaccccaaaaaugaaggggacuaaaacGCAAAGCCAAAGCCUCAUUA"
25963,"GAAAAATGGGAATCTGGAGT","ACUCCAGAUUCCCAUUUUUC","+","AAAA",0.4,0.2,3940,5542,86,0,0.984719260838664,1,TRUE,"0",0.694,1,0,0,"random tiling","uagaccaccccaaaaaugaaggggacuaaaacACUCCAGAUUCCCAUUUUUC"
26610,"ACATGGATTTGTCTTCTACA","UGUAGAAGACAAAUCCAUGU","+","AUUU",0.35,0.4,3293,5621,5,2,0.998756218905473,0.999644633972992,TRUE,"0",0.4265,1,0,0,"random tiling","uagaccaccccaaaaaugaaggggacuaaaacUGUAGAAGACAAAUCCAUGU"
27689,"CAATTTTTCTTATTGTTGCG","CGCAACAAUAAGAAAAAUUG","+","GCAA",0.3,0.55,2214,5582,6,40,0.99182658137882,0.992892679459844,TRUE,"0",0.4425,1,0,0,"random tiling","uagaccaccccaaaaaugaaggggacuaaaacCGCAACAAUAAGAAAAAUUG"
28062,"TTAATTGAATTGTGCGTGGA","UCCACGCACAAUUCAAUUAA","+","UGAG",0.35,0.4,1841,5555,71,2,0.987029140014215,0.999644633972992,TRUE,"0",0.619,1,0,0,"random tiling","uagaccaccccaaaaaugaaggggacuaaaacUCCACGCACAAUUCAAUUAA"
28900,"AATGGCTGGCAATGGCGGTG","CACCGCCAUUGCCAGCCAUU","+","AUGC",0.6,0.2,1003,5620,5,3,0.998578535891969,0.999466950959488,TRUE,"0",0.7095,1,0,0,"random tiling","uagaccaccccaaaaaugaaggggacuaaaacCACCGCCAUUGCCAGCCAUU"
29465,"GCAGATTTGGATGATTTCTC","GAGAAAUCAUCCAAAUCUGC","+","CAAA",0.4,0.4,438,5577,17,34,0.990938166311301,0.993958777540867,TRUE,"0",0.4905,1,0,0,"random tiling","uagaccaccccaaaaaugaaggggacuaaaacGAGAAAUCAUCCAAAUCUGC"
