start,target,spacer,strand,antitag,GC_content,A_content,dist_to_3primeEnd,covid19_mismatch_0,covid19_mismatch_1,covid19_mismatch_2,sensitivity_0,sensitivity_01,has_crRNA_hairpin,crRNA_spacer_basepairs,target_basepairing_prob,specificity,match_against_hg38,match_against_bosTau9,no_offtarget_vir,no_offtarget_bac,shape_map,dms_map,gblock,region
366,CCGTGGAGGAGGTCTTATCA,UGAUAAGACCUCCUCCACGG,+,GAGG,0.55,0.25,29537,5586,22,20,0.992537313432836,0.996446339729922,TRUE,0,0.549,1,0,0,TRUE,TRUE,FALSE,FALSE,gblock1,1
367,CGTGGAGGAGGTCTTATCAG,CUGAUAAGACCUCCUCCACG,+,AGGC,0.55,0.25,29536,5586,21,21,0.992537313432836,0.996268656716418,TRUE,0,0.5485,1,0,0,TRUE,TRUE,FALSE,FALSE,gblock1,1
510,GTCATGTTATGGTTGAGCTG,CAGCUCAACCAUAACAUGAC,+,GUAG,0.45,0.4,29393,5586,22,20,0.992537313432836,0.996446339729922,TRUE,0,0.5495,1,0,0,FALSE,TRUE,TRUE,FALSE,gblock1,2
935,ACTAAGAGGGGTGTATACTG,CAGUAUACACCCCUCUUAGU,+,CUGC,0.45,0.25,28968,5619,7,2,0.998400852878465,0.999644633972992,TRUE,0,0.495,1,0,2,TRUE,TRUE,FALSE,FALSE,gblock1,3
936,CTAAGAGGGGTGTATACTGC,GCAGUAUACACCCCUCUUAG,+,UGCC,0.5,0.25,28967,5618,8,2,0.998223169864961,0.999644633972992,TRUE,0,0.5025,1,0,0,TRUE,TRUE,FALSE,FALSE,gblock1,3
937,TAAGAGGGGTGTATACTGCT,AGCAGUAUACACCCCUCUUA,+,GCCG,0.45,0.3,28966,5619,6,3,0.998400852878465,0.999466950959488,TRUE,0,0.4915,1,0,0,TRUE,TRUE,FALSE,FALSE,gblock1,3
1381,ATGTCACAATTCAGAAGTAG,CUACUUCUGAAUUGUGACAU,+,GACC,0.35,0.25,28522,5528,98,2,0.982231698649609,0.999644633972992,TRUE,0,0.5795,1,0,0,TRUE,TRUE,FALSE,FALSE,gblock1,4
1382,TGTCACAATTCAGAAGTAGG,CCUACUUCUGAAUUGUGACA,+,ACCU,0.4,0.25,28521,5524,102,2,0.981520966595594,0.999644633972992,TRUE,0,0.571,1,0,0,TRUE,TRUE,FALSE,FALSE,gblock1,4
1383,GTCACAATTCAGAAGTAGGA,UCCUACUUCUGAAUUGUGAC,+,CCUG,0.4,0.2,28520,5524,102,2,0.981520966595594,0.999644633972992,TRUE,0,0.574,1,0,0,TRUE,TRUE,FALSE,FALSE,gblock1,4
1495,GTTCTCTTATGTTGGTTGCC,GGCAACCAACAUAAGAGAAC,+,AUAA,0.45,0.5,28408,5623,2,3,0.99911158493248,0.999466950959488,TRUE,0,0.762,1,0,1,TRUE,TRUE,FALSE,FALSE,gblock1,5
1545,CTAGCGCTAACATAGGTTGT,ACAACCUAUGUUAGCGCUAG,+,AACC,0.45,0.3,28358,5617,8,3,0.998045486851457,0.999466950959488,TRUE,0,0.6885,1,0,0,TRUE,TRUE,FALSE,FALSE,gblock1,6
1733,ACTGTGAAAGGTTTGGATTA,UAAUCCAAACCUUUCACAGU,+,UAAA,0.35,0.35,28170,5621,7,0,0.998756218905473,1,TRUE,0,0.521,1,0,15,FALSE,TRUE,TRUE,FALSE,gblock1,7
1734,CTGTGAAAGGTTTGGATTAT,AUAAUCCAAACCUUUCACAG,+,AAAG,0.35,0.4,28169,5621,7,0,0.998756218905473,1,TRUE,0,0.53,1,0,15,FALSE,TRUE,TRUE,FALSE,gblock1,7
2611,AGTTTGTATTAACGGGCTTA,UAAGCCCGUUAAUACAAACU,+,UGUU,0.35,0.4,27292,5545,4,79,0.985252309879176,0.985963041933191,TRUE,0,0.544,1,0,0,TRUE,TRUE,FALSE,FALSE,gblock1,8
2614,TTGTATTAACGGGCTTATGT,ACAUAAGCCCGUUAAUACAA,+,UGCU,0.35,0.45,27289,5543,8,77,0.984896943852168,0.986318407960199,TRUE,0,0.4695,1,0,0,TRUE,TRUE,FALSE,FALSE,gblock1,8
2626,GCTTATGTTGCTCGAAATCA,UGAUUUCGAGCAACAUAAGC,+,AAGA,0.4,0.35,27277,5549,9,70,0.985963041933191,0.987562189054726,TRUE,0,0.3885,1,0,0,TRUE,TRUE,FALSE,FALSE,gblock1,8
2864,GAAGTAAATGAGTTCGCCTG,CAGGCGAACUCAUUUACUUC,+,UGUU,0.45,0.25,27039,5622,3,3,0.998933901918977,0.999466950959488,TRUE,0,0.6785,1,0,0,TRUE,TRUE,FALSE,FALSE,gblock1,9
2866,AGTAAATGAGTTCGCCTGTG,CACAGGCGAACUCAUUUACU,+,UUGU,0.45,0.3,27037,5622,3,3,0.998933901918977,0.999466950959488,TRUE,0,0.765,1,0,0,TRUE,TRUE,FALSE,FALSE,gblock1,9
2867,GTAAATGAGTTCGCCTGTGT,ACACAGGCGAACUCAUUUAC,+,UGUG,0.45,0.35,27036,5622,3,3,0.998933901918977,0.999466950959488,TRUE,0,0.7965,1,0,0,TRUE,TRUE,FALSE,FALSE,gblock1,9
2868,TAAATGAGTTCGCCTGTGTT,AACACAGGCGAACUCAUUUA,+,GUGG,0.4,0.4,27035,5622,3,3,0.998933901918977,0.999466950959488,TRUE,0,0.773,1,0,0,TRUE,TRUE,FALSE,FALSE,gblock1,9
3565,TGGTAGTTGTGTTTTAAGCG,CGCUUAAAACACAACUACCA,+,GACA,0.4,0.45,26338,5622,2,4,0.998933901918977,0.999289267945984,TRUE,0,0.74,1,0,0,TRUE,TRUE,FALSE,FALSE,gblock1,10
3566,GGTAGTTGTGTTTTAAGCGG,CCGCUUAAAACACAACUACC,+,ACAC,0.45,0.4,26337,5622,2,4,0.998933901918977,0.999289267945984,TRUE,0,0.7395,1,0,0,TRUE,TRUE,FALSE,FALSE,gblock1,10
4423,CAAATTAATGCCTGTCTGTG,CACAGACAGGCAUUAAUUUG,+,UGGA,0.4,0.35,25480,5617,3,8,0.998045486851457,0.998578535891969,TRUE,0,0.6095,1,0,0,TRUE,TRUE,FALSE,FALSE,gblock1,11
4475,CGTAAATATAAGGGTATTAA,UUAAUACCCUUAUAUUUACG,+,AAUA,0.25,0.3,25428,5617,4,7,0.998045486851457,0.998756218905473,TRUE,0,0.4745,1,0,0,FALSE,TRUE,TRUE,FALSE,gblock1,12
4951,GAGAGAAGTGAGGACTATTA,UAAUAGUCCUCACUUCUCUC,+,AGGU,0.4,0.2,24952,5617,5,6,0.998045486851457,0.998933901918977,TRUE,0,0.737,1,0,0,FALSE,TRUE,TRUE,FALSE,gblock2,13
4953,GAGAAGTGAGGACTATTAAG,CUUAAUAGUCCUCACUUCUC,+,GUGU,0.4,0.2,24950,5618,4,6,0.998223169864961,0.998933901918977,TRUE,0,0.7205,1,0,0,TRUE,FALSE,TRUE,FALSE,gblock2,13
4956,AAGTGAGGACTATTAAGGTG,CACCUUAAUAGUCCUCACUU,+,UUUA,0.4,0.25,24947,5615,7,6,0.997690120824449,0.998933901918977,TRUE,0,0.7275,1,0,0,FALSE,TRUE,TRUE,FALSE,gblock2,13
4957,AGTGAGGACTATTAAGGTGT,ACACCUUAAUAGUCCUCACU,+,UUAC,0.4,0.3,24946,5616,6,6,0.997867803837953,0.998933901918977,TRUE,0,0.726,1,0,0,FALSE,TRUE,TRUE,FALSE,gblock2,13
4958,GTGAGGACTATTAAGGTGTT,AACACCUUAAUAGUCCUCAC,+,UACA,0.4,0.35,24945,5616,6,6,0.997867803837953,0.998933901918977,TRUE,0,0.726,1,0,0,FALSE,TRUE,TRUE,FALSE,gblock2,13
4961,AGGACTATTAAGGTGTTTAC,GUAAACACCUUAAUAGUCCU,+,AACA,0.35,0.35,24942,5617,5,6,0.998045486851457,0.998933901918977,TRUE,0,0.7275,1,0,0,FALSE,TRUE,TRUE,FALSE,gblock2,13
5143,TCTACGTGTTGAGGCTTTTG,CAAAAGCCUCAACACGUAGA,+,AGUA,0.45,0.45,24760,5618,5,5,0.998223169864961,0.99911158493248,TRUE,0,0.447,1,0,0,TRUE,TRUE,FALSE,FALSE,gblock2,14
5461,GAGTTACTTGTTTCAACATG,CAUGUUGAAACAAGUAACUC,+,CCAA,0.35,0.4,24442,5605,11,12,0.99591329068941,0.997867803837953,TRUE,0,0.6315,1,0,0,TRUE,TRUE,FALSE,FALSE,gblock2,15
6028,AAACGCAAGCTTCGATAATT,AAUUAUCGAAGCUUGCGUUU,+,UUAA,0.35,0.25,23875,5608,13,7,0.996446339729922,0.998756218905473,TRUE,0,0.5285,1,0,0,TRUE,TRUE,TRUE,FALSE,gblock2,16
6029,AACGCAAGCTTCGATAATTT,AAAUUAUCGAAGCUUGCGUU,+,UAAG,0.35,0.3,23874,5609,13,6,0.996624022743426,0.998933901918977,TRUE,0,0.545,1,0,0,FALSE,TRUE,TRUE,FALSE,gblock2,16
6030,ACGCAAGCTTCGATAATTTT,AAAAUUAUCGAAGCUUGCGU,+,AAGU,0.35,0.35,23873,5609,12,7,0.996624022743426,0.998756218905473,TRUE,0,0.5565,1,0,0,TRUE,TRUE,TRUE,FALSE,gblock2,16
6031,CGCAAGCTTCGATAATTTTA,UAAAAUUAUCGAAGCUUGCG,+,AGUU,0.35,0.35,23872,5609,12,7,0.996624022743426,0.998756218905473,TRUE,0,0.6035,1,0,0,TRUE,TRUE,TRUE,FALSE,gblock2,16
6123,GAGAGCTTAAAGTTACATTT,AAAUGUAACUUUAAGCUCUC,+,UUCC,0.3,0.35,23780,5625,2,1,0.999466950959488,0.999822316986496,TRUE,0,0.518,1,0,0,TRUE,TRUE,FALSE,FALSE,gblock2,17
6282,ATACCTGGTGTATACGTTGT,ACAACGUAUACACCAGGUAU,+,CUUU,0.4,0.4,23621,5612,6,10,0.997157071783937,0.998223169864961,TRUE,0,0.613,1,0,0,TRUE,TRUE,FALSE,FALSE,gblock2,18
6330,CAAATTCGTTTGATGTACTG,CAGUACAUCAAACGAAUUUG,+,AAGU,0.35,0.4,23573,5609,4,15,0.996624022743426,0.997334754797441,TRUE,0,0.6985,1,0,1,TRUE,TRUE,FALSE,FALSE,gblock2,19
6335,TCGTTTGATGTACTGAAGTC,GACUUCAGUACAUCAAACGA,+,AGAG,0.4,0.4,23568,5606,7,15,0.996090973702914,0.997334754797441,TRUE,0,0.631,1,0,0,TRUE,TRUE,FALSE,FALSE,gblock2,19
6501,CAGCAAATAATAGTTTAAAA,UUUUAAACUAUUAUUUGCUG,+,AUUA,0.2,0.25,23402,5599,11,18,0.994847192608387,0.99680170575693,TRUE,0,0.3045,1,0,0,TRUE,FALSE,TRUE,FALSE,gblock2,20
6883,CGGTAAATTTTGTCTAGAGG,CCUCUAGACAAAAUUUACCG,+,CUUC,0.4,0.35,23020,5541,10,77,0.98454157782516,0.986318407960199,TRUE,0,0.587,1,0,0,TRUE,TRUE,FALSE,FALSE,gblock2,21
7720,CCAGTCTTCTTACATCGTTG,CAACGAUGUAAGAAGACUGG,+,AUAG,0.45,0.4,22183,5613,7,8,0.997334754797441,0.998578535891969,TRUE,0,0.525,1,0,0,TRUE,TRUE,FALSE,FALSE,gblock2,22
7721,CAGTCTTCTTACATCGTTGA,UCAACGAUGUAAGAAGACUG,+,UAGU,0.4,0.4,22182,5613,7,8,0.997334754797441,0.998578535891969,TRUE,0,0.5025,1,0,0,TRUE,TRUE,FALSE,FALSE,gblock2,22
7724,TCTTCTTACATCGTTGATAG,CUAUCAACGAUGUAAGAAGA,+,UGUU,0.35,0.45,22179,5612,7,9,0.997157071783937,0.998400852878465,TRUE,0,0.4555,1,0,0,TRUE,TRUE,FALSE,FALSE,gblock2,22
7731,ACATCGTTGATAGTGTTACA,UGUAACACUAUCAACGAUGU,+,GUGA,0.35,0.35,22172,5617,2,9,0.998045486851457,0.998400852878465,TRUE,0,0.4915,1,0,0,TRUE,TRUE,FALSE,FALSE,gblock2,22
9093,TTGCTTATGAAAGTTTACGC,GCGUAAACUUUCAUAAGCAA,+,CCUG,0.35,0.4,20810,5619,7,2,0.998400852878465,0.999644633972992,TRUE,4,0.49,1,0,0,TRUE,TRUE,FALSE,FALSE,gblock2,23
10188,CCTCTGAAGACATGCTTAAC,GUUAAGCAUGUCUUCAGAGG,+,CCUA,0.45,0.25,19715,5620,5,3,0.998578535891969,0.999466950959488,TRUE,0,0.479,1,0,0,FALSE,TRUE,TRUE,FALSE,gblock3,24
10699,AGACAGGTGGTTTCTCAATC,GAUUGAGAAACCACCUGUCU,+,GAUU,0.45,0.3,19204,5621,6,1,0.998756218905473,0.999822316986496,TRUE,0,0.483,1,0,0,FALSE,TRUE,TRUE,FALSE,gblock3,25
12606,TTAGTATGGACAATTCACCT,AGGUGAAUUGUCCAUACUAA,+,AAUU,0.35,0.35,17297,5627,1,0,0.999822316986496,1,TRUE,4,0.642,1,0,0,FALSE,TRUE,TRUE,FALSE,gblock3,26
12607,TAGTATGGACAATTCACCTA,UAGGUGAAUUGUCCAUACUA,+,AUUU,0.35,0.3,17296,5627,1,0,0.999822316986496,1,TRUE,4,0.6545,1,0,0,FALSE,TRUE,TRUE,FALSE,gblock3,26
12609,GTATGGACAATTCACCTAAT,AUUAGGUGAAUUGUCCAUAC,+,UUAG,0.35,0.3,17294,5627,1,0,0.999822316986496,1,TRUE,4,0.6685,1,0,0,FALSE,TRUE,TRUE,FALSE,gblock3,26
14251,TTAAAATATGACTTCACGGA,UCCGUGAAGUCAUAUUUUAA,+,AGAG,0.3,0.3,15652,5621,6,1,0.998756218905473,0.999822316986496,TRUE,0,0.5595,1,0,0,FALSE,TRUE,TRUE,FALSE,gblock3,27
15943,TCAAGAATCCTAGGGGCCGG,CCGGCCCCUAGGAUUCUUGA,+,CUGU,0.6,0.15,13960,5619,7,2,0.998400852878465,0.999644633972992,TRUE,4,0.5485,1,0,0,TRUE,TRUE,FALSE,FALSE,gblock4,28
15946,AGAATCCTAGGGGCCGGCTG,CAGCCGGCCCCUAGGAUUCU,+,UUUU,0.65,0.15,13957,5618,8,2,0.998223169864961,0.999644633972992,TRUE,4,0.634,1,0,0,TRUE,TRUE,FALSE,FALSE,gblock4,28
15947,GAATCCTAGGGGCCGGCTGT,ACAGCCGGCCCCUAGGAUUC,+,UUUG,0.65,0.2,13956,5618,8,2,0.998223169864961,0.999644633972992,TRUE,4,0.6755,1,0,0,TRUE,TRUE,FALSE,FALSE,gblock4,28
15949,ATCCTAGGGGCCGGCTGTTT,AAACAGCCGGCCCCUAGGAU,+,UGUA,0.6,0.3,13954,5619,7,2,0.998400852878465,0.999644633972992,TRUE,4,0.727,1,0,0,TRUE,TRUE,FALSE,FALSE,gblock4,28
15952,CTAGGGGCCGGCTGTTTTGT,ACAAAACAGCCGGCCCCUAG,+,AGAU,0.6,0.35,13951,5619,7,2,0.998400852878465,0.999644633972992,TRUE,0,0.7245,1,0,0,TRUE,TRUE,FALSE,FALSE,gblock4,28
16419,TCAACTTTACTTAGGAGGTA,UACCUCCUAAGUAAAGUUGA,+,UGAG,0.35,0.35,13484,5621,7,0,0.998756218905473,1,TRUE,0,0.5415,1,0,0,FALSE,TRUE,TRUE,FALSE,gblock4,29
16420,CAACTTTACTTAGGAGGTAT,AUACCUCCUAAGUAAAGUUG,+,GAGC,0.35,0.35,13483,5622,6,0,0.998933901918977,1,TRUE,0,0.528,1,0,0,FALSE,TRUE,TRUE,FALSE,gblock4,29
16656,TACTGAGGAGACATTTAAAC,GUUUAAAUGUCUCCUCAGUA,+,UGUC,0.35,0.25,13247,5616,3,9,0.997867803837953,0.998400852878465,TRUE,0,0.4615,1,0,0,FALSE,TRUE,TRUE,FALSE,gblock4,30
18263,CCCGCGAAGAAGCTATAAGA,UCUUAUAGCUUCUUCGCGGG,+,CAUG,0.5,0.1,11640,5624,2,2,0.999289267945984,0.999644633972992,TRUE,4,0.5165,1,0,0,TRUE,TRUE,FALSE,FALSE,gblock4,31
18264,CCGCGAAGAAGCTATAAGAC,GUCUUAUAGCUUCUUCGCGG,+,AUGU,0.5,0.1,11639,5624,2,2,0.999289267945984,0.999644633972992,TRUE,4,0.535,1,0,0,TRUE,TRUE,FALSE,FALSE,gblock4,31
18272,AAGCTATAAGACATGTACGT,ACGUACAUGUCUUAUAGCUU,+,GCAU,0.35,0.25,11631,5625,0,3,0.999466950959488,0.999466950959488,TRUE,0,0.52,1,0,0,TRUE,TRUE,FALSE,FALSE,gblock4,31
18460,CCGCCTGGAGATCAATTTAA,UUAAAUUGAUCUCCAGGCGG,+,ACAC,0.45,0.25,11443,5623,2,3,0.99911158493248,0.999466950959488,TRUE,0,0.482,1,0,0,TRUE,TRUE,FALSE,FALSE,gblock4,32
18606,CTTTGAGTTGACATCTATGA,UCAUAGAUGUCAACUCAAAG,+,AGUA,0.35,0.4,11297,5625,1,2,0.999466950959488,0.999644633972992,TRUE,0,0.4695,1,0,0,TRUE,TRUE,FALSE,FALSE,gblock4,33
18610,GAGTTGACATCTATGAAGTA,UACUUCAUAGAUGUCAACUC,+,UUUU,0.35,0.3,11293,5625,1,2,0.999466950959488,0.999644633972992,TRUE,0,0.431,1,0,0,TRUE,TRUE,FALSE,FALSE,gblock4,33
18816,GTATTGTCAAGTCCATGGTA,UACCAUGGACUUGACAAUAC,+,AUGC,0.4,0.35,11087,5620,7,1,0.998578535891969,0.999822316986496,TRUE,0,0.4565,1,0,0,TRUE,TRUE,FALSE,FALSE,gblock4,34
19169,TCACAGATGGTGTATGCCTA,UAGGCAUACACCAUCUGUGA,+,UUUU,0.45,0.3,10734,5604,22,2,0.995735607675906,0.999644633972992,TRUE,4,0.5815,1,0,0,FALSE,TRUE,TRUE,FALSE,gblock4,35
20716,ATGCTATTAGAAAAGTGTGA,UCACACUUUUCUAAUAGCAU,+,CCUU,0.3,0.3,9187,5621,2,5,0.998756218905473,0.99911158493248,TRUE,0,0.4775,1,0,0,TRUE,TRUE,FALSE,FALSE,gblock5,36
20717,TGCTATTAGAAAAGTGTGAC,GUCACACUUUUCUAAUAGCA,+,CUUC,0.35,0.3,9186,5619,4,5,0.998400852878465,0.99911158493248,TRUE,0,0.5045,1,0,0,TRUE,TRUE,FALSE,FALSE,gblock5,36
20817,TTTAAACACATTAACATTAG,CUAAUGUUAAUGUGUUUAAA,+,CUGU,0.2,0.35,9086,5623,3,2,0.99911158493248,0.999644633972992,TRUE,0,0.4525,1,0,0,TRUE,FALSE,TRUE,FALSE,gblock5,37
20825,CATTAACATTAGCTGTACCC,GGGUACAGCUAAUGUUAAUG,+,UAUA,0.4,0.3,9078,5621,5,2,0.998756218905473,0.999644633972992,TRUE,0,0.562,1,0,0,TRUE,FALSE,TRUE,FALSE,gblock5,37
20844,CTATAATATGAGAGTTATAC,GUAUAACUCUCAUAUUAUAG,+,AUUU,0.25,0.35,9059,5620,5,3,0.998578535891969,0.999466950959488,TRUE,0,0.5175,1,0,0,FALSE,TRUE,TRUE,FALSE,gblock5,37
21625,AACTCAATTACCCCCTGCAT,AUGCAGGGGGUAAUUGAGUU,+,ACAC,0.45,0.25,8278,5581,14,33,0.991648898365316,0.994136460554371,TRUE,0,0.119,1,0,0,TRUE,TRUE,FALSE,FALSE,gblock5,38
21626,ACTCAATTACCCCCTGCATA,UAUGCAGGGGGUAAUUGAGU,+,CACU,0.45,0.25,8277,5583,12,33,0.992004264392324,0.994136460554371,TRUE,0,0.133,1,0,0,TRUE,TRUE,FALSE,FALSE,gblock5,38
21647,ACTAATTCTTTCACACGTGG,CCACGUGUGAAAGAAUUAGU,+,UGUU,0.4,0.35,8256,5587,12,29,0.99271499644634,0.994847192608387,TRUE,0,0.348,1,0,0,TRUE,TRUE,FALSE,FALSE,gblock5,38
21693,GATCCTCAGTTTTACATTCA,UGAAUGUAAAACUGAGGAUC,+,ACUC,0.35,0.4,8210,5599,22,7,0.994847192608387,0.998756218905473,TRUE,0,0.4475,1,0,0,TRUE,TRUE,FALSE,FALSE,gblock5,39
21742,CAATGTTACTTGGTTCCATG,CAUGGAACCAAGUAACAUUG,+,CUAU,0.4,0.4,8161,5606,5,17,0.996090973702914,0.996979388770434,TRUE,0,0.5455,1,0,0,TRUE,FALSE,TRUE,FALSE,gblock5,40
21743,AATGTTACTTGGTTCCATGC,GCAUGGAACCAAGUAACAUU,+,UAUA,0.4,0.4,8160,5607,5,16,0.996268656716418,0.997157071783937,TRUE,0,0.5575,1,0,0,TRUE,TRUE,TRUE,FALSE,gblock5,40
21744,ATGTTACTTGGTTCCATGCT,AGCAUGGAACCAAGUAACAU,+,AUAC,0.4,0.45,8159,5608,4,16,0.996446339729922,0.997157071783937,TRUE,0,0.532,1,0,0,TRUE,FALSE,TRUE,FALSE,gblock5,40
21745,TGTTACTTGGTTCCATGCTA,UAGCAUGGAACCAAGUAACA,+,UACA,0.4,0.45,8158,5608,4,16,0.996446339729922,0.997157071783937,TRUE,0,0.52,1,0,0,TRUE,FALSE,TRUE,FALSE,gblock5,40
21746,GTTACTTGGTTCCATGCTAT,AUAGCAUGGAACCAAGUAAC,+,ACAU,0.4,0.45,8157,5609,3,16,0.996624022743426,0.997157071783937,TRUE,0,0.5185,1,0,0,TRUE,FALSE,TRUE,FALSE,gblock5,40
21747,TTACTTGGTTCCATGCTATA,UAUAGCAUGGAACCAAGUAA,+,CAUG,0.35,0.45,8156,5609,3,16,0.996624022743426,0.997157071783937,TRUE,0,0.506,1,0,0,TRUE,FALSE,TRUE,FALSE,gblock5,40
21748,TACTTGGTTCCATGCTATAC,GUAUAGCAUGGAACCAAGUA,+,AUGU,0.4,0.4,8155,5608,4,16,0.996446339729922,0.997157071783937,TRUE,0,0.5015,1,0,0,TRUE,TRUE,TRUE,FALSE,gblock5,40
21749,ACTTGGTTCCATGCTATACA,UGUAUAGCAUGGAACCAAGU,+,UGUC,0.4,0.35,8154,5608,5,15,0.996446339729922,0.997334754797441,TRUE,0,0.5075,1,0,0,FALSE,TRUE,TRUE,FALSE,gblock5,40
21759,ATGCTATACATGTCTCTGGG,CCCAGAGACAUGUAUAGCAU,+,ACCA,0.45,0.35,8144,5603,9,16,0.995557924662402,0.997157071783937,TRUE,0,0.4785,1,0,0,TRUE,TRUE,FALSE,FALSE,gblock5,40
22194,ATTTAGTGCGTGATCTCCCT,AGGGAGAUCACGCACUAAAU,+,CAGG,0.45,0.4,7709,5608,9,11,0.996446339729922,0.998045486851457,TRUE,0,0.579,1,0,0,TRUE,TRUE,FALSE,FALSE,gblock5,41
22195,TTTAGTGCGTGATCTCCCTC,GAGGGAGAUCACGCACUAAA,+,AGGG,0.5,0.4,7708,5607,10,11,0.996268656716418,0.998045486851457,TRUE,0,0.577,1,0,0,TRUE,TRUE,FALSE,FALSE,gblock5,41
22659,CTGTCCTATATAATTCCGCA,UGCGGAAUUAUAUAGGACAG,+,UCAU,0.4,0.35,7244,5595,12,21,0.994136460554371,0.996268656716418,TRUE,0,0.4575,1,0,0,TRUE,TRUE,FALSE,FALSE,gblock5,42
22661,GTCCTATATAATTCCGCATC,GAUGCGGAAUUAUAUAGGAC,+,AUUU,0.4,0.35,7242,5595,12,21,0.994136460554371,0.996268656716418,TRUE,0,0.445,1,0,0,TRUE,TRUE,FALSE,FALSE,gblock5,42
22662,TCCTATATAATTCCGCATCA,UGAUGCGGAAUUAUAUAGGA,+,UUUU,0.35,0.35,7241,5606,1,21,0.996090973702914,0.996268656716418,TRUE,0,0.473,1,0,0,TRUE,TRUE,FALSE,FALSE,gblock5,42
22914,ACCTGTATAGATTGTTTAGG,CCUAAACAAUCUAUACAGGU,+,AAGU,0.35,0.4,6989,5589,5,34,0.993070362473348,0.993958777540867,TRUE,0,0.517,1,0,0,TRUE,TRUE,FALSE,FALSE,gblock5,43
22921,TAGATTGTTTAGGAAGTCTA,UAGACUUCCUAAACAAUCUA,+,AUCU,0.3,0.4,6982,5589,5,34,0.993070362473348,0.993958777540867,TRUE,0,0.618,1,0,0,TRUE,TRUE,FALSE,FALSE,gblock5,43
23185,CAACTTCAATGGTTTAACAG,CUGUUAAACCAUUGAAGUUG,+,GCAC,0.35,0.3,6718,5614,11,3,0.997512437810945,0.999466950959488,TRUE,0,0.498,1,0,0,TRUE,FALSE,TRUE,FALSE,gblock5,44
23186,AACTTCAATGGTTTAACAGG,CCUGUUAAACCAUUGAAGUU,+,CACA,0.35,0.3,6717,5620,5,3,0.998578535891969,0.999466950959488,TRUE,0,0.545,1,0,0,TRUE,FALSE,TRUE,FALSE,gblock5,44
23205,GCACAGGTGTTCTTACTGAG,CUCAGUAAGAACACCUGUGC,+,UCUA,0.5,0.3,6698,5624,3,1,0.999289267945984,0.999822316986496,TRUE,0,0.6265,1,0,0,TRUE,TRUE,FALSE,FALSE,gblock5,44
23206,CACAGGTGTTCTTACTGAGT,ACUCAGUAAGAACACCUGUG,+,CUAA,0.45,0.35,6697,5623,4,1,0.99911158493248,0.999822316986496,TRUE,0,0.619,1,0,0,TRUE,TRUE,FALSE,FALSE,gblock5,44
23207,ACAGGTGTTCTTACTGAGTC,GACUCAGUAAGAACACCUGU,+,UAAC,0.45,0.35,6696,5625,2,1,0.999466950959488,0.999822316986496,TRUE,0,0.5935,1,0,0,TRUE,TRUE,FALSE,FALSE,gblock5,44
23214,TTCTTACTGAGTCTAACAAA,UUUGUUAGACUCAGUAAGAA,+,AAGU,0.3,0.35,6689,5623,3,2,0.99911158493248,0.999644633972992,TRUE,0,0.4,1,0,0,TRUE,TRUE,FALSE,FALSE,gblock5,44
23440,AGATCAACTTACTCCTACTT,AAGUAGGAGUAAGUUGAUCU,+,GGCG,0.35,0.35,6463,5622,4,2,0.998933901918977,0.999644633972992,TRUE,0,0.291,1,0,6,TRUE,TRUE,FALSE,FALSE,gblock5,45
23461,GCGTGTTTATTCTACAGGTT,AACCUGUAGAAUAAACACGC,+,CUAA,0.4,0.45,6442,5626,0,2,0.999644633972992,0.999644633972992,TRUE,0,0.5415,1,0,0,TRUE,TRUE,FALSE,FALSE,gblock5,45
23462,CGTGTTTATTCTACAGGTTC,GAACCUGUAGAAUAAACACG,+,UAAU,0.4,0.45,6441,5626,0,2,0.999644633972992,0.999644633972992,TRUE,0,0.5145,1,0,0,TRUE,TRUE,FALSE,FALSE,gblock5,45
23612,GCACGTAGTGTAGCTAGTCA,UGACUAGCUACACUACGUGC,+,AUCC,0.5,0.25,6291,5621,5,2,0.998756218905473,0.999644633972992,TRUE,0,0.718,1,0,0,TRUE,TRUE,FALSE,FALSE,gblock6,46
23613,CACGTAGTGTAGCTAGTCAA,UUGACUAGCUACACUACGUG,+,UCCA,0.45,0.25,6290,5621,5,2,0.998756218905473,0.999644633972992,TRUE,0,0.687,1,0,0,TRUE,TRUE,FALSE,FALSE,gblock6,46
23614,ACGTAGTGTAGCTAGTCAAT,AUUGACUAGCUACACUACGU,+,CCAU,0.4,0.3,6289,5621,5,2,0.998756218905473,0.999644633972992,TRUE,0,0.6875,1,0,0,TRUE,TRUE,FALSE,FALSE,gblock6,46
23615,CGTAGTGTAGCTAGTCAATC,GAUUGACUAGCUACACUACG,+,CAUC,0.45,0.3,6288,5621,5,2,0.998756218905473,0.999644633972992,TRUE,0,0.656,1,0,0,TRUE,TRUE,FALSE,FALSE,gblock6,46
23616,GTAGTGTAGCTAGTCAATCC,GGAUUGACUAGCUACACUAC,+,AUCA,0.45,0.3,6287,5620,6,2,0.998578535891969,0.999644633972992,TRUE,0,0.6135,1,0,0,TRUE,TRUE,FALSE,FALSE,gblock6,46
23618,AGTGTAGCTAGTCAATCCAT,AUGGAUUGACUAGCUACACU,+,CAUU,0.4,0.3,6285,5620,6,2,0.998578535891969,0.999644633972992,TRUE,0,0.525,1,0,0,TRUE,TRUE,FALSE,FALSE,gblock6,46
23619,GTGTAGCTAGTCAATCCATC,GAUGGAUUGACUAGCUACAC,+,AUUG,0.45,0.3,6284,5617,9,2,0.998045486851457,0.999644633972992,TRUE,0,0.488,1,0,0,TRUE,TRUE,FALSE,FALSE,gblock6,46
23620,TGTAGCTAGTCAATCCATCA,UGAUGGAUUGACUAGCUACA,+,UUGC,0.4,0.3,6283,5617,9,2,0.998045486851457,0.999644633972992,TRUE,0,0.477,1,0,0,TRUE,TRUE,FALSE,FALSE,gblock6,46
23833,CAGTTTTTGTACACAATTAA,UUAAUUGUGUACAAAAACUG,+,ACCG,0.25,0.4,6070,5624,2,2,0.999289267945984,0.999644633972992,TRUE,0,0.4015,1,0,0,TRUE,TRUE,FALSE,FALSE,gblock6,47
24087,GTGATATTGCTGCTAGAGAC,GUCUCUAGCAGCAAUAUCAC,+,CUCA,0.45,0.3,5816,5612,12,4,0.997157071783937,0.999289267945984,TRUE,0,0.4775,1,0,0,TRUE,TRUE,FALSE,FALSE,gblock6,48
24124,GTTTAACGGCCTTACTGTTT,AAACAGUAAGGCCGUUAAAC,+,UGCC,0.4,0.45,5779,5619,3,6,0.998400852878465,0.998933901918977,TRUE,0,0.5255,1,0,0,TRUE,TRUE,FALSE,FALSE,gblock6,49
24126,TTAACGGCCTTACTGTTTTG,CAAAACAGUAAGGCCGUUAA,+,CCAC,0.4,0.45,5777,5619,3,6,0.998400852878465,0.998933901918977,TRUE,0,0.4765,1,0,0,TRUE,TRUE,FALSE,FALSE,gblock6,49
24180,ACACTTCTGCACTGTTAGCG,CGCUAACAGUGCAGAAGUGU,+,GGUA,0.5,0.3,5723,5608,15,5,0.996446339729922,0.99911158493248,TRUE,4,0.5715,1,0,0,TRUE,TRUE,FALSE,FALSE,gblock6,50
25406,TGAGAATCTTCACAATTGGA,UCCAAUUGUGAAGAUUCUCA,+,ACUG,0.35,0.3,4497,5618,7,3,0.998223169864961,0.999466950959488,TRUE,0,0.431,1,0,0,TRUE,TRUE,FALSE,FALSE,gblock6,51
25709,TCTATCTTTATGCTTTAGTC,GACUAAAGCAUAAAGAUAGA,+,UACU,0.3,0.55,4194,5613,4,11,0.997334754797441,0.998045486851457,TRUE,0,0.336,1,0,1,TRUE,TRUE,FALSE,FALSE,gblock6,52
25714,CTTTATGCTTTAGTCTACTT,AAGUAGACUAAAGCAUAAAG,+,CUUG,0.3,0.55,4189,5612,6,10,0.997157071783937,0.998223169864961,TRUE,0,0.415,1,0,0,TRUE,TRUE,FALSE,FALSE,gblock6,52
25715,TTTATGCTTTAGTCTACTTC,GAAGUAGACUAAAGCAUAAA,+,UUGC,0.3,0.55,4188,5612,6,10,0.997157071783937,0.998223169864961,TRUE,0,0.4515,1,0,0,TRUE,TRUE,FALSE,FALSE,gblock6,52
26689,TGTTATGGCCAGTAACTTTA,UAAAGUUACUGGCCAUAACA,+,GCUU,0.35,0.4,3214,5625,1,2,0.999466950959488,0.999644633972992,TRUE,0,0.4755,1,0,0,TRUE,TRUE,FALSE,FALSE,gblock6,53
26690,GTTATGGCCAGTAACTTTAG,CUAAAGUUACUGGCCAUAAC,+,CUUG,0.4,0.35,3213,5625,1,2,0.999466950959488,0.999644633972992,TRUE,0,0.467,1,0,0,TRUE,TRUE,FALSE,FALSE,gblock6,53
26738,AATAAATTGGATCACCGGTG,CACCGGUGAUCCAAUUUAUU,+,GAAU,0.4,0.25,3165,5621,3,4,0.998756218905473,0.999289267945984,TRUE,4,0.5795,1,0,0,TRUE,TRUE,FALSE,FALSE,gblock6,54
26740,TAAATTGGATCACCGGTGGA,UCCACCGGUGAUCCAAUUUA,+,AUUG,0.45,0.25,3163,5621,3,4,0.998756218905473,0.999289267945984,TRUE,4,0.578,1,0,0,TRUE,TRUE,FALSE,FALSE,gblock6,54
27911,CTTAGGAATCATCACAACTG,CAGUUGUGAUGAUUCCUAAG,+,UAGC,0.4,0.25,1992,5615,10,3,0.997690120824449,0.999466950959488,TRUE,0,0.4985,1,0,0,TRUE,TRUE,TRUE,FALSE,gblock7,55
28370,AGTGGGGCGCGATCAAAACA,UGUUUUGAUCGCGCCCCACU,+,ACGU,0.55,0.1,1533,5607,19,2,0.996268656716418,0.999644633972992,TRUE,0,0.506,1,0,0,TRUE,TRUE,FALSE,FALSE,gblock7,56
29072,GCATACAATGTAACACAAGC,GCUUGUGUUACAUUGUAUGC,+,UUUC,0.4,0.15,831,5624,1,3,0.999289267945984,0.999466950959488,TRUE,0,0.246,1,0,0,TRUE,TRUE,TRUE,FALSE,gblock7,57
29270,TACACAGGTGCCATCAAATT,AAUUUGAUGGCACCUGUGUA,+,GGAU,0.4,0.25,633,5624,3,1,0.999289267945984,0.999822316986496,TRUE,0,0.4295,1,0,0,TRUE,TRUE,FALSE,FALSE,gblock7,58
