NCR ID,Synthego Block Plate,Synthego Block Well,Designer ,Sequence,spacer: GC content,spacer: A content,spacer: # basepairs,single-stranded viral region (SHAPE-MaP and/or DMS-MaPseq),aligns to human transcriptome (hg38),aligns to cow transcriptome (bosTau9),aligns to offtarget virus/bacteria,Target Start,Target Gene (SARS-CoV-2),Target gBlock,No Activator Rate,,1 pM Activator Rate,,100 fM Activator Rate,,10 fM Activator Rate,,1 fM Activator Rate,,,Avg. No Activator Endpoint Fluoresence,Avg. 10 fM Endpoint Fluoresence,(Avg. 10 fM Endpoint Fluoresence) - (Avg. bkgd Endpoint Fluoresence),<---- This can be used as a rough metric to tell the guides that hit 10 fM LoD ,,,Highest Sensitivity Guides (10 fM or greater LoD),10 fM Rate/No Activator Rate,,,,,
NCR_504,NCR_1,A1,Amanda Mok,uagaccaccccaaaaaugaaggggacuaaaacUGAUAAGACCUCCUCCACGG,0.55,0.25,0,FALSE,0,0,FALSE,366,gblock1,gblock1,0.7958,± 0.6317,3727,± 160.3,652.6,± 8.976,93.89,± 0.8825,9.448,± 0.6895,,8647.7,18370,9722.3,,,,NCR_504,117.981905,,,,,
NCR_505,NCR_1,A2,Amanda Mok,uagaccaccccaaaaaugaaggggacuaaaacCAGCUCAACCAUAACAUGAC,0.45,0.4,0,TRUE,0,0,TRUE,510,gblock1,gblock1,2.124,± 0.6302,121,± 1.252,9.405,± 0.7205,3.791,± 0.7297,4.382,± 0.7496,,7385.3,8755.7,1370.4,*****,This guide only hits 1 pM LoD,,,,,,,,
NCR_506,NCR_1,A3,Amanda Mok,uagaccaccccaaaaaugaaggggacuaaaacCUACUUCUGAAUUGUGACAU,0.35,0.25,0,TRUE,0,0,FALSE,1381,gblock1,gblock1,4.17,± 0.6366,1725,± 52.92,179.9,± 2.197,18.44,± 2.197,-1.659,± 0.6434,,8087.3,10277.3,2190,,,,NCR_506,4.42206235,,,,,
NCR_507,NCR_1,A4,Amanda Mok,uagaccaccccaaaaaugaaggggacuaaaacGGCAACCAACAUAAGAGAAC,0.45,0.5,0,FALSE,0,1,FALSE,1495,gblock1,gblock1,8.639,± 0.9384,698,± 12.08,67.89,± 1.043,16.74,± 0.8596,9.391,± 0.969,,8583.7,8783,199.3,,***** = Outlier Guide,,,,,,,,
NCR_508,NCR_1,A5,Amanda Mok,uagaccaccccaaaaaugaaggggacuaaaacACAACCUAUGUUAGCGCUAG,0.45,0.3,0,FALSE,0,0,FALSE,1545,gblock1,gblock1,3.136,± 0.535,199.4,± 1.242,22.26,± 0.6793,3.121,± 0.6779,2.298,± 0.633,,7857.3,8383.7,526.4,,10fM Endpoint Difference < 100 RFU,,,,,,,,
NCR_509,NCR_1,A6,Amanda Mok,uagaccaccccaaaaaugaaggggacuaaaacCAUGAGUAGGCCAGUUUCUU,0.45,0.2,0,TRUE,0,0,TRUE,2439,gblock1,gblock1,3.918,± 0.5637,869.8,± 29.05,117,± 0.8546,16.88,± 0.6662,5.504,± 0.6312,,7966.7,9418.7,1452,,100 RFU < 10fM Endpoint Difference > 1000 RFU ,,NCR_509,4.308320572,,,,,
NCR_510,NCR_1,A7,Amanda Mok,uagaccaccccaaaaaugaaggggacuaaaacACAUAAGCCCGUUAAUACAA,0.35,0.45,0,FALSE,0,0,FALSE,2614,gblock1,gblock1,1.839,± 0.757,197.2,± 1.347,9.094,± 0.6564,0.9801,± 0.7442,2.303,± 0.6135,,7093.5,7166,72.5,,10fM Endpoint Difference > 1000 RFU ,,,,,,,,
NCR_511,NCR_1,A8,Amanda Mok,uagaccaccccaaaaaugaaggggacuaaaacUGAUUUCGAGCAACAUAAGC,0.4,0.35,0,FALSE,0,0,FALSE,2626,gblock1,gblock1,2.228,± 0.5766,561.9,± 9.88,29.95,± 0.7861,4.058,± 0.6002,3.771,± 0.7225,,7231.3,7631.3,400,,(caveat: these do not take into account the no protein control),,,,,,,,
NCR_512,NCR_1,A9,Amanda Mok,uagaccaccccaaaaaugaaggggacuaaaacCACAGGCGAACUCAUUUACU,0.45,0.3,0,FALSE,0,0,FALSE,2866,gblock1,gblock1,3.398,± 0.5272,192.8,± 1.796,19.5,± 0.6524,3.556,± 0.5257,0.3783,± 0.5195,,3792,4025.3,233.3,,,,,,,,,,
NCR_513,NCR_1,A10,Amanda Mok,uagaccaccccaaaaaugaaggggacuaaaacCGCUUAAAACACAACUACCA,0.4,0.45,0,FALSE,0,0,FALSE,3565,gblock1,gblock1,1.834,± 0.3922,133.8,± 1.305,14.46,± 0.5469,3.114,± 0.3961,3.611,± 0.7246,,3784.7,3815.7,31,,,,,,,,,,
NCR_514,NCR_1,A11,Amanda Mok,uagaccaccccaaaaaugaaggggacuaaaacGACAGCUAAGUAGACAUUUG,0.4,0.35,0,TRUE,0,0,TRUE,3777,gblock1,gblock1,7.414,± 0.6258,574,± 11.06,64.69,± 0.6458,8.931,± 0.5558,6.629,± 0.6849,,7679.3,8274.3,595,,,,,,,,,,
NCR_515,NCR_1,A12,Amanda Mok,uagaccaccccaaaaaugaaggggacuaaaacCACAGACAGGCAUUAAUUUG,0.4,0.35,0,FALSE,0,0,FALSE,4423,gblock1,gblock1,5.51,± 0.6125,546.3,± 7.315,70.87,± 1.705,12.12,± 0.6119,8.678,± 0.5504,,7724,8378.3,654.3,,,,,,,,,,
NCR_516,NCR_1,B1,Amanda Mok,uagaccaccccaaaaaugaaggggacuaaaacCAAAAGCCUCAACACGUAGA,0.45,0.45,0,FALSE,0,0,FALSE,5143,gblock2,gblock2,-4.805,± 0.7483,4233,± 224.8,624.2,± 8.231,73.89,± 0.8614,6.963,± 0.5869,,8660,17570.3,8910.3,,,,NCR_516,-15.37773153,*,,,,
NCR_517,NCR_1,B2,Amanda Mok,uagaccaccccaaaaaugaaggggacuaaaacCAUGUUGAAACAAGUAACUC,0.35,0.4,0,FALSE,0,0,FALSE,5461,gblock2,gblock2,-0.8528,± 0.6604,3792,± 200.5,781.6,± 9.634,83.39,± 0.9013,8.633,± 0.7609,,8176.7,17876.3,9699.6,,,,NCR_517,-97.78377111,*,,,,
NCR_518,NCR_1,B3,Amanda Mok,uagaccaccccaaaaaugaaggggacuaaaacAAAAUUAUCGAAGCUUGCGU,0.35,0.35,0,FALSE,0,0,FALSE,6030,gblock2,gblock2,2.091,± 0.6331,952,± 26.95,69.1,± 0.7736,0.6249,± 0.7033,-5.576,± 0.5972,,8026.7,8703.7,677,,,,,,,,,,
NCR_519,NCR_1,B4,Amanda Mok,uagaccaccccaaaaaugaaggggacuaaaacAUGUAACUUUAAGCUCUCUU,0.3,0.25,0,TRUE,0,0,TRUE,6121,gblock2,gblock2,6.936,± 0.6898,2146,± 52.38,188,± 0.7717,24.99,± 0.5818,11.76,± 0.6819,,8024,9686.7,1662.7,,,,,,,,,,
NCR_520,NCR_1,B5,Amanda Mok,uagaccaccccaaaaaugaaggggacuaaaacAAAUGUAACUUUAAGCUCUC,0.3,0.35,0,TRUE,0,0,FALSE,6123,gblock2,gblock2,3.347,± 0.5847,1654,± 53.85,93.81,± 2.728,8.013,± 0.6626,-1.921,± 0.7899,,8449,9461.3,1012.3,,,,NCR_520,2.394084255,,,,,
NCR_521,NCR_1,B6,Amanda Mok,uagaccaccccaaaaaugaaggggacuaaaacGGAAAAAUGUAACUUUAAGC,0.3,0.45,0,TRUE,0,0,TRUE,6127,gblock2,gblock2,5.349,± 0.6524,1281,± 25.1,117.2,± 1.578,15.89,± 0.7345,8.289,± 0.6759,,8472,9745.3,1273.3,,,,NCR_521,2.970648719,,,,,
NCR_522,NCR_1,B7,Amanda Mok,uagaccaccccaaaaaugaaggggacuaaaacACAACGUAUACACCAGGUAU,0.4,0.4,0,FALSE,0,0,FALSE,6282,gblock2,gblock2,0.1111,± 0.5718,516.8,± 8.654,30.49,± 0.7437,1.827,± 0.6191,-0.963,± 0.5146,,7333.7,7363.3,29.6,,,,NCR_522,16.44464446,,,,,
NCR_523,NCR_1,B8,Amanda Mok,uagaccaccccaaaaaugaaggggacuaaaacCAGUACAUCAAACGAAUUUG,0.35,0.4,0,FALSE,0,1,FALSE,6330,gblock2,gblock2,2.841,± 0.5743,1096,± 25.7,47.06,± 0.6908,5.449,± 0.6026,6.347,± 0.7719,,7287.7,7362,74.3,,,,,,,,,,
NCR_524,NCR_1,B9,Amanda Mok,uagaccaccccaaaaaugaaggggacuaaaacUUUUAAACUAUUAUUUGCUG,0.2,0.25,0,FALSE,0,0,TRUE,6501,gblock2,gblock2,1.906,± 0.4223,153.9,± 1.265,10.88,± 0.5111,2.562,± 0.452,1.215,± 0.4227,,3585.7,3919.3,333.6,,,,,,,,,,
NCR_525,NCR_1,B10,Amanda Mok,uagaccaccccaaaaaugaaggggacuaaaacCCUCUAGACAAAAUUUACCG,0.4,0.35,0,FALSE,0,0,FALSE,6883,gblock2,gblock2,0.8842,± 0.4519,277.4,± 3.633,22.87,± 0.7289,4.537,± 0.4102,1.664,± 0.4697,,3629,4239.7,610.7,,,,,,,,,,
NCR_526,NCR_1,B11,Amanda Mok,uagaccaccccaaaaaugaaggggacuaaaacAGAAAAACCUAGUGAAAAGA,0.3,0.6,0,TRUE,0,0,TRUE,7261,gblock2,gblock2,7.959,± 0.546,323.1,± 1.12,31.52,± 0.7333,5.44,± 0.6525,4.985,± 0.5026,,7759.3,8001.7,242.4,,,,,,,,,,
NCR_527,NCR_1,B12,Amanda Mok,uagaccaccccaaaaaugaaggggacuaaaacCAACGAUGUAAGAAGACUGG,0.45,0.4,0,FALSE,0,0,FALSE,7720,gblock2,gblock2,7.373,± 0.5413,614.5,± 3.624,66.14,± 0.8039,15.3,± 0.5441,9.645,± 0.5893,,7347,8609.7,1262.7,,,,NCR_527,2.075139021,,,,,
NCR_528,NCR_1,C1,Amanda Mok,uagaccaccccaaaaaugaaggggacuaaaacUCAACGAUGUAAGAAGACUG,0.4,0.4,0,FALSE,0,0,FALSE,7721,gblock2,gblock2,-2.237,± 0.6078,3507,± 149.3,591.5,± 3.644,63.87,± 0.8341,4.45,± 0.7779,,8185.3,15931.7,7746.4,,,,NCR_528,-28.55163165,*,,,,
NCR_529,NCR_1,C2,Amanda Mok,uagaccaccccaaaaaugaaggggacuaaaacACACUAUCAACGAUGUAAGA,0.35,0.45,0,TRUE,0,0,TRUE,7727,gblock2,gblock2,1.658,± 0.6483,4093,± 210,733.3,± 6.667,92.29,± 0.8666,12.87,± 0.7464,,7732.7,18631.3,10898.6,,,,NCR_529,55.66344994,,,,,
NCR_530,NCR_1,C3,Amanda Mok,uagaccaccccaaaaaugaaggggacuaaaacUGUAACACUAUCAACGAUGU,0.35,0.35,0,TRUE,0,0,FALSE,7731,gblock2,gblock2,3.296,± 0.5322,336.3,± 6.874,25.93,± 0.9335,6.621,± 0.6205,2.594,± 0.6119,,7751,7765.3,14.3,,,,NCR_530,2.008798544,,,,,
NCR_531,NCR_1,C4,Amanda Mok,uagaccaccccaaaaaugaaggggacuaaaacAACUCUAGGUAAGAAAUGCA,0.35,0.45,0,TRUE,0,0,TRUE,8910,gblock2,gblock2,2.012,± 0.6648,589,± 9.553,47.66,± 0.8099,9.211,± 0.6669,6.93,± 0.7207,,8203.7,8365,161.3,,,,,,,,,,
NCR_532,NCR_1,C5,Amanda Mok,uagaccaccccaaaaaugaaggggacuaaaacCAGUGUACUCUAUAAGUUUU,0.3,0.25,0,TRUE,0,0,TRUE,8965,gblock2,gblock2,2.502,± 0.6063,475.6,± 9.895,52.82,± 0.6674,5.701,± 0.5611,-0.09859,± 0.5937,,8045,8725.7,680.7,,,,,,,,,,
NCR_533,NCR_1,C6,Amanda Mok,uagaccaccccaaaaaugaaggggacuaaaacGCGUAAACUUUCAUAAGCAA,0.35,0.4,4,FALSE,0,0,FALSE,9093,gblock2,gblock2,5.329,± 0.7425,1407,± 23.43,192.9,± 1.753,23.69,± 0.6993,8.419,± 0.7348,,8299.7,10415.3,2115.6,,,,NCR_533,4.445486958,,,,,
NCR_534,NCR_1,C7,Amanda Mok,uagaccaccccaaaaaugaaggggacuaaaacUGAAUAUGUGCUAAAAAAGA,0.25,0.5,0,TRUE,0,5,TRUE,9626,gblock2,gblock2,-0.07757,± 0.6482,36.69,± 0.9882,1.384,± 0.5998,-1.111,± 0.6482,-2.232,± 0.6996,,6993.3,6921.3,-72,,,,,,,,,,
NCR_535,NCR_1,C8,Amanda Mok,uagaccaccccaaaaaugaaggggacuaaaacUAACCAUCCACUGAAUAUGU,0.35,0.35,0,TRUE,0,0,TRUE,9637,gblock2,gblock2,3.268,± 0.8206,3031,± 98.33,49.83,± 1.558,9.946,± 0.8287,6.147,± 0.7174,,6891,7901,1010,,,,NCR_535,3.043451652,,,,,
NCR_536,NCR_1,C9,Amanda Mok,uagaccaccccaaaaaugaaggggacuaaaacGCAAUUGUUAUCCAGAAAGG,0.4,0.35,0,TRUE,0,0,TRUE,9674,gblock2,gblock2,1.774,± 0.4209,2065,± 96.99,264.3,± 2.266,32.55,± 0.5662,3.378,± 0.4447,,3819.7,7488,3668.3,,,,NCR_536,18.34836528,*,,,,
NCR_537,NCR_1,C10,Amanda Mok,uagaccaccccaaaaaugaaggggacuaaaacUAUAAGCAAUUGUUAUCCAG,0.3,0.35,0,TRUE,0,0,TRUE,9679,gblock2,gblock2,1.45,± 0.5817,1930,± 78.4,341.7,± 2.344,43.08,± 0.7316,4.877,± 0.6356,,3571.3,8346,4774.7,,,,NCR_537,29.71034483,,,,,
NCR_538,NCR_1,C11,Amanda Mok,uagaccaccccaaaaaugaaggggacuaaaacUACAAAUGAUAUAAGCAAUU,0.2,0.5,0,TRUE,0,3,TRUE,9688,gblock2,gblock2,7.127,± 0.6282,2117,± 62.49,209,± 0.8844,34.28,± 0.6825,8.397,± 0.61,,7886.7,10895,3008.3,,,,NCR_538,4.809877929,,,,,
NCR_539,NCR_1,C12,Amanda Mok,uagaccaccccaaaaaugaaggggacuaaaacGGAAAUACAAAUGAUAUAAG,0.25,0.55,0,TRUE,0,0,TRUE,9693,gblock2,gblock2,8.197,± 0.6904,1104,± 29.69,88.33,± 1.159,13.48,± 0.5535,5.668,± 0.5384,,7921.7,8974.7,1053,,,,NCR_539,1.644504087,,,,,
NCR_540,NCR_1,D1,Amanda Mok,uagaccaccccaaaaaugaaggggacuaaaacUUUGCGAGAUGACAACAAGC,0.45,0.35,0,TRUE,0,0,TRUE,9953,gblock3,gblock3,-1.184,± 0.7377,53.74,± 0.7843,8.332,± 0.7647,0.1763,± 0.7813,0.8397,± 0.6638,,8008.7,8201.7,193,,,,,,,,,,
NCR_541,NCR_1,D2,Amanda Mok,uagaccaccccaaaaaugaaggggacuaaaacAUUGAGAGCCUUUGCGAGAU,0.45,0.25,0,TRUE,0,0,TRUE,9963,gblock3,gblock3,2.337,± 0.6658,116.5,± 1.824,23.58,± 0.8018,5.953,± 0.5968,3.505,± 0.6695,,7886,8774.7,888.7,,,,,,,,,,
NCR_542,NCR_1,D3,Amanda Mok,uagaccaccccaaaaaugaaggggacuaaaacAAACUACGUCAUCAAGCCAA,0.4,0.45,0,TRUE,0,0,TRUE,10144,gblock3,gblock3,1.396,± 0.5749,58.5 ,± 0.6941,4.488,± 0.7017,-0.8889,± 0.6115,-2.557,± 0.5017,,7886,8019.3,133.3,,,,,,,,,,
NCR_543,NCR_1,D4,Amanda Mok,uagaccaccccaaaaaugaaggggacuaaaacUCUUGGACAGUAAACUACGU,0.4,0.3,0,TRUE,0,0,TRUE,10155,gblock3,gblock3,5.913,± 0.6337,311.7,± 12.13,26.59 ,± 0.8969,6.728,± 0.4656,8.344,± 0.6978,,8202.3,8250.3,48,,,,,,,,,,
NCR_544,NCR_1,D5,Amanda Mok,uagaccaccccaaaaaugaaggggacuaaaacGUUAAGCAUGUCUUCAGAGG,0.45,0.25,0,FALSE,0,0,TRUE,10188,gblock3,gblock3,4.446,± 0.662,531.4,± 8.245,55.22,± 1.204,3.389,± 0.8723,-2.479,± 0.6777,,8453.3,9202.3,749,,,,,,,,,,
NCR_545,NCR_1,D6,Amanda Mok,uagaccaccccaaaaaugaaggggacuaaaacUGUAUCAACCUUAAGCUUAA,0.3,0.35,0,TRUE,0,0,TRUE,10314,gblock3,gblock3,7.78,± 0.6433,269.7,± 3.918,30.48,± 0.6455,9.541,± 0.6579,7.81,± 0.6991,,8532,8367,-165,,,,,,,,,,
NCR_546,NCR_1,D7,Amanda Mok,uagaccaccccaaaaaugaaggggacuaaaacCACAGUCAUAAUCUAUGUUA,0.3,0.35,0,TRUE,0,0,TRUE,10504,gblock3,gblock3,-0.5249,± 0.6703,715.6,± 21.49,42.7,± 1.58,1.12,± 0.5681,-3.018,± 0.651,,6742,6957,215,,,,,,,,,,
NCR_547,NCR_1,D8,Amanda Mok,uagaccaccccaaaaaugaaggggacuaaaacUAACAAAAAGAGACACAGUC,0.35,0.55,0,TRUE,0,0,TRUE,10517,gblock3,gblock3,3.784,± 0.6287,102.9,± 2.27,9.573,± 0.6148,3.261,± 0.6147,6.652,± 0.694,,6621.7,6854.3,232.6,,,,,,,,,,
NCR_548,NCR_1,D9,Amanda Mok,uagaccaccccaaaaaugaaggggacuaaaacGUGCAUGUAACAAAAAGAGA,0.35,0.5,0,TRUE,0,0,TRUE,10524,gblock3,gblock3,1.514,± 0.4133,134.7,± 2.6,14.76,± 0.5958,2.432,± 0.4121,0.9308,± 0.4738,,3575.7,4009,433.3,,,,,,,,,,
NCR_549,NCR_1,D10,Amanda Mok,uagaccaccccaaaaaugaaggggacuaaaacGAUUGAGAAACCACCUGUCU,0.45,0.3,0,FALSE,0,0,TRUE,10699,gblock3,gblock3,2.451,± 0.474,10.94,± 0.4668,6.722,± 0.4119,2.554,± 0.3786,2.286,± 0.4802,,3861.3,3938,76.7,,,,,,,,,,
NCR_550,NCR_1,D11,Amanda Mok,uagaccaccccaaaaaugaaggggacuaaaacAAAGACCAUUGAGUACUCUG,0.4,0.35,0,TRUE,0,1,TRUE,11051,gblock3,gblock3,8.486,± 0.603,525,± 10.84,61.64, ± 1.35,14.37,± 0.601,10.15,± 0.5892,,7925.3,8187.3,262,,,,,,,,,,
NCR_551,NCR_1,D12,Amanda Mok,uagaccaccccaaaaaugaaggggacuaaaacUAGGUGAAUUGUCCAUACUA,0.35,0.3,4,FALSE,0,0,TRUE,12607,gblock3,gblock3,0.7775,± 0.7619,608,± 13.34,62.58,± 1.719,7.591,± 0.6111,4.188,± 0.5441,,8046,8279,233,,,,,,,,,,
NCR_552,NCR_1,E1,Amanda Mok,uagaccaccccaaaaaugaaggggacuaaaacUCCGUGAAGUCAUAUUUUAA,0.3,0.3,0,FALSE,0,0,TRUE,14251,gblock3,gblock3,-0.07155,± 0.6262,51.85,± 0.7161,6.855,± 0.7306,2.978,± 0.6814,2.155,± 0.7368,,7532.3,8895,1362.7,*****,This guide only hits 1 pM LoD,,,,,,,,
NCR_553,NCR_1,E2,Amanda Mok,uagaccaccccaaaaaugaaggggacuaaaacAUACCUCCUAAGUAAAGUUG,0.35,0.35,0,TRUE,0,0,TRUE,16420,gblock4,gblock4,4.502,± 0.6972,296.2,± 2.989,39.25,± 0.732,6.79,± 0.6874,4.965,± 0.679,,8291.3,8760.7,469.4,,,,,,,,,,
NCR_554,NCR_1,E3,Amanda Mok,uagaccaccccaaaaaugaaggggacuaaaacUGAUAACACCCUUAUAAAAC,0.3,0.45,0,TRUE,0,0,TRUE,17658,gblock4,gblock4,1.626,± 0.5639,380.4,± 3.907,28.44,± 0.7297,4.77,± 0.6269,-0.2867,± 0.5982,,7952.3,8149,196.7,,,,,,,,,,
NCR_555,NCR_1,E4,Amanda Mok,uagaccaccccaaaaaugaaggggacuaaaacCAAUCUUUAAAGAGUCCUGU,0.35,0.3,0,TRUE,0,0,TRUE,18052,gblock4,gblock4,3.943,± 0.6244,1086,± 16.81,90.87,± 0.9119,17.67,± 0.6065,11.63,± 0.6302,,8140,9345.7,1205.7,,,,NCR_555,4.481359371,,,,,
NCR_556,NCR_1,E5,Amanda Mok,uagaccaccccaaaaaugaaggggacuaaaacACGUACAUGUCUUAUAGCUU,0.35,0.25,0,FALSE,0,0,FALSE,18272,gblock4,gblock4,6.597,± 0.7024,289,± 1.328,32.34,± 0.6955,8.738,± 0.8194,4.481,± 0.6929,,8774.7,9189.7,415,,,,,,,,,,
NCR_557,NCR_1,E6,Amanda Mok,uagaccaccccaaaaaugaaggggacuaaaacGGUACCAACAGCUUCUCUAG,0.5,0.25,0,TRUE,0,0,TRUE,18329,gblock4,gblock4,5.444,± 0.7195,1590,± 53.36,226.7,± 2.525,26.51,± 0.7037,12.76,± 0.8344,,8749,10852.3,2103.3,,,,NCR_557,4.86958119,,,,,
NCR_558,NCR_1,E7,Amanda Mok,uagaccaccccaaaaaugaaggggacuaaaacUUAAAUUGAUCUCCAGGCGG,0.45,0.25,0,FALSE,0,0,FALSE,18460,gblock4,gblock4,1.192,± 0.6813,1047,± 9.055,62.05,± 0.8108,5.027,± 0.7375,-2.385,± 0.6881,,7214,7477.7,263.7,,,,,,,,,,
NCR_559,NCR_1,E8,Amanda Mok,uagaccaccccaaaaaugaaggggacuaaaacUCAUAGAUGUCAACUCAAAG,0.35,0.4,0,FALSE,0,0,FALSE,18606,gblock4,gblock4,4.961,± 0.563,283.6,± 1.687,19.05,± 0.6545,7.8,± 0.6773,8.496,± 0.6141,,7079.7,7487,407.3,,,,,,,,,,
NCR_560,NCR_1,E9,Amanda Mok,uagaccaccccaaaaaugaaggggacuaaaacUACCAUGGACUUGACAAUAC,0.4,0.35,0,FALSE,0,0,FALSE,18816,gblock4,gblock4,2.062,± 0.4598,75.84,± 0.8919,8.928,± 0.4651,2.906,± 0.4023,1.371,± 0.4256,,3760.7,4003.7,243,,,,,,,,,,
NCR_561,NCR_1,E10,Amanda Mok,uagaccaccccaaaaaugaaggggacuaaaacUAGGCAUACACCAUCUGUGA,0.45,0.3,4,FALSE,0,0,TRUE,19169,gblock4,gblock4,2.236,± 0.4582,356.4,± 5.265,41.36,± 0.6778,7.876,± 0.4217,2.023,± 0.4309,,3866,4662,796,,,,,,,,,,
NCR_562,NCR_1,E11,Amanda Mok,uagaccaccccaaaaaugaaggggacuaaaacAUGUGACUCCAUUAAGACUA,0.35,0.35,0,TRUE,0,0,TRUE,20100,gblock5,gblock5,8.097,± 0.5887,470.4,± 4.573,54.02,± 0.6517,10.23,± 0.6206,9.506,± 0.6191,,8261.7,8507.3,245.6,,,,,,,,,,
NCR_563,NCR_1,E12,Amanda Mok,uagaccaccccaaaaaugaaggggacuaaaacAAUUUCCAUUUGACUCCUGG,0.4,0.2,0,TRUE,0,0,TRUE,20234,gblock5,gblock5,10.89,± 0.6637,1106,± 38.84,146.8,± 2.252,23.52,± 0.6902,12.91,± 0.6811,,8055.7,9351.3,1295.6,,,,NCR_563,2.159779614,,,,,
NCR_564,NCR_1,F1,Amanda Mok,uagaccaccccaaaaaugaaggggacuaaaacUCACACUUUUCUAAUAGCAU,0.3,0.3,0,FALSE,0,0,FALSE,20716,gblock5,gblock5,1.417,± 0.8553,788.5,± 45.55,6.497,± 45.55,4.26,± 0.8509,3.056,± 0.7144,,7910.7,8649.3,738.6,,,,,,,,,,
NCR_565,NCR_1,F2,Amanda Mok,uagaccaccccaaaaaugaaggggacuaaaacGUAUAACUCUCAUAUUAUAG,0.25,0.35,0,FALSE,0,0,TRUE,20844,gblock5,gblock5,-0.7164,± 0.7652,188.8,± 1.881,25.63,± 0.7629,7.692,± 0.7064,7.927,± 0.7144,,7887.3,9007.3,1120,*****,This guide only hits ~100 fM LoD,,,,,,,,
NCR_566,NCR_1,F3,Amanda Mok,uagaccaccccaaaaaugaaggggacuaaaacAUGUAUAACUCUCAUAUUAU,0.2,0.35,0,TRUE,0,0,TRUE,20846,gblock5,gblock5,1.301,± 0.6647,80.88,± 1.592,9.82,± 0.6754,5.156,± 0.6045,3.042,± 0.5993,,7940.3,7625,-315.3,,,,,,,,,,
NCR_567,NCR_1,F4,Amanda Mok,uagaccaccccaaaaaugaaggggacuaaaacAACACACUGACUAGAGACUA,0.4,0.45,0,TRUE,0,0,TRUE,21591,gblock5,gblock5,1.23,± 0.6325,115,± 2.776,8.311,± 0.6778,2.017,± 0.6989,1.288,± 0.666,,8307.3,8340.7,33.4,,,,,,,,,,
NCR_568,NCR_1,F5,Amanda Mok,uagaccaccccaaaaaugaaggggacuaaaacGAUUAACACACUGACUAGAG,0.4,0.4,0,TRUE,0,0,TRUE,21595,gblock5,gblock5,1.585,± 0.5908,115.1,± 3.022,12.28,± 0.8218,2.314,± 0.5517,-1.849,± 0.6746,,8061,8483,422,,,,,,,,,,
NCR_569,NCR_1,F6,Amanda Mok,uagaccaccccaaaaaugaaggggacuaaaacUGUAAGAUUAACACACUGAC,0.35,0.4,0,TRUE,0,4,TRUE,21600,gblock5,gblock5,3.531,± 0.7977,218,± 2.276,27.48,± 0.818,8.374,± 0.7502,6.636,± 0.6083,,8404.3,8377.7,-26.6,,,,,,,,,,
NCR_570,NCR_1,F7,Amanda Mok,uagaccaccccaaaaaugaaggggacuaaaacCCACGUGUGAAAGAAUUAGU,0.4,0.35,0,TRUE,0,0,FALSE,21647,gblock5,gblock5,1.043,± 0.5717,1423,± 37.15,75.54,± 0.9618,3.696,± 0.6177,-2.836,± 0.6354,,7044,7620.3,576.3,,,,,,,,,,
NCR_571,NCR_1,F8,Amanda Mok,uagaccaccccaaaaaugaaggggacuaaaacUGAAUGUAAAACUGAGGAUC,0.35,0.4,0,FALSE,0,0,FALSE,21693,gblock5,gblock5,5.815,± 0.6756,11.1,± 0.6012,5.454,± 0.6488,6.08,± 0.5847,7.944,± 0.5469,,7065.7,6953.7,-112,,,,,,,,,,
NCR_572,NCR_1,F9,Amanda Mok,uagaccaccccaaaaaugaaggggacuaaaacGCAUGGAACCAAGUAACAUU,0.4,0.4,0,FALSE,0,0,FALSE,21743,gblock5,gblock5,0.6468,± 0.3693,94.87,± 2.273,9.705,± 0.4565,1.443,± 0.4075,0.2753,± 0.4053,,3808.3,3927.7,119.4,,,,,,,,,,
NCR_573,NCR_1,F10,Amanda Mok,uagaccaccccaaaaaugaaggggacuaaaacGUAUAGCAUGGAACCAAGUA,0.4,0.4,0,FALSE,0,0,FALSE,21748,gblock5,gblock5,1.217,± 0.4371,130.4,± 1.302,13.04,± 0.4534,2.068,± 0.4942,1.566,± 0.473,,3881.3,3750.7,-130.6,,,,,,,,,,
NCR_574,NCR_1,F11,Amanda Mok,uagaccaccccaaaaaugaaggggacuaaaacUGUAUAGCAUGGAACCAAGU,0.4,0.35,0,FALSE,0,0,TRUE,21749,gblock5,gblock5,7.871,± 0.6635,195.5,± 1.072,20.8,± 0.7447,6.109,± 0.5999,8.995,± 0.6209,,8172,8136,-36,,,,,,,,,,
NCR_575,NCR_1,F12,Amanda Mok,uagaccaccccaaaaaugaaggggacuaaaacAGGGAGAUCACGCACUAAAU,0.45,0.4,0,FALSE,0,0,FALSE,22194,gblock5,gblock5,6.58,± 0.7091,745.9,± 13.04,80.9,± 1.399,14.16,± 0.6415,6.471,± 0.6014,,7895.7,8779,883.3,,,,,,,,,,
NCR_576,NCR_1,G1,Amanda Mok,uagaccaccccaaaaaugaaggggacuaaaacUGCGGAAUUAUAUAGGACAG,0.4,0.35,0,FALSE,0,0,FALSE,22659,gblock5,gblock5,-1.432,± 0.7861,281,± 11.02,28.83,± 2.053,1.015,± 0.8214,-4.381,± 0.8887,,7358.7,8698,1339.3,*****,This guide only hits 100 fM LoD,,,,,,,,
NCR_577,NCR_1,G2,Amanda Mok,uagaccaccccaaaaaugaaggggacuaaaacUAGACUUCCUAAACAAUCUA,0.3,0.4,0,FALSE,0,0,FALSE,22921,gblock5,gblock5,0.0493,± 0.6889,38.26,± 1.073,6.982,± 0.7056,6.53,± 0.8106,5.756,± 0.7671,,8130,8576.7,446.7,,,,,,,,,,
NCR_578,NCR_1,G3,Amanda Mok,uagaccaccccaaaaaugaaggggacuaaaacAAAGUAACAAUUAAAACCUU,0.2,0.55,0,TRUE,0,2,TRUE,23013,gblock5,gblock5,1.699,± 0.6883,39.6,± 0.7081,2.931,± 0.6601,-0.6311,± 0.7079,-4.924,± 0.662,,7937.3,7955.7,18.4,,,,,,,,,,
NCR_579,NCR_1,G4,Amanda Mok,uagaccaccccaaaaaugaaggggacuaaaacCUGUUAAACCAUUGAAGUUG,0.35,0.3,0,FALSE,0,0,TRUE,23185,gblock5,gblock5,2.743,± 0.7365,123.4,± 1.131,15.74,± 0.7373,8.122,± 0.6937,5.405,± 0.661,,8087.3,8559.3,472,,,,,,,,,,
NCR_580,NCR_1,G5,Amanda Mok,uagaccaccccaaaaaugaaggggacuaaaacACUCAGUAAGAACACCUGUG,0.45,0.35,0,FALSE,0,0,FALSE,23206,gblock5,gblock5,1.526,± 0.6042,44.16,± 1.16,6.252,± 0.6321,1.877,± 0.6723,3.284,± 0.5928,,8122.3,8340,217.7,,,,,,,,,,
NCR_581,NCR_1,G6,Amanda Mok,uagaccaccccaaaaaugaaggggacuaaaacUUUGUUAGACUCAGUAAGAA,0.3,0.35,0,TRUE,0,0,FALSE,23214,gblock5,gblock5,2.991,± 0.6,150.6,± 3.692,17.51,± 0.6584,3.605,± 0.6224,2.523,± 0.539,,8410.7,8671.3,260.6,,,,,,,,,,
NCR_582,NCR_1,G7,Amanda Mok,uagaccaccccaaaaaugaaggggacuaaaacAUGAAUAGCAACAGGGACUU,0.4,0.4,0,TRUE,0,4,TRUE,23418,gblock5,gblock5,3.581,± 0.5538,23.56,± 0.5814,4.118,± 0.4754,3.087,± 0.5346,0.2082,± 0.5788,,7233.3,6926.3,-307,,,,,,,,,,
NCR_583,NCR_1,G8,Amanda Mok,uagaccaccccaaaaaugaaggggacuaaaacAAGUAGGAGUAAGUUGAUCU,0.35,0.35,0,FALSE,0,6,FALSE,23440,gblock5,gblock5,1.427,± 0.577,77.28,± 0.6708,3.589,± 0.6366,2.436,± 0.5411,3.906,± 0.611,,7276.7,7478.3,201.6,,,,,,,,,,
NCR_584,NCR_1,G9,Amanda Mok,uagaccaccccaaaaaugaaggggacuaaaacAACCUGUAGAAUAAACACGC,0.4,0.45,0,FALSE,0,0,FALSE,23461,gblock5,gblock5,2.034,± 0.488,939.6,± 18.56,134.9,± 1.698,15.98,± 0.5792,2.348,± 0.4296,,3763.7,5484.7,1721,,,,NCR_584,7.856440511,,,,,
NCR_585,NCR_1,G10,Amanda Mok,uagaccaccccaaaaaugaaggggacuaaaacUGACUAGCUACACUACGUGC,0.5,0.25,0,FALSE,0,0,FALSE,23612,gblock6,gblock6,1.453,± 0.3972,570.7,± 14.29,70.4,± 0.6898,9.049,± 0.4517,1.139,± 0.4275,,3833,4600.3,767.3,,,,,,,,,,
NCR_586,NCR_1,G11,Amanda Mok,uagaccaccccaaaaaugaaggggacuaaaacGGAUUGACUAGCUACACUAC,0.45,0.3,0,FALSE,0,0,FALSE,23616,gblock6,gblock6,7.207,± 0.6945,691.9,± 8.227,72.01,± 0.8773,12.5,± 0.7137,9.454,± 0.7031,,8183.3,8574.3,391,,,,,,,,,,
NCR_587,NCR_1,G12,Amanda Mok,uagaccaccccaaaaaugaaggggacuaaaacUGAUGGAUUGACUAGCUACA,0.4,0.3,0,FALSE,0,0,FALSE,23620,gblock6,gblock6,6.93,± 0.7139,308.5,± 5.262,47.31,± 0.9363,13.47,± 0.6068,9.921,± 0.6923,,8284.7,8563,278.3,,,,,,,,,,
NCR_588,NCR_1,H1,Amanda Mok,uagaccaccccaaaaaugaaggggacuaaaacUUAAUUGUGUACAAAAACUG,0.25,0.4,0,FALSE,0,0,FALSE,23833,gblock6,gblock6,2.332,± 0.6036,2738,± 98.63,442.1,± 1.664,49.89,± 0.7039,3.348,± 0.6698,,7766.3,14302.3,6536,,,,NCR_588,21.39365352,,,,,
NCR_589,NCR_1,H2,Amanda Mok,uagaccaccccaaaaaugaaggggacuaaaacAAACAGUAAGGCCGUUAAAC,0.4,0.45,0,FALSE,0,0,FALSE,24124,gblock6,gblock6,-1.237,± 0.6471,2969,± 135.8,364.3,± 1.729,49.04,± 0.8351,2.969,± 0.6609,,8321.3,13472.3,5151,,,,NCR_589,-39.64430073,*,,,,
NCR_590,NCR_1,H3,Amanda Mok,uagaccaccccaaaaaugaaggggacuaaaacUCCAAUUGUGAAGAUUCUCA,0.35,0.3,0,FALSE,0,0,FALSE,25406,gblock6,gblock6,3.212,± 0.6672,2262,± 55.5,179.1,± 1.082,19.52,± 0.7124,-1.596,± 0.5653,,8292.3,10445,2152.7,,,,,,,,,,
NCR_591,NCR_1,H4,Amanda Mok,uagaccaccccaaaaaugaaggggacuaaaacUAAAGCAUAAAGAUAGAGAA,0.25,0.6,0,TRUE,0,3,TRUE,25706,gblock6,gblock6,3.597,± 0.6892,56.93,± 0.8386,6.999,± 0.6499,4.901,± 0.7039,4.186,± 0.6673,,8123.3,8550.3,427,,,,,,,,,,
NCR_592,NCR_1,H5,Amanda Mok,uagaccaccccaaaaaugaaggggacuaaaacGACUAAAGCAUAAAGAUAGA,0.3,0.55,0,TRUE,0,1,FALSE,25709,gblock6,gblock6,3.926,± 0.5849,3679,± 84.25,487.1,± 1.783,47.97,± 0.7092,6.928,± 0.6849,,8204.7,13756,5551.3,,,,NCR_592,12.21854305,*,,,,
NCR_593,NCR_1,H6,Amanda Mok,uagaccaccccaaaaaugaaggggacuaaaacGAAGUAGACUAAAGCAUAAA,0.3,0.55,0,FALSE,0,0,FALSE,25715,gblock6,gblock6,3.424,± 0.6105,1139,± 20.38,127.3,± 0.8892,14.69,± 0.6028,1.979,± 0.6583,,8347.7,9677.7,1330,,,,NCR_593,4.290303738,,,,,
NCR_594,NCR_1,H7,Amanda Mok,uagaccaccccaaaaaugaaggggacuaaaacUAAAGUUACUGGCCAUAACA,0.35,0.4,0,FALSE,0,0,FALSE,26689,gblock6,gblock6,4.844,± 1.029,142.5,± 1.421,11.24,± 0.7222,3.452,± 0.7529,4.014,± 0.815,,6645,7147.3,502.3,,,,,,,,,,
NCR_595,NCR_1,H8,Amanda Mok,uagaccaccccaaaaaugaaggggacuaaaacCACCGGUGAUCCAAUUUAUU,0.4,0.25,4,FALSE,0,0,FALSE,26738,gblock6,gblock6,9.885,± 0.8562,1003,± 17.53,60.23,± 1.087,15.96,± 0.9311,8.787,± 1.045,,8352.7,9023.3,670.6,,,,,,,,,,
NCR_596,NCR_1,H9,Amanda Mok,uagaccaccccaaaaaugaaggggacuaaaacCAGUUGUGAUGAUUCCUAAG,0.4,0.25,0,FALSE,0,0,FALSE,27911,gblock7,gblock7,2.244,± 0.5325,1264,± 55.9,230.3,± 1.387,24.19,± 0.5284,2.033,± 0.4483,,3563.3,6547.3,2984,,,,NCR_596,10.7798574,*,,,,
NCR_597,NCR_1,H10,Amanda Mok,uagaccaccccaaaaaugaaggggacuaaaacUGUUUUGAUCGCGCCCCACU,0.55,0.1,0,FALSE,0,0,FALSE,28370,gblock7,gblock7,0.7122,± 0.5128,129.7,± 0.9388,12.09,± 0.4534,1.417,± 0.3891,0.2969,± 0.4788,,3772,3718.3,-53.7,,,,,,,,,,
NCR_598,NCR_1,H11,Amanda Mok,uagaccaccccaaaaaugaaggggacuaaaacGCUUGUGUUACAUUGUAUGC,0.4,0.15,0,FALSE,0,0,FALSE,29072,gblock7,gblock7,8.247,± 0.5306,492.7,± 18.04,59.87,± 1.191,14.51,± 0.6249,11.51,± 0.6665,,7815.3,8351,535.7,,,,,,,,,,
NCR_599,NCR_1,H12,Amanda Mok,uagaccaccccaaaaaugaaggggacuaaaacAAUUUGAUGGCACCUGUGUA,0.4,0.25,0,FALSE,0,0,FALSE,29270,gblock7,gblock7,5.791,± 0.5825,1178,± 22.89,134.7,± 1.227,18.63,± 0.6386,6.656,± 0.6163,,7762.3,9158.3,1396,,,,NCR_599,3.217060957,*,,,,
NCR_600,NCR_2,A1, Parinaz - PF042_crLbu_nCoV_4,uagaccaccccaaaaaugaaggggacuaaaacUAAGUGUAAAACCCACAGGG,0.45,0.4,6,FALSE,0,0,,13342,gblock3,gblock3,TBD - More replicates required.,,,,,,,,,,,,,,,,,,,,,,,
NCR_601,NCR_2,A2,Parinaz - PF043_crLbu_nCoV_5,uagaccaccccaaaaaugaaggggacuaaaacUAACCUUUCCACAUACCGCA,0.45,0.3,0,FALSE,0,0,,13382,gblock3,gblock3,,,,,,,,,,,,,,28 guides hitting 10 fM or greater LoD,,,,Guides with highest S/N ratio @ 10 fM,,Gene Targeting,10 fM Rate,No Activator Rate,S/N rate ratio,Apparent Limit of Detection
NCR_602,NCR_2,A3,Parinaz - PF044_crLbu_nCoV_6,uagaccaccccaaaaaugaaggggacuaaaacAACGAUUGUGCAUCAGCUGA,0.45,0.3,11,FALSE,0,0,,13442,gblock3,gblock3,,,,,,,,,,,,,,,,,1,NCR_504,,"ORF1a, ORF1ab",93.9,0.8,118.0,~1 fM
NCR_603,NCR_2,A4,Parinaz - PF051_crLbu_nCoV_13,uagaccaccccaaaaaugaaggggacuaaaacUUUCGCUGAUUUUGGGGUCC,0.5,0.05,11,FALSE,11,0,,28286,gblock7,gblock7,,,,,,,,,,,,,,,,,2,NCR_516,,"ORF1a, ORF1ab",73.9,-4.8,-15.4,~1 fM
NCR_604,NCR_2,A5,Parinaz - PF052_crLbu_nCoV_14,uagaccaccccaaaaaugaaggggacuaaaacGGUCCACCAAACGUAAUGCG,0.55,0.3,4,FALSE,0,0,,28313,gblock7,gblock7,,,,,,,,,,,,,,,,,3,NCR_517,,"ORF1a, ORF1ab",83.4,-0.9,-97.8,~1 fM
NCR_605,NCR_2,A6,Parinaz - PF053_crLbu_nCoV_15,uagaccaccccaaaaaugaaggggacuaaaacUCUGGUUACUGCCAGUUGAA,0.45,0.2,10,FALSE,0,0,,28339,gblock7,gblock7,,,,,,,,,,,,,,,,,4,NCR_528,,"ORF1a, ORF1ab",63.9,-2.2,-28.6,10 fM
NCR_606,NCR_2,A7,Parinaz - PF045_crLbu_nCoV_7,uagaccaccccaaaaaugaaggggacuaaaacUUGGUGUAUUCAAGGCUCCC,0.5,0.15,15,FALSE,0,0,,28681,gblock7,gblock7,,,,,,,,,,,,,,,,,5,NCR_529,,"ORF1a, ORF1ab",92.3,1.7,55.7,~1 fM
NCR_607,NCR_2,A8,Parinaz - PF046_crLbu_nCoV_8,uagaccaccccaaaaaugaaggggacuaaaacGGAUUGCGGGUGCCAAUGUG,0.6,0.15,13,FALSE,8,0,,28706,gblock7,gblock7,,,,,,,,,,,,,,,,,6,NCR_536,,"ORF1a, ORF1ab",32.6,1.8,18.3,10 fM
NCR_608,NCR_2,A9,Parinaz - PF047_crLbu_nCoV_9,uagaccaccccaaaaaugaaggggacuaaaacUGUAGCACGAUUGCAGCAUU,0.45,0.25,11,TRUE,0,0,,28733,gblock7,gblock7,,,,,,,,,,,,,,,,,7,NCR_537,,"ORF1a, ORF1ab",43.1,1.5,29.7,10 fM
NCR_609,NCR_2,A10,Parinaz - PF039_crLbu_nCoV_1,uagaccaccccaaaaaugaaggggacuaaaacUCUAGCAGGAGAAGUUCCCC,0.55,0.25,7,FALSE,0,0,,28881,gblock7,gblock7,,,,,,,,,,,,,,,,,8,NCR_588,,S Gene,49.9,2.3,21.4,10 fM
NCR_610,NCR_2,A11,Parinaz - PF040_crLbu_nCoV_2,uagaccaccccaaaaaugaaggggacuaaaacUCUGUCAAGCAGCAGCAAAG,0.5,0.35,11,FALSE,6,2,,28932,gblock7,gblock7,,,,,,,,,,,,,,,,,9,NCR_589,,S Gene,49.0,-1.2,-39.6,10 fM
NCR_611,NCR_2,A12,Parinaz - PF041_crLbu_nCoV_3,uagaccaccccaaaaaugaaggggacuaaaacGACAUUUUGCUCUCAAGCUG,0.45,0.2,6,FALSE,0,0,,28958,gblock7,gblock7,,,,,,,,,,,,,,,,,10,NCR_592,,ORF3a,48.0,3.9,12.2,~1 fM
NCR_612,NCR_2,B1,Parinaz - PF048_crLbu_nCoV_10,uagaccaccccaaaaaugaaggggacuaaaacUUUGCGGCCAAUGUUUGUAA,0.4,0.2,10,FALSE,0,0,,29164,gblock7,gblock7,,,,,,,,,,,,,,,,,11,NCR_596,,ORF8,24.2,2.2,10.8,10 fM
NCR_613,NCR_2,B2,Parinaz - PF049_crLbu_nCoV_11,uagaccaccccaaaaaugaaggggacuaaaacGAAGCGCUGGGGGCAAAUUG,0.6,0.25,8,FALSE,1,5,,29189,gblock7,gblock7,,,,,,,,,,,,,,,,,12,NCR_599,,N Gene,18.6,5.8,3.2,10 fM
NCR_614,NCR_2,B3,Parinaz - PF050_crLbu_nCoV_12,uagaccaccccaaaaaugaaggggacuaaaacAUGCGCGACAUUCCGAAGAA,0.5,0.35,8,FALSE,0,0,,29213,gblock7,gblock7,,,,,,,,,,,,,,,,,,,,,,,,