start,target,spacer,strand,antitag,GC_content,A_content,dist_to_3primeEnd,covid19_mismatch_0,covid19_mismatch_1,covid19_mismatch_2,sensitivity_0,sensitivity_01,has_crRNA_hairpin,crRNA_spacer_basepairs,gRNA_MFE,target_basepairing_prob,specificity,match_against_hg38,match_against_bosTau9,antitag_pos1,variant,21A (Delta),21I (Delta),21J (Delta),21K (Omicron),21L (Omicron),21M (Omicron),position,alt_allele,num_delta_nextstrain,num_omicron_nextstrain,delta_allele,EPI_ISL_1544014,EPI_ISL_2695467,EPI_ISL_2693246,num_delta_twist,omicron_allele,EPI_ISL_6841980,EPI_ISL_7190366,EPI_ISL_7718520,num_omicron_twist,good_SNP (twist),delta_v_omicron,UCSC cov-lineages,twist in stock,potential SNP,delta tag,delta crRNA,delta NCR id,omicron tag,omicron crRNA,omicron NCR id
26747,GATCACCGGTGGAATTGCTA,UAGCAAUUCCACCGGUGAUC,+,UCGC,0.5,0.25,3156,5620,3,5,0.9985785359,0.9991115849,FALSE,6,-7.1,0.551,1,0,0,U,26767_C,1,1,1,0,0,0,26767,C,3,0,C,C,C,C,3,U,U,U,U,3,TRUE,delta,delta,delta,TRUE,G,uagaccaccccaaaaaugaaggggacuaaaagUAGCAAUUCCACCGGUGAUC,NCR_1653,A,uagaccaccccaaaaaugaaggggacuaaaaaUAGCAAUUCCACCGGUGAUC,NCR_1663
21598,TAGTCAGTGTGTTAATCTTA,UAAGAUUAACACACUGACUA,+,CAAC,0.3,0.45,8305,5581,12,35,0.9916488984,0.9937810945,TRUE,0,-6.6,0.4735,1,1,0,C,21618_G,1,1,1,0,0,0,21618,G,3,0,G,G,G,G,3,C,C,U,U,1,FALSE,,,delta,TRUE,C,uagaccaccccaaaaaugaaggggacuaaaacUAAGAUUAACACACUGACUA,NCR_1654,G,uagaccaccccaaaaaugaaggggacuaaaagUAAGAUUAACACACUGACUA,NCR_1664
5164,GTACTACCACACAACTGATC,GAUCAGUUGUGUGGUAGUAC,+,CUAG,0.45,0.2,24739,5618,4,6,0.9982231699,0.9989339019,FALSE,8,-9.7,0.612,1,0,0,C,5184_T,0,1,0,0,0,0,5184,U,1,0,C,U,C,U,1,C,C,C,C,3,FALSE,,,delta,TRUE,A,uagaccaccccaaaaaugaaggggacuaaaaaGAUCAGUUGUGUGGUAGUAC,NCR_1655,G,uagaccaccccaaaaaugaaggggacuaaaagGAUCAGUUGUGUGGUAGUAC,NCR_1665
9871,GCAATATAATAGATACTTAG,CUAAGUAUCUAUUAUAUUGC,+,CUCU,0.25,0.3,20032,5618,6,4,0.9982231699,0.9992892679,TRUE,0,-6.6,0.6005,1,1,0,C,9891_T,0,1,0,0,0,0,9891,U,1,0,C,U,C,U,1,C,C,C,C,3,FALSE,,,delta,TRUE,A,uagaccaccccaaaaaugaaggggacuaaaaaCUAAGUAUCUAUUAUAUUGC,NCR_1656,G,uagaccaccccaaaaaugaaggggacuaaaagCUAAGUAUCUAUUAUAUUGC,NCR_1666
23505,GCTGTTTAATAGGGGCTGAA,UUCAGCCCCUAUUAAACAGC,+,CAUG,0.45,0.3,6398,5625,3,0,0.999466951,1,TRUE,0,-6.6,0.4905,1,0,0,C,23525_T,0,0,0,1,1,1,23525,U,0,3,C,C,C,C,3,U,U,U,U,3,TRUE,omicron,omicron,omicron,TRUE,G,uagaccaccccaaaaaugaaggggacuaaaagUUCAGCCCCUAUUAAACAGC,NCR_1657,A,uagaccaccccaaaaaugaaggggacuaaaaaUUCAGCCCCUAUUAAACAGC,NCR_1667
27239,AGATATTACTAATTATTATG,CAUAAUAAUUAGUAAUAUCU,+,AGGA,0.15,0.45,2664,5620,5,3,0.9985785359,0.999466951,FALSE,5,-7.1,0.3415,1,0,0,A,27259_C,0,0,0,1,1,1,27259,C,0,3,A,A,A,A,3,C,C,C,C,3,TRUE,omicron,neither,omicron,TRUE,U,uagaccaccccaaaaaugaaggggacuaaaauCAUAAUAAUUAGUAAUAUCU,NCR_1658,G,uagaccaccccaaaaaugaaggggacuaaaagCAUAAUAAUUAGUAAUAUCU,NCR_1668
15220,TTCTATGGTGGTTGGCACAA,UUGUGCCAACCACCAUAGAA,+,CAUG,0.45,0.35,14683,5619,7,2,0.9984008529,0.999644634,FALSE,5,-9,0.7435,1,2,2,C,15240_T,0,0,0,1,0,0,15240,U,0,1,C,C,C,C,3,C,U,C,C,2,FALSE,,,omicron,TRUE,G,uagaccaccccaaaaaugaaggggacuaaaagUUGUGCCAACCACCAUAGAA,NCR_1659,A,uagaccaccccaaaaaugaaggggacuaaaaaUUGUGCCAACCACCAUAGAA,NCR_1669
21598,TAGTCAGTGTGTTAATCTTA,UAAGAUUAACACACUGACUA,+,CAAC,0.3,0.45,8305,5581,12,35,0.9916488984,0.9937810945,TRUE,0,-6.6,0.4735,1,1,0,C,21618_T,0,0,0,0,1,0,21618,U,0,1,C,G,G,G,0,C,C,U,U,1,FALSE,,,omicron,TRUE,C,uagaccaccccaaaaaugaaggggacuaaaacUAAGAUUAACACACUGACUA,NCR_1660,G,uagaccaccccaaaaaugaaggggacuaaaagUAAGAUUAACACACUGACUA,NCR_1670
23182,TTTCAACTTCAATGGTTTAA,UUAAACCAUUGAAGUUGAAA,+,CAGG,0.25,0.45,6721,5616,10,2,0.9978678038,0.999644634,FALSE,7,-7.4,0.5095,1,0,1,C,23202_A,0,0,0,1,0,0,23202,A,0,1,C,C,C,C,3,C,A,C,C,2,FALSE,,,omicron,TRUE,G,uagaccaccccaaaaaugaaggggacuaaaagUUAAACCAUUGAAGUUGAAA,NCR_1661,U,uagaccaccccaaaaaugaaggggacuaaaauUUAAACCAUUGAAGUUGAAA,NCR_1671
24404,CTTCAAGATGTGGTCAACCA,UGGUUGACCACAUCUUGAAG,+,AAAU,0.45,0.25,5499,5620,5,3,0.9985785359,0.999466951,FALSE,5,-8.8,0.5305,1,6,3,A,24424_T,0,0,0,1,1,0,24424,U,0,2,A,A,A,A,3,A,U,U,U,0,FALSE,omicron,omicron,omicron,TRUE,U,uagaccaccccaaaaaugaaggggacuaaaauUGGUUGACCACAUCUUGAAG,NCR_1662,A,uagaccaccccaaaaaugaaggggacuaaaaaUGGUUGACCACAUCUUGAAG,NCR_1672
28862,TCAACTCCAGGCAGCAGTAG,CUACUGCUGCCUGGAGUUGA,+,GGGA,0.55,0.15,1041,4474,1149,5,0.7949538024,0.9991115849,FALSE,13,-9.2,0.6515,0.8333333333,3,0,G,28882_A,0,0,0,1,1,1,28882,A,0,3,G,G,G,G,3,A,A,A,A,3,TRUE,omicron,both,omicron,TRUE,,,,,,
23579,AGTTATCAGACTCAGACTAA,UUAGUCUGAGUCUGAUAACU,+,UUCU,0.35,0.25,6324,5606,21,1,0.9960909737,0.999822317,FALSE,12,-10.8,0.4655,1,0,0,U,23599_G,0,0,0,1,1,1,23599,G,0,3,U,U,U,U,3,G,G,G,G,3,TRUE,omicron,omicron,omicron,TRUE,,,,,,
28861,TTCAACTCCAGGCAGCAGTA,UACUGCUGCCUGGAGUUGAA,+,GGGG,0.5,0.2,1042,5474,152,2,0.9726368159,0.999644634,FALSE,12,-9.1,0.6285,0.8333333333,8,0,G,28881_A,0,0,0,1,1,1,28881,A,0,3,G,U,U,U,0,A,A,A,A,3,FALSE,???,both,omicron,TRUE,,,,,,
23383,GGTTGCTGTTCTTTATCAGG,CCUGAUAAAGAACAGCAACC,+,AUGU,0.45,0.45,6520,5622,4,2,0.9989339019,0.999644634,TRUE,6,-7.1,0.5945,1,0,0,A,23403_G,1,1,1,1,1,1,23403,G,3,3,G,G,G,G,3,G,G,G,G,3,TRUE,both,both,both,FALSE,,,,,,
8762,GATTTTGACACATGGTTTAG,CUAAACCAUGUGUCAAAAUC,+,CCAG,0.35,0.4,21141,5610,17,1,0.9968017058,0.999822317,FALSE,5,-6.9,0.4295,0.8333333333,0,0,C,8782_C,0,0,0,1,1,1,8782,C,0,3,C,C,C,C,3,C,C,C,C,3,TRUE,both,neither,both,FALSE,,,,,,
14388,ATTCTCTACAGTGTTCCCAC,GUGGGAACACUGUAGAGAAU,+,CUAC,0.45,0.35,15515,5621,6,1,0.9987562189,0.999822317,TRUE,6,-9.2,0.6195,1,10,8,C,14408_T,0,0,0,1,1,1,14408,U,0,3,C,U,U,U,0,U,U,U,U,3,FALSE,,,both,FALSE,,,,,,
11312,GTTATGTATGCATCAGCTGT,ACAGCUGAUGCAUACAUAAC,+,AGUG,0.4,0.4,18591,5610,18,0,0.9968017058,1,TRUE,4,-8,0.6905,0.8333333333,0,0,A,11332_G,0,0,1,0,0,0,11332,G,1,0,A,A,G,A,2,A,A,A,A,3,FALSE,,,neither,FALSE,,,,,,
19200,CAATGTCGATAGATATCCTG,CAGGAUAUCUAUCGACAUUG,+,CUAA,0.4,0.3,10703,5622,3,3,0.9989339019,0.999466951,TRUE,0,-6.6,0.6705,1,0,0,C,19220_T,0,0,1,0,0,0,19220,U,1,0,C,C,U,C,2,C,C,C,C,3,FALSE,,,neither,FALSE,,,,,,
22207,TCTCCCTCAGGGTTTTTCGG,CCGAAAAACCCUGAGGGAGA,+,CUUU,0.55,0.4,7696,5602,15,11,0.9953802416,0.9980454869,FALSE,5,-9.9,0.4355,1,0,0,C,22227_T,0,1,0,0,0,0,22227,U,1,0,C,C,C,U,2,C,C,C,C,3,FALSE,,,neither,FALSE,,,,,,
22755,ATTCATTTGTAATTAGAGGT,ACCUCUAAUUACAAAUGAAU,+,GAUG,0.25,0.45,7148,5603,0,25,0.9955579247,0.9955579247,TRUE,0,-6.6,0.72,1,0,0,G,22775_A,0,0,0,0,1,0,22775,A,0,1,G,G,G,G,3,G,G,A,A,1,FALSE,,,neither,FALSE,,,,,,
28441,CACTCAACATGGCAAGGAAG,CUUCCUUGCCAUGUUGAGUG,+,ACCU,0.5,0.1,1462,5625,3,0,0.999466951,1,FALSE,12,-9.9,0.3655,0.8333333333,0,0,A,28461_G,1,1,1,0,0,0,28461,G,3,0,G,A,G,G,2,A,A,A,A,3,FALSE,,,neither,FALSE,,,,,,